invoice_id,customer_id,invoice_date,amount,segment,late_30,late_probability,risk_decile
INV0000686,C01662,2025-10-17,821.19,SMB,1,0.977502927782783,1
INV0001904,C00543,2025-06-26,422.88,SMB,1,0.9521136970861458,1
INV0000856,C01662,2025-08-05,9325.33,SMB,1,0.9474389282968969,1
INV0018105,C00469,2025-07-28,2261.74,SMB,1,0.9408366998643988,1
INV0006215,C01662,2025-09-30,1638.42,SMB,1,0.9380311834942392,1
INV0018452,C00214,2025-05-30,1495.32,SMB,1,0.9365906178269541,1
INV0004959,C02407,2025-06-19,355.12,SMB,1,0.9318856296368868,1
INV0013649,C00095,2025-06-04,2039.64,SMB,0,0.9300657366575635,1
INV0017344,C00512,2025-11-22,1602.43,SMB,1,0.9281412682798794,1
INV0006813,C01018,2025-11-09,858.07,SMB,1,0.9199139643113214,1
INV0006836,C02360,2025-10-28,4704.37,SMB,1,0.91976305041812,1
INV0013872,C01662,2025-06-28,3217.09,SMB,0,0.9189878384521579,1
INV0009024,C02360,2025-12-08,2351.76,SMB,1,0.9105141762182074,1
INV0014538,C01508,2025-10-10,6132.68,Mid-market,1,0.90975381586684,1
INV0007582,C00346,2025-07-26,2586.13,SMB,1,0.9093940264602577,1
INV0008839,C01371,2025-07-27,1570.69,SMB,1,0.908507241256275,1
INV0009739,C01662,2025-10-28,527.64,SMB,1,0.9064428049922834,1
INV0018982,C01071,2025-09-02,2815.39,SMB,1,0.9051038367854629,1
INV0005489,C00214,2025-07-25,284.29,SMB,1,0.9032967637689885,1
INV0015926,C00344,2025-10-21,4030.2,Mid-market,1,0.9016540900180456,1
INV0005924,C00415,2025-10-02,2087.37,SMB,0,0.9005619058523335,1
INV0010334,C00060,2025-07-18,4983.71,Mid-market,1,0.8993848694763092,1
INV0016742,C00369,2025-10-24,8686.89,Enterprise,1,0.894364400616358,1
INV0010442,C02140,2025-08-17,2687.28,SMB,1,0.894149117139546,1
INV0018802,C00167,2025-12-11,934.85,SMB,0,0.8918758122119467,1
INV0010981,C01227,2025-06-08,2306.19,Mid-market,1,0.8914415939832658,1
INV0003682,C00659,2025-10-05,6591.49,Mid-market,1,0.8908304527100515,1
INV0018748,C02108,2025-08-19,17244.94,Mid-market,1,0.8903351477871727,1
INV0003381,C00659,2025-06-20,768.59,Mid-market,1,0.8844824599941626,1
INV0008097,C02297,2025-08-23,19447.0,SMB,1,0.8832079969953923,1
INV0005847,C02433,2025-12-09,13645.1,SMB,1,0.8821702495002397,1
INV0000193,C00602,2025-07-27,1080.72,SMB,0,0.8807113279764496,1
INV0003020,C02124,2025-06-23,11270.04,Mid-market,1,0.8800316951815292,1
INV0014493,C00906,2025-07-14,693.47,SMB,1,0.8785829999086514,1
INV0019597,C01537,2025-10-22,725.23,SMB,1,0.8763142291305069,1
INV0018286,C02247,2025-06-03,1981.16,SMB,1,0.8757314136248526,1
INV0012156,C00167,2025-08-24,2347.36,SMB,1,0.8755745017079116,1
INV0005838,C01480,2025-09-17,2135.8,Mid-market,1,0.8737204550051484,1
INV0015325,C01543,2025-06-02,4696.33,SMB,1,0.8597900857590226,1
INV0013251,C00327,2025-12-21,15566.12,SMB,1,0.8595258805477942,1
INV0016689,C00214,2025-06-12,2385.64,SMB,1,0.8576656417014251,1
INV0015525,C00973,2025-07-23,2786.22,Mid-market,0,0.8571675781819654,1
INV0000522,C00327,2025-10-05,1225.63,SMB,1,0.8561664985382891,1
INV0011027,C00659,2025-12-27,8157.03,Mid-market,1,0.8556071138065604,1
INV0007235,C00214,2025-10-07,257.96,SMB,1,0.8546927383993748,1
INV0002952,C01480,2025-11-12,21783.29,Mid-market,1,0.8503071362143482,1
INV0010926,C00478,2025-08-08,11743.6,SMB,1,0.8493590588651682,1
INV0004471,C00257,2025-12-20,6980.93,SMB,1,0.8467732182599585,1
INV0001665,C00858,2025-07-19,3338.75,SMB,0,0.8450018118160455,1
INV0012743,C02090,2025-08-30,40153.16,SMB,1,0.8442028450224096,1
INV0014934,C00346,2025-07-30,259.5,SMB,1,0.8433275571325523,1
INV0001004,C00350,2025-09-13,4628.31,Mid-market,1,0.8432591357995901,1
INV0017398,C00328,2025-06-14,1964.33,SMB,1,0.8427366915497394,1
INV0007045,C00108,2025-08-07,307.14,SMB,1,0.8426121050861641,1
INV0004386,C01681,2025-07-04,1559.69,SMB,1,0.8419673310763609,1
INV0006379,C02220,2025-12-17,2550.36,Mid-market,1,0.8400613740465313,1
INV0007907,C00931,2025-06-15,562.27,Mid-market,1,0.8361040723886517,1
INV0012700,C00887,2025-12-04,2901.45,SMB,1,0.8342542871361784,1
INV0015987,C00220,2025-08-19,62896.02,Mid-market,0,0.8338415476302368,1
INV0002566,C00362,2025-10-20,1024.82,SMB,1,0.8320604440782955,1
INV0014107,C02360,2025-06-06,976.44,SMB,1,0.8306398426867687,1
INV0002825,C01152,2025-12-26,1832.4,SMB,1,0.8280865719264983,1
INV0004358,C00231,2025-11-08,6470.26,SMB,0,0.827763827198795,1
INV0017077,C01480,2025-10-24,3492.81,Mid-market,0,0.8277235224246127,1
INV0006726,C01789,2025-12-19,3533.2,SMB,1,0.8256774740746068,1
INV0019979,C01407,2025-06-25,1108.83,SMB,1,0.8231896774975968,1
INV0016824,C01392,2025-08-04,2908.86,Mid-market,1,0.8219382273574288,1
INV0001468,C02297,2025-12-05,2982.02,SMB,1,0.8217186867495831,1
INV0010812,C01508,2025-09-03,15150.47,Mid-market,1,0.818890014634958,1
INV0004493,C02036,2025-08-13,928.2,SMB,1,0.8185099573988069,1
INV0000308,C02412,2025-08-07,1738.66,Mid-market,0,0.8166802949612763,1
INV0003996,C01687,2025-07-13,3159.12,SMB,1,0.8164069142456537,1
INV0004583,C02046,2025-06-08,948.62,Mid-market,1,0.816400828590316,1
INV0012028,C01148,2025-12-12,765.03,SMB,0,0.8153751037164519,1
INV0011318,C00551,2025-06-24,2585.64,SMB,0,0.814857737565091,1
INV0013140,C01018,2025-05-30,1257.26,SMB,1,0.8128335722362315,1
INV0002714,C00864,2025-11-23,27772.9,Mid-market,0,0.8126743133522343,1
INV0004231,C01911,2025-11-02,3616.98,SMB,1,0.810520657499953,1
INV0015403,C00559,2025-06-28,965.1,SMB,1,0.807397378520799,1
INV0003815,C01151,2025-11-07,1483.94,SMB,1,0.8030311527850881,1
INV0012232,C00582,2025-10-20,349.77,SMB,1,0.8029204742459245,1
INV0018104,C01480,2025-09-09,3692.46,Mid-market,1,0.8022701059602224,1
INV0000949,C00328,2025-10-27,3455.14,SMB,1,0.8020446314711593,1
INV0005625,C01455,2025-11-01,5527.44,SMB,1,0.8005564392641363,1
INV0017976,C00297,2025-10-10,5644.83,Mid-market,1,0.797776291550362,1
INV0015408,C01371,2025-10-08,296.89,SMB,0,0.7977620329469705,1
INV0000309,C01391,2025-10-18,198.0,SMB,0,0.7957968202300936,1
INV0001344,C00752,2025-08-19,98275.66,Mid-market,0,0.7927020277824169,1
INV0012066,C02374,2025-08-20,1460.37,SMB,1,0.7918694134207024,1
INV0007876,C02296,2025-10-12,1220.74,SMB,1,0.7916828132028454,1
INV0000614,C02360,2025-07-16,1533.7,SMB,1,0.7906180365006793,1
INV0015453,C00906,2025-08-25,3201.17,SMB,1,0.788140220856262,1
INV0010943,C01603,2025-12-17,661.23,Mid-market,1,0.7879748115852919,1
INV0014581,C02247,2025-10-20,1386.01,SMB,1,0.7837300027272582,1
INV0011698,C01946,2025-09-09,1246.0,SMB,1,0.7835371979797376,1
INV0005170,C01789,2025-06-07,1255.29,SMB,1,0.7821169110836262,1
INV0009195,C00289,2025-08-09,2205.51,SMB,0,0.7808734905918975,1
INV0005022,C00400,2025-08-11,16914.22,Mid-market,1,0.7804415804423311,1
INV0010880,C00050,2025-12-01,5009.44,Mid-market,1,0.7802378874594856,1
INV0006221,C02247,2025-12-28,7592.52,SMB,1,0.780039635453044,1
INV0017130,C00031,2025-11-17,353.56,SMB,1,0.7776750911247061,1
INV0015033,C01731,2025-08-19,2165.1,Mid-market,1,0.7769314152305258,1
INV0016282,C01543,2025-10-05,1875.75,SMB,1,0.7757543838581251,1
INV0008595,C01418,2025-10-18,277.25,SMB,1,0.7749916943638206,1
INV0006564,C00354,2025-12-25,233.19,SMB,1,0.7736143564229387,1
INV0015732,C00903,2025-06-27,1054.83,SMB,1,0.772495223307252,1
INV0012511,C01161,2025-07-01,3337.06,Mid-market,1,0.7718711197121425,1
INV0010494,C00167,2025-12-21,889.86,SMB,1,0.7713889055872853,1
INV0008994,C00464,2025-08-07,1075.57,SMB,1,0.7689323244146855,1
INV0014361,C01681,2025-06-09,2236.07,SMB,1,0.7680190538663039,1
INV0001126,C01999,2025-06-27,14264.86,Enterprise,1,0.7676035212448732,1
INV0010092,C01490,2025-09-23,1715.07,SMB,1,0.7646466884011978,1
INV0005454,C02207,2025-12-16,4394.49,Enterprise,1,0.7640423460377401,1
INV0002441,C00146,2025-06-09,7489.02,Mid-market,1,0.7638288800223628,1
INV0014146,C01856,2025-06-25,599.8,Mid-market,1,0.7638145331180184,1
INV0014396,C02262,2025-09-01,198.36,SMB,0,0.7575385390344126,1
INV0012590,C00047,2025-11-06,3520.68,SMB,1,0.7570769075722138,1
INV0006163,C00478,2025-06-01,1682.22,SMB,1,0.7565344799376149,1
INV0004681,C01151,2025-07-14,5613.0,SMB,0,0.7550056597840353,1
INV0012817,C02247,2025-09-13,3483.18,SMB,1,0.7529545839590845,1
INV0009479,C01615,2025-10-05,6768.11,SMB,1,0.7508631370513505,1
INV0006905,C01598,2025-10-11,1733.49,Mid-market,1,0.7508459177142062,1
INV0007243,C00931,2025-11-23,5387.91,Mid-market,1,0.7504621560453038,1
INV0009240,C00363,2025-07-01,6619.07,SMB,1,0.7499326608244824,1
INV0003574,C01970,2025-12-19,5659.24,SMB,1,0.7497415523607208,1
INV0005735,C02204,2025-06-08,1498.57,SMB,1,0.7493364894090747,1
INV0013814,C02478,2025-11-27,511.72,SMB,1,0.7491193897139496,1
INV0001399,C00191,2025-07-05,1358.73,Mid-market,0,0.7490821004652828,1
INV0014567,C01570,2025-08-02,2439.16,SMB,1,0.7489241978377373,1
INV0007653,C00731,2025-09-08,1808.74,SMB,1,0.7488146949525929,1
INV0019165,C02175,2025-07-13,1856.66,SMB,1,0.7485775169554492,1
INV0003594,C00047,2025-05-30,10764.37,SMB,1,0.7468095371825063,1
INV0012011,C01081,2025-09-23,6043.8,Enterprise,1,0.7465580583829704,1
INV0011728,C02207,2025-08-12,2589.51,Enterprise,0,0.7456623963103617,1
INV0005142,C01407,2025-06-29,977.57,SMB,1,0.744308086768184,1
INV0017437,C01490,2025-09-26,1596.71,SMB,1,0.7413543028293541,1
INV0004731,C00146,2025-10-16,5601.65,Mid-market,1,0.7410981980540693,1
INV0015341,C02156,2025-12-03,636.68,SMB,1,0.7410824531247586,1
INV0008517,C00311,2025-09-02,12249.66,SMB,0,0.7409422815770321,1
INV0004894,C00087,2025-07-24,27878.25,SMB,0,0.7402922650910878,1
INV0019710,C00898,2025-06-05,399.36,SMB,1,0.7401252784977495,1
INV0017996,C01178,2025-08-01,13441.56,Mid-market,1,0.7395826627991193,1
INV0011413,C02124,2025-12-23,640.79,Mid-market,1,0.7394012129061467,1
INV0014658,C00869,2025-09-07,1882.37,SMB,1,0.7390215641657962,1
INV0008067,C01227,2025-12-28,3440.72,Mid-market,1,0.73879382439365,1
INV0017351,C01577,2025-11-04,1172.15,SMB,1,0.7373113742932297,1
INV0002674,C01490,2025-12-28,341.47,SMB,1,0.735398515515725,1
INV0007781,C01018,2025-08-22,4710.91,SMB,1,0.7350118832643933,1
INV0000213,C00060,2025-09-16,1407.37,Mid-market,1,0.7349330776792689,1
INV0002283,C01123,2025-07-04,5592.43,Mid-market,1,0.7347171241686294,1
INV0014964,C02199,2025-08-24,1679.42,SMB,0,0.7338202113857872,1
INV0015057,C00167,2025-11-20,686.42,SMB,0,0.7330883646355268,1
INV0019433,C01605,2025-05-28,1134.64,SMB,1,0.7327808970115806,1
INV0000559,C01946,2025-09-19,1378.4,SMB,1,0.7326903017827914,1
INV0015781,C01949,2025-07-04,14651.46,Enterprise,0,0.7321462875358806,1
INV0019397,C00360,2025-05-26,2561.29,Mid-market,1,0.7311900723070657,1
INV0006637,C01891,2025-10-16,1848.62,SMB,0,0.7307937559804812,1
INV0017780,C02478,2025-07-08,396.27,SMB,1,0.7307741274536792,1
INV0012857,C02350,2025-08-02,1007.49,SMB,1,0.7300604287305128,1
INV0014603,C01692,2025-07-08,3121.38,SMB,0,0.7296943263101549,1
INV0007773,C02033,2025-12-23,12574.25,Mid-market,0,0.7291039026615471,1
INV0011096,C01755,2025-09-18,1023.05,SMB,1,0.7280394706879549,1
INV0002299,C01570,2025-12-23,1841.46,SMB,1,0.7275290665138446,1
INV0011822,C02191,2025-06-29,1651.86,Mid-market,1,0.7273333879300528,1
INV0012901,C02296,2025-07-30,1262.44,SMB,1,0.727229956665706,1
INV0009005,C01946,2025-10-10,21054.18,SMB,1,0.7272087824530354,1
INV0016316,C00261,2025-08-17,1058.77,SMB,1,0.7271449721111934,1
INV0004768,C01407,2025-10-31,6937.58,SMB,0,0.7267651379865665,1
INV0009298,C00069,2025-11-04,7837.18,SMB,0,0.7266875454329392,1
INV0014244,C01878,2025-06-04,13790.33,Mid-market,0,0.7260950556175001,1
INV0018912,C00486,2025-07-11,838.28,SMB,1,0.7257854523367383,1
INV0015547,C00069,2025-11-22,863.58,SMB,1,0.7250586362045162,1
INV0013705,C00610,2025-07-16,1417.8,Mid-market,0,0.7249938731445469,1
INV0006876,C01799,2025-10-29,846.54,SMB,1,0.7248969171727108,1
INV0005143,C00512,2025-09-26,471.9,SMB,1,0.7246857262012518,1
INV0015381,C02278,2025-08-19,2047.95,SMB,0,0.7226620931644022,1
INV0017087,C00813,2025-09-11,2284.1,SMB,1,0.7212003763141451,1
INV0001195,C02424,2025-10-07,1065.45,Mid-market,1,0.7210370318167016,1
INV0019044,C00415,2025-08-30,2704.9,SMB,1,0.7205960056511211,1
INV0012842,C02290,2025-09-07,93196.67,Enterprise,1,0.7193115386669373,1
INV0018649,C01630,2025-10-18,2595.12,Mid-market,0,0.7192223120514386,1
INV0010554,C00911,2025-07-27,7265.94,SMB,1,0.719121525218702,1
INV0006481,C01971,2025-10-21,21097.48,Mid-market,1,0.7190423434218376,1
INV0017115,C00464,2025-12-07,2395.65,SMB,0,0.7188778576909637,1
INV0011863,C01681,2025-07-01,3243.44,SMB,1,0.7169870490546985,1
INV0008771,C00202,2025-05-29,3697.85,SMB,1,0.7143321653038729,1
INV0000215,C01937,2025-06-11,2161.06,SMB,1,0.7138861711859502,1
INV0001413,C00128,2025-12-21,5250.55,SMB,1,0.713258600899953,1
INV0003864,C02296,2025-09-19,921.63,SMB,1,0.712202657886063,1
INV0015667,C01371,2025-10-14,1777.53,SMB,1,0.712085401212535,1
INV0018715,C00220,2025-12-12,4010.56,Mid-market,1,0.7109873002484732,1
INV0016400,C00191,2025-07-02,1218.67,Mid-market,1,0.7107333882425287,1
INV0000075,C00366,2025-10-04,864.08,SMB,1,0.7101976388270134,1
INV0012108,C00257,2025-10-03,26684.48,SMB,0,0.7100880292398869,1
INV0017411,C01615,2025-10-28,4046.72,SMB,1,0.7095702807259942,1
INV0011785,C00892,2025-10-15,1372.68,Mid-market,0,0.7092106541088914,1
INV0007411,C01955,2025-11-18,5428.63,SMB,1,0.7090866592105439,1
INV0000933,C01681,2025-11-08,2692.68,SMB,1,0.7089580057935571,1
INV0018462,C01532,2025-12-27,2733.97,Mid-market,1,0.7083429768706698,1
INV0016612,C00189,2025-12-24,2007.81,SMB,1,0.707719259642197,1
INV0009984,C02459,2025-10-07,12318.78,Mid-market,1,0.7076866443600277,1
INV0013656,C02303,2025-12-19,510.21,SMB,1,0.7076629311427535,1
INV0000479,C01443,2025-11-01,6819.97,SMB,0,0.7076037156246459,1
INV0003181,C00363,2025-11-04,1144.0,SMB,1,0.7075063848822193,1
INV0003852,C01916,2025-10-29,9225.66,SMB,0,0.7071175054107413,1
INV0019602,C02199,2025-12-28,381.62,SMB,1,0.7056181024866889,1
INV0010301,C01254,2025-07-17,11638.71,Mid-market,0,0.7051130833842775,1
INV0009355,C01755,2025-12-29,671.06,SMB,1,0.7037873308062055,1
INV0016216,C00089,2025-07-13,599.91,SMB,1,0.7025138564969585,1
INV0009406,C00864,2025-08-04,2663.09,Mid-market,0,0.7018810712872717,1
INV0008387,C00433,2025-06-17,2300.63,SMB,1,0.7006234542385174,1
INV0013008,C01123,2025-09-02,6572.36,Mid-market,1,0.7003423416770007,1
INV0019746,C00682,2025-10-19,5234.33,SMB,0,0.6996327702756838,1
INV0012942,C01422,2025-10-06,1076.03,SMB,1,0.6996066237800844,1
INV0006235,C02060,2025-07-09,1675.9,SMB,0,0.6995778958404052,1
INV0006783,C02217,2025-10-23,1257.67,SMB,1,0.6982792526297034,1
INV0010950,C02170,2025-11-03,2319.7,Enterprise,1,0.6979944154452846,1
INV0001818,C02170,2025-12-13,22192.57,Enterprise,1,0.6978483076624651,1
INV0005942,C02262,2025-06-13,19340.17,SMB,1,0.6974980727433014,1
INV0005382,C01236,2025-08-29,4379.96,SMB,1,0.6970556962482718,1
INV0015227,C01148,2025-08-11,8431.16,SMB,1,0.6955645486461928,1
INV0006821,C01716,2025-06-29,5786.69,SMB,1,0.6954290330214989,1
INV0019838,C01383,2025-09-22,1273.57,SMB,1,0.6950222953544806,1
INV0007866,C00127,2025-09-29,2795.18,SMB,1,0.6949311397953093,1
INV0011705,C01313,2025-08-07,1174.53,SMB,0,0.6943046591776151,1
INV0016486,C02350,2025-06-24,940.72,SMB,1,0.6942728258266885,1
INV0016666,C02222,2025-07-26,1338.55,SMB,1,0.6934164259350768,1
INV0000295,C02317,2025-09-27,2129.44,SMB,1,0.6928599258528211,1
INV0017123,C01958,2025-10-12,28448.68,Enterprise,1,0.6922283587642755,1
INV0008835,C00189,2025-09-14,1360.01,SMB,1,0.6919201165446646,1
INV0014451,C00127,2025-11-23,226.46,SMB,1,0.6918533842234333,1
INV0017607,C02185,2025-11-13,3592.92,SMB,0,0.6899423463506426,1
INV0019951,C01212,2025-09-15,796.42,SMB,0,0.6898498507545731,1
INV0003600,C00074,2025-07-02,903.62,SMB,1,0.6886632280532392,1
INV0004925,C00329,2025-08-05,1025.04,SMB,1,0.6884009651163565,1
INV0002782,C01703,2025-07-21,4721.28,Mid-market,1,0.6881748525638471,1
INV0001796,C02466,2025-06-18,4840.86,Mid-market,1,0.6868931536022356,1
INV0008210,C01760,2025-05-26,11945.92,SMB,0,0.6867476175169741,1
INV0000660,C00350,2025-10-29,2555.5,Mid-market,1,0.6866014962797641,1
INV0016805,C01878,2025-08-15,8383.8,Mid-market,1,0.6850495264117091,1
INV0007251,C02262,2025-07-12,620.87,SMB,1,0.685012045653977,1
INV0013644,C02248,2025-10-03,516.1,SMB,0,0.6848248124057168,1
INV0019339,C00704,2025-08-25,15097.34,SMB,1,0.6847836247958282,1
INV0000344,C01090,2025-09-12,1117.02,SMB,1,0.6832620651588946,1
INV0000380,C00300,2025-06-07,4946.98,Mid-market,0,0.683116049586622,1
INV0000174,C00547,2025-11-06,2334.56,SMB,1,0.6828615193709953,1
INV0016723,C01285,2025-12-16,2719.08,SMB,1,0.681799107322459,1
INV0004206,C00601,2025-06-10,4036.78,Enterprise,1,0.6805024614596449,1
INV0008673,C02150,2025-06-18,3366.09,SMB,1,0.6801673257390174,1
INV0009182,C01980,2025-09-30,1761.72,SMB,1,0.6794503490452078,1
INV0017659,C00864,2025-07-28,455.3,Mid-market,0,0.6786713149703346,1
INV0004106,C00527,2025-10-04,6039.6,SMB,1,0.6782924259402302,1
INV0016072,C02379,2025-08-21,927.32,SMB,0,0.677858812840193,1
INV0010156,C02441,2025-08-12,9991.17,Mid-market,0,0.6777473924987826,1
INV0006562,C00601,2025-06-24,16052.08,Enterprise,1,0.6774859976268345,1
INV0010359,C02071,2025-09-13,1465.7,SMB,1,0.6765279704370949,1
INV0005821,C02025,2025-11-06,5107.25,SMB,1,0.6761651522772371,1
INV0015060,C01328,2025-08-07,2247.69,Mid-market,1,0.6748446228751595,1
INV0017513,C01144,2025-09-13,1419.85,Mid-market,0,0.6745353323441933,1
INV0012713,C02459,2025-08-22,3110.86,Mid-market,1,0.6736482963442365,1
INV0019760,C02478,2025-07-02,1353.58,SMB,0,0.6728198956402286,1
INV0003269,C00314,2025-11-30,395.0,SMB,1,0.6716102207467732,1
INV0000611,C00364,2025-10-28,1657.82,Mid-market,0,0.6713934398589179,1
INV0019443,C01477,2025-11-27,3025.31,Mid-market,1,0.6708368649575545,1
INV0000638,C00486,2025-07-14,5239.33,SMB,1,0.6697821637126655,1
INV0006805,C00647,2025-07-23,1070.26,SMB,1,0.6693497970332669,1
INV0009460,C00682,2025-07-13,1014.09,SMB,1,0.6692943421792716,1
INV0019175,C02214,2025-07-16,9267.25,SMB,0,0.6690297510121865,1
INV0013596,C00361,2025-11-21,24201.37,Enterprise,0,0.6682187361668668,1
INV0003403,C00500,2025-09-26,3403.09,Mid-market,1,0.6681404009535657,1
INV0001431,C00407,2025-08-23,2248.39,SMB,0,0.6677576261440885,1
INV0016288,C00478,2025-10-23,3771.65,SMB,0,0.6676520589866342,1
INV0001182,C00704,2025-11-21,1420.96,SMB,1,0.6671485960775737,1
INV0002788,C00369,2025-08-22,29416.8,Enterprise,1,0.6660835174891679,1
INV0001868,C00132,2025-05-30,1996.5,SMB,1,0.6660711242950743,1
INV0005912,C00331,2025-09-28,1603.14,SMB,0,0.6657548174095119,1
INV0010490,C00602,2025-07-18,1161.38,SMB,1,0.665735556819085,1
INV0004711,C01422,2025-06-05,1398.22,SMB,1,0.664613344411542,1
INV0007427,C00911,2025-09-21,1084.43,SMB,1,0.6642831350524523,1
INV0005503,C01422,2025-12-19,2462.84,SMB,1,0.6642358788530144,1
INV0014559,C01515,2025-12-07,2869.47,SMB,1,0.6639779086896334,1
INV0010203,C00486,2025-08-21,2486.84,SMB,1,0.6629889173883902,1
INV0008712,C00558,2025-08-15,10414.96,Mid-market,1,0.662318191777849,1
INV0008754,C00289,2025-10-14,2023.84,SMB,1,0.6612583673499235,1
INV0010446,C01758,2025-09-12,1177.38,SMB,0,0.6611254450971216,1
INV0009893,C02441,2025-07-18,4042.97,Mid-market,1,0.6611253921790646,1
INV0019237,C02382,2025-12-09,9437.63,Mid-market,0,0.6609693543881368,1
INV0003116,C02424,2025-11-13,3158.39,Mid-market,0,0.6605874110951624,1
INV0011122,C00634,2025-07-30,2459.16,Mid-market,1,0.660391998058482,1
INV0009655,C01392,2025-12-19,1425.26,Mid-market,0,0.6602514010684539,1
INV0012810,C00525,2025-05-30,7397.77,SMB,1,0.659086203377035,1
INV0001694,C00732,2025-09-01,1719.39,SMB,1,0.6585723575416301,1
INV0012201,C00349,2025-11-23,15692.24,Mid-market,1,0.6570467696528338,1
INV0006798,C01203,2025-10-04,3051.86,SMB,0,0.6565471145748178,1
INV0003904,C02273,2025-08-23,1521.18,SMB,1,0.6560181129913986,1
INV0016428,C02477,2025-11-30,269.86,SMB,1,0.6539512539978037,1
INV0001008,C01758,2025-10-08,1924.77,SMB,0,0.6538994751699463,1
INV0010256,C01935,2025-12-08,660.79,SMB,0,0.6531557192888878,1
INV0007150,C01576,2025-06-17,1087.07,SMB,0,0.652745787096125,1
INV0007512,C00588,2025-12-16,7137.52,SMB,0,0.6527286803891152,1
INV0016245,C00911,2025-08-19,189.3,SMB,1,0.6524501927848937,1
INV0007026,C00342,2025-08-17,3247.25,SMB,0,0.6521676779392236,1
INV0018640,C01960,2025-06-30,10529.26,Enterprise,1,0.6514238889594881,1
INV0007951,C01615,2025-06-09,660.02,SMB,1,0.6503090556733321,1
INV0003123,C00446,2025-07-19,24855.38,SMB,0,0.6501903659467839,1
INV0019659,C00478,2025-07-07,3197.28,SMB,0,0.6501866743134993,1
INV0005145,C02249,2025-09-23,3588.82,SMB,0,0.6498716784433644,1
INV0007639,C00075,2025-06-26,4720.8,SMB,0,0.6498300177146495,1
INV0015442,C01377,2025-07-05,4133.43,SMB,1,0.6493665725824982,1
INV0011216,C02051,2025-05-30,616.3,SMB,0,0.64805440736617,1
INV0009918,C01369,2025-12-26,3108.57,SMB,0,0.6470090729025902,1
INV0002124,C00905,2025-06-04,1391.8,SMB,0,0.6468936071481206,1
INV0008120,C01444,2025-08-04,510.89,SMB,1,0.6465785220840906,1
INV0005339,C00953,2025-11-15,5332.6,SMB,1,0.6461652293895536,1
INV0006294,C01395,2025-12-18,5030.68,Mid-market,1,0.6459501667689737,1
INV0001487,C02046,2025-07-13,5602.85,Mid-market,1,0.6454520962267409,1
INV0014542,C02185,2025-08-26,1040.58,SMB,0,0.6434584224740123,1
INV0019721,C01043,2025-07-29,1504.59,Mid-market,1,0.6429434224522615,1
INV0002773,C02274,2025-11-25,1438.99,Mid-market,0,0.6428386150860318,1
INV0011914,C01882,2025-11-21,3185.83,Mid-market,0,0.6427592822275594,1
INV0001444,C00257,2025-11-10,850.16,SMB,1,0.6423784501655958,1
INV0004630,C01369,2025-06-23,1245.1,SMB,0,0.6421192931912004,1
INV0001048,C01450,2025-05-26,1415.54,Mid-market,1,0.6420017914887419,1
INV0003827,C01591,2025-10-24,58306.12,SMB,0,0.6418218743067727,1
INV0018044,C02460,2025-10-04,2429.27,SMB,0,0.6394882182775374,1
INV0010500,C01206,2025-09-12,4740.04,Enterprise,1,0.6393064459413766,1
INV0003371,C02278,2025-06-30,7019.54,SMB,1,0.6386990604114372,1
INV0007754,C00277,2025-11-09,1444.92,SMB,0,0.6384626519443071,1
INV0011447,C00378,2025-06-16,768.29,SMB,1,0.6381715863218709,1
INV0006999,C00698,2025-12-06,5319.67,SMB,0,0.6377213075144403,1
INV0009958,C00143,2025-11-23,8378.8,Mid-market,0,0.6373699203425016,1
INV0014093,C01577,2025-12-22,5683.23,SMB,1,0.6373485889282154,1
INV0011472,C01759,2025-08-08,510.86,SMB,1,0.6367900248295942,1
INV0013000,C00031,2025-06-28,2255.83,SMB,1,0.6367198523846477,1
INV0013698,C00935,2025-12-21,2150.84,Mid-market,1,0.636674664524329,1
INV0002775,C00127,2025-07-13,1098.24,SMB,0,0.6366715411377596,1
INV0003534,C00500,2025-09-10,2950.08,Mid-market,0,0.6351741316286408,1
INV0018368,C01955,2025-10-17,1523.9,SMB,1,0.6351024161459801,1
INV0003025,C01591,2025-12-16,8740.51,SMB,0,0.6345926323822499,1
INV0010376,C01545,2025-09-29,3039.84,SMB,1,0.632688026832144,1
INV0001751,C01847,2025-12-08,2380.05,Mid-market,1,0.6322976127093989,1
INV0007971,C01289,2025-06-05,2510.34,SMB,1,0.632238562045703,1
INV0015990,C01185,2025-11-26,544.07,SMB,1,0.63170620981585,1
INV0001928,C01953,2025-09-03,3389.63,SMB,0,0.6312172680877084,1
INV0009238,C00079,2025-09-16,2031.21,SMB,1,0.6311202323715073,1
INV0005805,C00608,2025-07-13,1515.37,SMB,0,0.6308975737032038,1
INV0004053,C02220,2025-12-03,16654.05,Mid-market,0,0.6308721126848771,1
INV0012150,C02278,2025-07-05,334.16,SMB,1,0.6308699709188881,1
INV0009518,C01669,2025-08-05,4180.1,SMB,0,0.6290914239586847,1
INV0018520,C00293,2025-11-18,2465.66,SMB,1,0.6280795521401031,1
INV0000422,C02048,2025-08-14,7331.1,SMB,0,0.6247181997217722,1
INV0001555,C00665,2025-05-27,4016.45,SMB,1,0.6243401806572371,1
INV0008069,C01130,2025-09-19,1103.11,SMB,0,0.624053062617499,1
INV0011522,C00749,2025-12-07,1651.64,SMB,1,0.624051465372852,1
INV0013015,C00568,2025-09-21,2406.0,Mid-market,1,0.6240432452718165,1
INV0010625,C00555,2025-07-03,6260.47,Enterprise,0,0.6238493406636804,1
INV0019858,C01402,2025-08-30,6025.15,SMB,1,0.6238335376780875,1
INV0003202,C00460,2025-10-20,2203.17,SMB,1,0.6238085400234034,1
INV0010793,C02471,2025-10-04,1174.9,SMB,0,0.6233601973035937,1
INV0012622,C01186,2025-08-27,5884.01,Mid-market,0,0.623268924707053,1
INV0013011,C00191,2025-10-18,20497.35,Mid-market,0,0.622526523782651,1
INV0001566,C00645,2025-10-27,326.03,SMB,1,0.6225163415194136,1
INV0007432,C00732,2025-10-22,1723.98,SMB,0,0.6220478741437542,1
INV0004625,C01565,2025-08-13,8697.17,Mid-market,0,0.6219269322476538,1
INV0003309,C02306,2025-09-05,886.2,SMB,1,0.6218669001544433,1
INV0002616,C01953,2025-07-06,772.7,SMB,1,0.6215872152269273,1
INV0007570,C00782,2025-10-31,904.81,Mid-market,1,0.6204480975430718,1
INV0012689,C00300,2025-11-29,15737.19,Mid-market,1,0.6199717632806024,1
INV0004967,C00300,2025-11-22,493.21,Mid-market,0,0.6196176328933304,1
INV0007348,C01942,2025-07-10,5101.82,Mid-market,1,0.6196015765614499,1
INV0015224,C00220,2025-07-24,2940.25,Mid-market,1,0.619443073538037,1
INV0007354,C00945,2025-12-15,1741.35,SMB,0,0.6191257926137371,1
INV0002417,C00425,2025-07-23,2926.86,SMB,0,0.6186818700518182,1
INV0016123,C02051,2025-08-04,55981.64,SMB,0,0.6184746797757342,1
INV0013878,C00261,2025-10-08,1286.55,SMB,1,0.6183455446302679,1
INV0002571,C02090,2025-12-25,6648.82,SMB,1,0.6182257285585531,1
INV0008785,C02424,2025-07-07,6567.9,Mid-market,1,0.6180115063030229,1
INV0013702,C00444,2025-09-13,3909.92,SMB,1,0.6177583440691656,1
INV0011532,C00416,2025-12-18,1340.2,SMB,1,0.6174520397370995,1
INV0006555,C00677,2025-10-10,8241.79,SMB,1,0.6173694365161474,1
INV0002395,C01209,2025-06-13,7234.49,Enterprise,1,0.6173108448941297,1
INV0009757,C00407,2025-06-08,1719.57,SMB,1,0.6167127434581333,1
INV0010026,C01148,2025-11-20,1198.7,SMB,0,0.6163158924692667,1
INV0010544,C00926,2025-11-11,703.05,SMB,1,0.6158754162019775,1
INV0016535,C01948,2025-11-27,1047.24,SMB,1,0.6156466970994461,1
INV0011092,C00433,2025-07-12,989.27,SMB,0,0.615004952575096,1
INV0011769,C01669,2025-08-31,553.04,SMB,1,0.6134931538584132,1
INV0013985,C01751,2025-07-22,2866.52,SMB,0,0.6132735518833559,1
INV0011197,C00364,2025-08-26,8162.24,Mid-market,0,0.6130411646946192,1
INV0008459,C00049,2025-09-14,950.66,SMB,0,0.6129712807009734,1
INV0018891,C02107,2025-06-25,4078.39,Enterprise,0,0.6129254421228019,1
INV0008194,C01617,2025-06-14,770.29,SMB,0,0.612005553008288,1
INV0001246,C00858,2025-11-04,5963.21,SMB,0,0.6119519959360527,1
INV0010662,C00231,2025-06-02,5420.3,SMB,1,0.611613941596327,2
INV0003990,C02210,2025-07-12,745.58,SMB,1,0.6110308525797572,2
INV0011231,C00199,2025-07-22,2718.26,SMB,1,0.6108476094399213,2
INV0010314,C01707,2025-08-10,594.52,Mid-market,1,0.6105208949775185,2
INV0018448,C01939,2025-09-29,1422.87,SMB,1,0.6103771294600195,2
INV0010182,C00588,2025-10-14,856.88,SMB,0,0.6090391341813082,2
INV0013198,C02464,2025-11-17,2910.01,SMB,1,0.6084523771432165,2
INV0013686,C01631,2025-08-16,2313.8,Mid-market,1,0.6080135742441298,2
INV0015271,C01515,2025-05-27,361.03,SMB,0,0.6074605375801195,2
INV0009193,C00512,2025-10-16,12210.39,SMB,0,0.6067457725600415,2
INV0003613,C00602,2025-11-06,356.26,SMB,1,0.6062817051355606,2
INV0010484,C00634,2025-07-29,3555.25,Mid-market,1,0.6062720693674267,2
INV0007783,C00520,2025-12-11,25479.92,SMB,0,0.605383752022198,2
INV0014326,C02385,2025-11-11,344.49,SMB,1,0.6043329105454641,2
INV0000892,C01865,2025-08-04,1911.64,Mid-market,1,0.6042738237086976,2
INV0011678,C01263,2025-06-19,199.94,SMB,0,0.6027260859956948,2
INV0008779,C01272,2025-08-12,22785.01,SMB,0,0.6016186273994842,2
INV0016023,C01949,2025-06-02,8961.97,Enterprise,1,0.6015990375560365,2
INV0016748,C00052,2025-12-12,734.18,SMB,0,0.6015801224340028,2
INV0015292,C01603,2025-10-01,3235.71,Mid-market,0,0.6013551653860367,2
INV0013284,C00075,2025-09-27,1760.83,SMB,0,0.6008955215605981,2
INV0001338,C00407,2025-10-02,17990.79,SMB,1,0.600895454172405,2
INV0016860,C02374,2025-10-13,1437.23,SMB,1,0.6008038904586509,2
INV0014941,C01136,2025-11-29,2339.57,Mid-market,1,0.6005583553192085,2
INV0008350,C00184,2025-06-28,1071.85,SMB,1,0.5999626071810045,2
INV0019563,C00119,2025-12-10,2332.1,Mid-market,0,0.5977287502440909,2
INV0011622,C02369,2025-09-21,2533.15,SMB,0,0.5972953230729663,2
INV0005887,C00002,2025-07-13,4579.61,SMB,1,0.5963219728517523,2
INV0004090,C01203,2025-09-26,6506.33,SMB,1,0.595445129821242,2
INV0012131,C01979,2025-07-11,1455.03,SMB,0,0.5953179480021489,2
INV0010650,C00642,2025-07-20,219.52,SMB,1,0.5948073419033458,2
INV0007331,C00568,2025-10-05,1309.25,Mid-market,1,0.5942681020527617,2
INV0017219,C01603,2025-08-06,5999.07,Mid-market,1,0.5942424010315652,2
INV0013720,C00193,2025-08-22,5595.58,SMB,0,0.5934438427737777,2
INV0017000,C02211,2025-08-22,8487.89,SMB,1,0.5933910761064153,2
INV0016942,C00362,2025-06-05,669.52,SMB,0,0.5933344294506305,2
INV0010535,C02278,2025-10-14,4206.16,SMB,1,0.5931815348557662,2
INV0002983,C01144,2025-07-24,3606.01,Mid-market,0,0.592868376273941,2
INV0018950,C00343,2025-10-05,2900.23,SMB,1,0.5927692248675505,2
INV0007017,C00682,2025-06-30,2742.08,SMB,1,0.5926454208292451,2
INV0005615,C01879,2025-07-21,5512.4,Enterprise,1,0.5926041066211196,2
INV0004464,C02317,2025-12-19,13597.41,SMB,1,0.5922697445685884,2
INV0016974,C00400,2025-09-10,1867.97,Mid-market,0,0.5922607845708311,2
INV0008897,C00500,2025-08-09,5237.84,Mid-market,1,0.5922347876584796,2
INV0009379,C02303,2025-08-11,266.16,SMB,1,0.5922329052111868,2
INV0004179,C01529,2025-07-03,3330.65,SMB,0,0.5916852453660524,2
INV0007629,C01948,2025-10-02,1800.76,SMB,1,0.5915472722318724,2
INV0002504,C01205,2025-08-22,3023.2,Mid-market,0,0.5910572115487037,2
INV0014465,C01677,2025-12-01,24053.48,Mid-market,1,0.5907626459265938,2
INV0001845,C00982,2025-10-10,19176.46,Mid-market,1,0.590266014079386,2
INV0004589,C00731,2025-07-27,13251.04,SMB,1,0.5902258915618134,2
INV0002861,C00475,2025-08-29,679.2,SMB,1,0.5877269633825726,2
INV0006495,C00568,2025-11-19,1358.08,Mid-market,1,0.5871001220114495,2
INV0017197,C01601,2025-08-10,1172.38,SMB,1,0.5870363688274705,2
INV0018095,C01615,2025-06-28,2167.27,SMB,0,0.5868777429463348,2
INV0003287,C01742,2025-08-18,2754.34,SMB,0,0.5866154127763802,2
INV0017951,C01789,2025-12-28,1496.02,SMB,0,0.5863360131148677,2
INV0001846,C00319,2025-11-26,2336.15,SMB,1,0.5859999255162537,2
INV0001199,C00602,2025-06-26,281.28,SMB,1,0.5857626133623853,2
INV0003860,C00601,2025-08-29,47827.77,Enterprise,0,0.5831256204514671,2
INV0018187,C02382,2025-10-29,6750.59,Mid-market,1,0.5829094496083226,2
INV0002546,C00931,2025-09-08,2544.19,Mid-market,0,0.5827092941872098,2
INV0007061,C00397,2025-09-28,1534.37,SMB,1,0.5826860249871014,2
INV0000661,C00144,2025-07-09,3073.69,SMB,1,0.5825064356400478,2
INV0000072,C01325,2025-06-05,50479.02,Mid-market,0,0.5825022285811515,2
INV0012014,C02317,2025-07-09,582.17,SMB,1,0.5817229429343068,2
INV0006371,C00444,2025-08-19,2140.38,SMB,0,0.581397879142179,2
INV0005281,C00602,2025-06-03,1026.8,SMB,1,0.5813685434881324,2
INV0014247,C00357,2025-08-03,2147.99,SMB,1,0.5813052756444054,2
INV0014415,C01893,2025-06-03,511.64,SMB,1,0.580429035071871,2
INV0018196,C01419,2025-11-19,17872.52,SMB,1,0.5804225936762388,2
INV0019907,C01206,2025-11-18,3587.26,Enterprise,1,0.5798788464071241,2
INV0013554,C01425,2025-11-09,4000.47,SMB,0,0.5797420801904494,2
INV0016663,C01141,2025-07-16,2866.64,Mid-market,1,0.5793586948952739,2
INV0010673,C00393,2025-10-15,3129.07,SMB,1,0.5793520742568281,2
INV0014864,C00897,2025-09-08,918.27,SMB,1,0.579338247121989,2
INV0015218,C02272,2025-07-31,2252.82,SMB,1,0.5792368738359988,2
INV0019334,C01240,2025-10-25,400.2,SMB,1,0.5782017423925991,2
INV0004436,C02016,2025-05-29,4635.9,SMB,1,0.5780817349004057,2
INV0007200,C02488,2025-07-31,5330.22,SMB,0,0.5780331392931838,2
INV0000137,C00677,2025-11-18,583.69,SMB,1,0.5779797540744388,2
INV0017931,C02080,2025-10-01,242.35,Mid-market,0,0.5777870966289974,2
INV0011142,C00318,2025-06-19,546.23,SMB,1,0.5775118344792691,2
INV0017575,C00326,2025-09-24,902.35,SMB,0,0.5771304462619397,2
INV0001348,C00357,2025-11-08,556.49,SMB,0,0.5770541941872163,2
INV0001611,C00156,2025-07-13,4563.5,SMB,0,0.5766756308052071,2
INV0006008,C01601,2025-09-06,532.64,SMB,0,0.5764099280108178,2
INV0012680,C01098,2025-07-06,285.76,SMB,0,0.5764091459081726,2
INV0012803,C01203,2025-09-08,2035.03,SMB,0,0.5759915410525867,2
INV0012859,C01197,2025-08-16,353.57,Mid-market,0,0.5740088799028816,2
INV0007603,C01285,2025-12-06,1185.93,SMB,1,0.5734917251587015,2
INV0001163,C01957,2025-11-18,277.75,SMB,0,0.5733241233994253,2
INV0000911,C01669,2025-11-14,372.97,SMB,0,0.5731939738885704,2
INV0001936,C00959,2025-11-04,869.1,Mid-market,0,0.5729909331394358,2
INV0014755,C02044,2025-11-19,996.87,SMB,1,0.5726669001133743,2
INV0010558,C01155,2025-07-21,4374.5,Enterprise,0,0.5718446648682538,2
INV0012605,C02220,2025-11-17,4937.12,Mid-market,1,0.5714360848935656,2
INV0012495,C01601,2025-06-08,1117.41,SMB,0,0.5713697358684383,2
INV0011594,C00608,2025-07-08,5215.58,SMB,1,0.5707630942332196,2
INV0000102,C01925,2025-11-06,736.59,Mid-market,1,0.5702913807434101,2
INV0008803,C00575,2025-08-07,1080.73,SMB,0,0.5699938412964258,2
INV0006012,C02251,2025-11-12,8456.67,Mid-market,0,0.5698405764707919,2
INV0009045,C00897,2025-06-08,7380.83,SMB,1,0.5697431184269885,2
INV0000130,C01847,2025-12-08,1374.98,Mid-market,1,0.5697159344884256,2
INV0014598,C01613,2025-12-19,8875.09,SMB,1,0.569473851475046,2
INV0006259,C02071,2025-11-27,652.09,SMB,0,0.5693809829055544,2
INV0016097,C01470,2025-11-16,447.45,SMB,1,0.5692398224792464,2
INV0017231,C01534,2025-09-09,8421.67,SMB,1,0.5691417812170446,2
INV0002914,C00581,2025-07-07,576.03,Enterprise,1,0.5689226730172785,2
INV0011123,C01390,2025-09-10,3489.85,Mid-market,0,0.5688841799130069,2
INV0008418,C01605,2025-06-22,1938.74,SMB,1,0.5687416698520802,2
INV0017722,C02404,2025-07-16,5195.1,Mid-market,0,0.5683467965918988,2
INV0017018,C00538,2025-12-02,2431.86,SMB,0,0.5682509138252352,2
INV0000520,C01285,2025-12-18,1355.8,SMB,1,0.5682278919649564,2
INV0000848,C01987,2025-08-29,4542.34,Enterprise,0,0.5677998695278988,2
INV0019851,C01703,2025-07-04,5955.05,Mid-market,0,0.5663236090087173,2
INV0006063,C01792,2025-12-13,3981.48,Mid-market,0,0.5660169120250431,2
INV0012540,C01552,2025-12-10,25409.72,Enterprise,1,0.5656696279829686,2
INV0002926,C00479,2025-11-30,3342.74,SMB,1,0.5656201718679087,2
INV0003362,C01500,2025-11-24,630.32,SMB,1,0.5650146767651737,2
INV0003567,C00054,2025-09-20,1939.2,SMB,1,0.5643134472461752,2
INV0000439,C01731,2025-09-08,20053.56,Mid-market,1,0.5633041773369846,2
INV0001854,C01381,2025-07-13,3616.9,Mid-market,0,0.5625362876849432,2
INV0012467,C01543,2025-06-06,2534.56,SMB,1,0.5621790752682216,2
INV0005111,C01519,2025-09-14,6333.15,Enterprise,0,0.5620131345210712,2
INV0018042,C01630,2025-12-10,3050.68,Mid-market,1,0.5618012248901212,2
INV0016812,C02346,2025-10-31,2310.15,Mid-market,1,0.5616235295700636,2
INV0007970,C01416,2025-10-29,914.37,SMB,1,0.561185202113873,2
INV0016640,C02336,2025-06-26,1725.22,SMB,1,0.560755122110538,2
INV0017036,C01320,2025-07-28,3657.19,SMB,1,0.5604772188576945,2
INV0012107,C01999,2025-12-09,5667.92,Enterprise,1,0.5601503593451913,2
INV0000641,C00891,2025-10-11,2389.21,SMB,1,0.5590036492557456,2
INV0015638,C02280,2025-08-05,1575.76,SMB,1,0.5588297958990831,2
INV0012538,C02098,2025-09-12,3556.74,SMB,1,0.5583069506041336,2
INV0005129,C02107,2025-09-15,6110.07,Enterprise,1,0.5579314594386904,2
INV0005654,C00765,2025-09-02,3339.89,Mid-market,1,0.5569709761682144,2
INV0013807,C00105,2025-10-31,1917.19,Enterprise,0,0.5561834060809135,2
INV0004713,C00362,2025-08-28,4832.16,SMB,0,0.5557216743215679,2
INV0012565,C00821,2025-06-06,1903.29,SMB,1,0.5553277372880183,2
INV0017471,C01027,2025-07-05,6263.96,SMB,1,0.5552672746842734,2
INV0017952,C02313,2025-12-01,2436.95,SMB,1,0.555260285419128,2
INV0006228,C00600,2025-05-28,12462.43,Enterprise,1,0.5545169419096074,2
INV0007242,C01536,2025-09-26,4035.76,SMB,1,0.5540246757014773,2
INV0000061,C02185,2025-12-08,2866.37,SMB,1,0.5538862608733991,2
INV0012846,C01468,2025-10-23,4206.23,SMB,1,0.5538677853992177,2
INV0016397,C01828,2025-06-14,21290.53,SMB,0,0.5536252089700062,2
INV0019389,C01603,2025-05-27,3254.79,Mid-market,0,0.5536121487753054,2
INV0002493,C01968,2025-11-28,453.34,SMB,1,0.5521239340286335,2
INV0001896,C00472,2025-08-07,8118.62,SMB,0,0.5508065350626941,2
INV0013856,C01154,2025-11-09,2194.95,SMB,0,0.550711121495324,2
INV0002972,C02464,2025-09-17,1274.35,SMB,0,0.5506141239436879,2
INV0006425,C00189,2025-11-23,1358.68,SMB,0,0.5503449099777115,2
INV0016825,C00045,2025-12-14,1332.22,SMB,0,0.5492778560323455,2
INV0015963,C00475,2025-10-04,5735.08,SMB,0,0.5488353408794342,2
INV0016977,C01392,2025-06-13,3358.27,Mid-market,1,0.5488320556753463,2
INV0010527,C01664,2025-08-10,1976.19,SMB,1,0.5484718325977165,2
INV0010296,C00191,2025-11-14,2865.24,Mid-market,0,0.5481554541486929,2
INV0004969,C01885,2025-11-24,7111.38,SMB,1,0.5481479509021985,2
INV0004758,C00460,2025-06-15,3750.93,SMB,0,0.5481066607756943,2
INV0009126,C00677,2025-07-22,1344.95,SMB,0,0.547538546024864,2
INV0018848,C00955,2025-12-13,18628.76,SMB,1,0.54719366345783,2
INV0009765,C01081,2025-11-13,6270.12,Enterprise,0,0.5469456902826821,2
INV0015018,C00379,2025-07-04,1457.03,Mid-market,1,0.5467110331933895,2
INV0002869,C01346,2025-10-02,4891.86,Mid-market,1,0.546275491826137,2
INV0013577,C00519,2025-07-16,1134.75,SMB,0,0.545477270164428,2
INV0009297,C01644,2025-10-26,2403.06,SMB,0,0.5451025061297919,2
INV0006208,C00892,2025-07-06,5519.45,Mid-market,1,0.544929424626613,2
INV0001733,C02357,2025-12-23,1322.07,SMB,0,0.5445206292050974,2
INV0001968,C02220,2025-11-14,773.92,Mid-market,1,0.5439240748980477,2
INV0010111,C00491,2025-12-17,1782.81,SMB,0,0.5438567414100238,2
INV0017294,C00419,2025-12-18,234.33,SMB,0,0.5431929069705982,2
INV0008123,C00034,2025-10-17,3493.21,Mid-market,1,0.5431094273893879,2
INV0013409,C00959,2025-11-22,1004.18,Mid-market,1,0.5430838265425468,2
INV0016068,C00601,2025-09-12,3072.08,Enterprise,0,0.5429979119300068,2
INV0013332,C01325,2025-08-20,2830.33,Mid-market,1,0.5429522549353025,2
INV0012198,C00545,2025-10-13,569.64,SMB,1,0.5424359523411787,2
INV0011789,C01442,2025-09-06,1079.59,SMB,0,0.5422892768737291,2
INV0004328,C01106,2025-12-26,2355.5,Mid-market,1,0.5422316206319358,2
INV0015314,C01325,2025-08-30,1479.92,Mid-market,1,0.5415821408884003,2
INV0015660,C01238,2025-11-22,781.15,SMB,1,0.5403822912040966,2
INV0013638,C00860,2025-08-06,13677.05,Mid-market,1,0.5400908737268008,2
INV0004017,C02078,2025-06-23,5231.34,SMB,1,0.5384564106814332,2
INV0007080,C00413,2025-09-08,1452.37,SMB,1,0.53779877721015,2
INV0013234,C01856,2025-05-31,3056.84,Mid-market,0,0.5371378832649639,2
INV0006202,C01285,2025-10-27,1240.27,SMB,1,0.5370847861325814,2
INV0012122,C02120,2025-09-24,1781.4,Mid-market,1,0.5370326439231502,2
INV0012483,C01464,2025-12-19,2630.36,SMB,0,0.5369059893294177,2
INV0015542,C01716,2025-08-12,8696.13,SMB,0,0.5364348899737361,2
INV0019253,C01381,2025-07-10,15389.42,Mid-market,0,0.536306738430402,2
INV0010901,C01675,2025-09-02,1041.81,SMB,1,0.536144211813365,2
INV0002662,C00105,2025-05-30,6811.37,Enterprise,1,0.536116241983079,2
INV0015776,C02087,2025-06-03,146.46,SMB,0,0.5360501904214877,2
INV0008007,C00371,2025-09-12,706.8,SMB,1,0.5351551155472122,2
INV0018073,C01951,2025-08-07,2070.56,Mid-market,1,0.5342461038986875,2
INV0002543,C00761,2025-06-05,4152.62,SMB,0,0.534020468397081,2
INV0008501,C01913,2025-10-13,18042.17,Mid-market,1,0.5333329977176795,2
INV0019842,C01412,2025-07-14,1058.92,SMB,0,0.5331555029422657,2
INV0006801,C01515,2025-10-27,5943.59,SMB,0,0.5328637633946985,2
INV0003759,C02306,2025-11-07,5740.17,SMB,1,0.532485134490044,2
INV0008104,C02185,2025-07-09,4602.72,SMB,1,0.5320073380529211,2
INV0011283,C01135,2025-09-19,936.92,SMB,1,0.5318008972583137,2
INV0007394,C00328,2025-07-16,3626.46,SMB,1,0.53128097941598,2
INV0019081,C00173,2025-08-16,1914.03,SMB,0,0.5312748875141204,2
INV0004480,C02254,2025-07-08,1458.64,Mid-market,0,0.530705379687301,2
INV0007600,C00225,2025-12-12,1190.33,SMB,0,0.5306875533183263,2
INV0015356,C01926,2025-11-12,35748.14,Enterprise,0,0.5305624760091064,2
INV0019495,C01982,2025-11-28,4377.46,SMB,0,0.5301995010038516,2
INV0008749,C02186,2025-05-29,6766.89,SMB,0,0.530152280777744,2
INV0019510,C02477,2025-09-29,44865.03,SMB,1,0.5295937995438177,2
INV0009062,C00824,2025-08-24,1141.7,SMB,1,0.5294102083679496,2
INV0000275,C02385,2025-05-28,2570.19,SMB,1,0.5294078243451235,2
INV0003254,C01484,2025-10-01,4293.21,SMB,0,0.529230768107307,2
INV0015603,C01452,2025-10-18,185.67,SMB,1,0.5291549001359306,2
INV0006472,C01885,2025-09-29,1378.0,SMB,0,0.529104887335136,2
INV0005889,C02441,2025-12-06,1811.27,Mid-market,0,0.5286804147251206,2
INV0017091,C02197,2025-06-05,13192.46,Enterprise,0,0.5283302745404749,2
INV0008284,C02282,2025-12-11,2087.06,Enterprise,0,0.5280133354961939,2
INV0002904,C02150,2025-07-03,3622.54,SMB,0,0.5271988231869517,2
INV0001398,C00492,2025-06-09,809.11,SMB,1,0.5271319766978388,2
INV0014582,C01391,2025-07-11,1570.75,SMB,1,0.5269255202242273,2
INV0007619,C00805,2025-06-07,9242.46,Enterprise,0,0.5268222715211601,2
INV0013150,C00645,2025-06-16,18533.39,SMB,0,0.5263874966553473,2
INV0013664,C02078,2025-12-17,1117.26,SMB,1,0.5257550409500482,2
INV0010223,C02317,2025-09-04,1262.43,SMB,0,0.525644720292346,2
INV0014956,C00484,2025-09-03,450.61,Mid-market,0,0.5256292493959034,2
INV0007909,C00551,2025-11-28,2199.92,SMB,0,0.5255650380803966,2
INV0014994,C00790,2025-06-07,6070.51,Mid-market,1,0.5248103993503942,2
INV0011723,C00558,2025-10-03,6893.06,Mid-market,1,0.5246564648907921,2
INV0012576,C01198,2025-11-25,3837.09,SMB,0,0.5244621373872292,2
INV0001247,C02486,2025-07-06,1433.12,SMB,0,0.5243324824422314,2
INV0018094,C00394,2025-12-17,592.69,Mid-market,1,0.5243195629651793,2
INV0005547,C02332,2025-08-05,640.13,SMB,0,0.5238014476885138,2
INV0006865,C00463,2025-06-19,4397.38,SMB,1,0.523794934857577,2
INV0018547,C02325,2025-07-24,2154.06,SMB,1,0.5231768398779089,2
INV0017414,C01442,2025-11-04,358.41,SMB,0,0.522221286676658,2
INV0004947,C00710,2025-11-13,7193.21,SMB,0,0.5221883124865897,2
INV0005001,C00912,2025-12-02,757.24,SMB,0,0.5217900561668665,2
INV0018420,C01130,2025-11-18,747.88,SMB,1,0.5206165361615955,2
INV0006270,C01529,2025-09-10,2805.93,SMB,0,0.5201864227678382,2
INV0009738,C00454,2025-10-24,17357.15,Mid-market,1,0.5194251684634387,2
INV0012182,C02431,2025-10-09,1596.73,SMB,1,0.5187503023660773,2
INV0008327,C00383,2025-12-02,14889.25,Mid-market,0,0.5187358838547955,2
INV0003863,C02082,2025-11-18,709.66,SMB,0,0.5185983399843317,2
INV0005387,C01173,2025-12-13,2050.76,SMB,1,0.5185201375880564,2
INV0015498,C01141,2025-07-11,1689.51,Mid-market,1,0.5176870349576217,2
INV0014115,C02071,2025-05-27,423.55,SMB,1,0.5175763156342544,2
INV0019541,C01734,2025-09-04,4249.81,SMB,1,0.517473329937117,2
INV0005133,C00009,2025-11-08,1927.9,Mid-market,1,0.5171817947816842,2
INV0000699,C02089,2025-11-02,3196.13,SMB,0,0.5168522888592377,2
INV0004700,C00110,2025-08-08,268.59,SMB,1,0.5165860206919922,2
INV0003767,C01628,2025-12-07,11524.41,Enterprise,0,0.5162327876097638,2
INV0013254,C00470,2025-12-18,1326.38,Mid-market,0,0.5160369188572659,2
INV0008307,C00283,2025-12-17,1509.33,SMB,0,0.515602687455553,2
INV0000492,C02214,2025-07-13,2066.39,SMB,0,0.515358189184447,2
INV0014534,C01043,2025-10-09,1873.39,Mid-market,1,0.5146630792370628,2
INV0003083,C02469,2025-09-12,4340.75,SMB,1,0.5144636166677046,2
INV0015122,C01325,2025-08-07,1862.64,Mid-market,1,0.5142880011139666,2
INV0010117,C01366,2025-11-07,282.39,Mid-market,1,0.5138768879276638,2
INV0009241,C01852,2025-11-17,4016.82,Enterprise,0,0.5136605855972486,2
INV0019770,C01321,2025-08-24,1619.66,Mid-market,0,0.5131056081106761,2
INV0000230,C01139,2025-11-14,5650.88,Mid-market,1,0.5129076107725682,2
INV0009667,C01187,2025-11-11,4004.71,Enterprise,0,0.5127826370713777,2
INV0007891,C01228,2025-05-30,2199.12,SMB,0,0.5121610138933507,2
INV0011709,C00467,2025-10-13,260.87,SMB,1,0.5118160893651773,2
INV0015860,C01949,2025-10-30,3870.07,Enterprise,0,0.5114685300647539,2
INV0006209,C00580,2025-11-11,19946.15,SMB,0,0.5112566799978594,2
INV0013869,C00481,2025-07-07,3290.3,SMB,0,0.511066082770498,2
INV0008685,C01093,2025-07-18,22318.49,Enterprise,0,0.5102728324366171,2
INV0007266,C00829,2025-08-16,967.19,SMB,0,0.5098679709289577,2
INV0006129,C01999,2025-12-05,4619.34,Enterprise,0,0.5097925133365652,2
INV0017458,C02254,2025-12-30,2173.15,Mid-market,0,0.509658340941418,2
INV0010479,C01906,2025-08-02,226.69,Mid-market,0,0.5088949848697072,2
INV0014904,C00647,2025-10-08,480.85,SMB,0,0.5075552303669486,2
INV0013604,C00050,2025-11-15,1662.46,Mid-market,1,0.5075015714775158,2
INV0017979,C02279,2025-06-27,5284.97,SMB,1,0.5069894575218912,2
INV0003878,C01534,2025-11-29,2692.48,SMB,1,0.5067570683783503,2
INV0006607,C00071,2025-06-18,758.49,SMB,1,0.5064850969477027,2
INV0002168,C02078,2025-10-17,802.25,SMB,1,0.5064472030101443,2
INV0017258,C01295,2025-10-07,431.53,SMB,0,0.5060587491653318,2
INV0000367,C02108,2025-07-14,2696.73,Mid-market,0,0.50567533461916,2
INV0004516,C02170,2025-09-01,1852.1,Enterprise,0,0.5045230989755187,2
INV0004919,C00787,2025-12-13,423.98,Mid-market,1,0.5036488855278679,2
INV0000306,C01256,2025-08-31,757.6,SMB,0,0.5034653711802043,2
INV0002906,C02450,2025-11-18,3452.84,SMB,1,0.5034056441055507,2
INV0019536,C00584,2025-12-27,7499.22,SMB,0,0.5029915757882526,2
INV0012405,C01320,2025-09-01,9684.5,SMB,0,0.5028752032495085,2
INV0001078,C01644,2025-08-04,5863.68,SMB,1,0.5026238887553476,2
INV0015391,C01421,2025-06-24,12731.75,Mid-market,1,0.5018792214454194,2
INV0000659,C01339,2025-07-23,1281.64,Enterprise,1,0.5018029756222787,2
INV0014914,C00427,2025-07-26,9171.6,Mid-market,1,0.5016143467749147,2
INV0007726,C00813,2025-06-08,3402.19,SMB,1,0.501392149945527,2
INV0004688,C02080,2025-08-16,9140.04,Mid-market,0,0.5008943125827457,2
INV0011537,C00821,2025-07-23,6460.64,SMB,0,0.50039335270088,2
INV0009895,C01277,2025-08-03,6358.94,SMB,1,0.5000829695693494,2
INV0006172,C00451,2025-10-01,2582.53,SMB,0,0.499957342218002,2
INV0014524,C02481,2025-06-30,1716.19,Mid-market,1,0.4999307171521501,2
INV0012678,C01687,2025-08-30,652.9,SMB,1,0.4998461771082907,2
INV0007036,C01829,2025-09-04,1506.89,Mid-market,1,0.4987923303659295,2
INV0017984,C00935,2025-09-11,761.83,Mid-market,1,0.49842446686435643,2
INV0001067,C01644,2025-11-28,10962.41,SMB,1,0.49835873555702637,2
INV0017783,C01147,2025-07-01,3164.65,SMB,0,0.49825839828099105,2
INV0000621,C01229,2025-07-19,15208.26,Mid-market,1,0.49808579366731254,2
INV0016365,C00262,2025-09-18,14995.06,Enterprise,1,0.4977959514312493,2
INV0002087,C02406,2025-11-19,1145.7,Mid-market,0,0.49758883314001473,2
INV0008665,C02150,2025-10-18,1114.09,SMB,1,0.49633364145584646,2
INV0003104,C02481,2025-11-28,21061.87,Mid-market,1,0.49622567712340837,2
INV0010102,C00629,2025-07-29,561.88,SMB,0,0.49536324063817744,2
INV0002630,C00645,2025-08-11,3319.21,SMB,0,0.49520029926935627,2
INV0012411,C00362,2025-10-26,3211.55,SMB,1,0.49485433540115314,2
INV0011699,C00813,2025-08-03,1979.52,SMB,1,0.4945603404450369,2
INV0001874,C01501,2025-12-04,1342.93,SMB,0,0.49432255766578465,2
INV0014563,C00358,2025-11-25,1253.46,SMB,0,0.4942993944605125,2
INV0005797,C00454,2025-12-20,3584.65,Mid-market,1,0.49418500031158474,2
INV0012871,C01327,2025-12-25,690.78,SMB,0,0.4941496630473462,2
INV0010457,C00354,2025-06-20,966.04,SMB,1,0.4939647755107071,2
INV0010567,C01277,2025-10-21,5261.7,SMB,1,0.4938440223875358,2
INV0000608,C00022,2025-12-28,1036.67,SMB,1,0.49372658836214023,2
INV0014134,C01957,2025-12-26,1153.42,SMB,1,0.4925733024636443,2
INV0011843,C01799,2025-08-12,324.61,SMB,1,0.49253180398406077,2
INV0018830,C00409,2025-06-15,1474.36,SMB,1,0.4913519291734901,2
INV0016344,C01922,2025-11-02,350.4,Mid-market,1,0.49134167635487697,2
INV0003153,C01081,2025-10-03,3726.18,Enterprise,1,0.4906000803481329,2
INV0005212,C02062,2025-10-31,2342.74,Mid-market,0,0.4904384346238848,2
INV0007412,C01499,2025-06-11,2278.65,Enterprise,0,0.49031216156562074,2
INV0014850,C01893,2025-10-13,304.25,SMB,0,0.4901226931708979,2
INV0000078,C00180,2025-11-19,707.3,SMB,0,0.4898846404223603,2
INV0000847,C01882,2025-11-20,1981.68,Mid-market,0,0.48958988765090494,2
INV0011038,C00362,2025-07-20,670.09,SMB,0,0.48904814333874813,2
INV0018882,C00555,2025-07-01,5468.98,Enterprise,0,0.488800002889926,2
INV0013499,C00626,2025-07-22,3465.94,SMB,1,0.48868987770656014,2
INV0005302,C01950,2025-07-07,674.78,SMB,0,0.48845199186468236,2
INV0000180,C00608,2025-11-16,237.82,SMB,1,0.48842090099321067,2
INV0015962,C01522,2025-06-30,573.92,SMB,1,0.4879771573520592,2
INV0011072,C00626,2025-06-17,1863.08,SMB,1,0.4879175508066881,2
INV0003858,C00744,2025-08-11,7054.14,SMB,1,0.4877457463273961,2
INV0017694,C01312,2025-11-09,4141.72,SMB,1,0.48768675268614253,2
INV0017686,C02282,2025-08-02,6061.94,Enterprise,1,0.48757230276320174,2
INV0005998,C02436,2025-06-18,3906.24,SMB,1,0.48746638757110816,2
INV0005699,C01875,2025-12-27,234.21,SMB,0,0.48666917477501614,2
INV0012698,C01006,2025-08-11,1897.03,SMB,1,0.4866454570633196,2
INV0010551,C02317,2025-08-11,2254.53,SMB,1,0.48594509290934684,2
INV0000008,C01393,2025-08-29,4621.9,SMB,1,0.484899213556751,2
INV0004712,C00545,2025-10-22,13403.07,SMB,0,0.48473976565442645,2
INV0008175,C01562,2025-10-15,18447.72,Mid-market,0,0.4844362135689008,2
INV0006861,C01405,2025-11-24,3185.97,SMB,0,0.48442797360765427,2
INV0017948,C00279,2025-06-25,476.31,SMB,1,0.48434951398805204,2
INV0018280,C01136,2025-11-17,12677.01,Mid-market,1,0.48425878964655106,2
INV0012710,C01598,2025-07-28,3476.73,Mid-market,1,0.4840746569185165,2
INV0019327,C02092,2025-11-25,1734.77,SMB,0,0.4832504291370818,2
INV0008325,C00362,2025-10-26,13166.22,SMB,0,0.4827467360677425,2
INV0019196,C01263,2025-12-01,3356.35,SMB,0,0.48264492989348196,2
INV0002256,C00537,2025-07-04,7705.6,Enterprise,0,0.48240608402471863,2
INV0004667,C00549,2025-06-25,4687.09,Enterprise,1,0.48214948416219305,2
INV0002502,C01550,2025-11-26,198.13,SMB,1,0.4820659776369874,2
INV0019614,C01425,2025-09-20,1914.29,SMB,1,0.4820635454306653,2
INV0002197,C00393,2025-12-13,1990.17,SMB,1,0.48188670724107757,2
INV0019751,C01007,2025-08-24,3657.59,Mid-market,0,0.4816839344660031,2
INV0013796,C01183,2025-10-07,3172.63,SMB,0,0.4816241640165923,2
INV0004050,C00335,2025-08-27,1822.53,SMB,0,0.48156396688570796,2
INV0012646,C02156,2025-07-12,217.97,SMB,1,0.48124660723472906,2
INV0013524,C02018,2025-07-23,336.65,SMB,1,0.4811382125204182,2
INV0001517,C00654,2025-12-08,6646.7,SMB,1,0.4810971398083989,2
INV0010202,C00002,2025-07-26,1864.43,SMB,0,0.4807337163991075,2
INV0001427,C02373,2025-07-06,1001.34,SMB,0,0.4803090211653965,2
INV0007015,C01644,2025-10-02,1447.75,SMB,0,0.48011529246472184,2
INV0002707,C00683,2025-06-18,25966.08,Mid-market,0,0.4800460702158945,2
INV0003009,C02285,2025-11-24,998.27,Mid-market,0,0.47985144779209626,2
INV0016147,C02385,2025-12-12,1801.36,SMB,0,0.4797171528909971,2
INV0015344,C00204,2025-06-08,2681.65,Mid-market,1,0.47899781708444344,2
INV0011047,C02162,2025-11-30,965.67,SMB,1,0.4788304056311446,2
INV0016430,C00199,2025-12-10,751.84,SMB,0,0.47863849610397574,2
INV0007735,C00330,2025-11-15,2641.72,Mid-market,1,0.4784763584973647,2
INV0018690,C00955,2025-12-07,3216.73,SMB,0,0.4782690648345825,2
INV0009845,C02003,2025-09-13,4557.43,Mid-market,0,0.47815438250399306,2
INV0008024,C01523,2025-06-05,1650.45,Mid-market,1,0.4780730729473041,2
INV0011662,C00397,2025-06-18,1130.17,SMB,0,0.4776597891364336,2
INV0006927,C02275,2025-07-12,6091.99,SMB,0,0.47747333437983536,2
INV0003895,C00462,2025-07-27,277.77,SMB,1,0.4772965448271383,2
INV0000387,C02113,2025-09-26,2334.95,Mid-market,0,0.4766166557998422,2
INV0009748,C01693,2025-06-14,34927.6,Mid-market,0,0.4764284966630106,2
INV0005409,C00557,2025-09-10,600.72,SMB,1,0.4764236273895181,2
INV0002748,C00869,2025-12-17,1922.49,SMB,0,0.476339578914377,2
INV0006826,C00306,2025-09-30,335.4,SMB,0,0.4759759622355615,2
INV0014811,C02406,2025-09-13,37758.94,Mid-market,0,0.4759534172904917,2
INV0010159,C00910,2025-10-28,5831.29,SMB,1,0.4757570711417825,2
INV0002483,C02447,2025-07-02,1971.16,SMB,0,0.47521037778296343,2
INV0003688,C01971,2025-07-27,10338.98,Mid-market,0,0.4746576112785102,2
INV0016212,C00851,2025-05-26,2475.87,Mid-market,0,0.47424671977192867,2
INV0011252,C00058,2025-11-30,1321.42,Mid-market,1,0.4742283809980602,2
INV0009245,C01505,2025-12-11,3369.35,SMB,0,0.47422221097991235,2
INV0006175,C01056,2025-06-01,422.17,SMB,1,0.47411651599353544,2
INV0018708,C00330,2025-10-03,293.65,Mid-market,0,0.4739006299584595,2
INV0011505,C01635,2025-11-15,234.43,SMB,1,0.4736183027641459,3
INV0007542,C01613,2025-11-16,1265.7,SMB,0,0.4735305699694449,3
INV0014746,C01904,2025-10-16,1224.85,SMB,0,0.4731035773216789,3
INV0013079,C00779,2025-11-25,1514.96,SMB,0,0.47300013369397853,3
INV0010232,C02265,2025-08-06,2286.14,SMB,1,0.4727506234762121,3
INV0008757,C01737,2025-10-27,1623.03,SMB,0,0.4725434503455513,3
INV0007829,C00677,2025-10-29,7134.16,SMB,1,0.47224060609188506,3
INV0017663,C01027,2025-06-20,16053.38,SMB,1,0.4718081507755852,3
INV0006035,C00538,2025-12-28,6862.38,SMB,0,0.4717940685746984,3
INV0019419,C01237,2025-07-02,2125.36,SMB,0,0.4716805881235397,3
INV0007494,C01906,2025-07-26,1391.79,Mid-market,0,0.47112969983269576,3
INV0019169,C00379,2025-07-05,1658.76,Mid-market,0,0.47095448259446954,3
INV0003412,C01291,2025-11-04,5305.95,SMB,1,0.4707491174281479,3
INV0012899,C02273,2025-06-06,2213.46,SMB,1,0.4706567157503061,3
INV0004766,C01223,2025-07-30,7394.88,SMB,0,0.47058376865596174,3
INV0001614,C00462,2025-08-06,1826.27,SMB,0,0.4702472553034756,3
INV0006443,C01447,2025-09-20,307.92,Mid-market,0,0.47016528455400863,3
INV0003672,C00897,2025-08-30,3779.38,SMB,1,0.4698444458752232,3
INV0011826,C02155,2025-11-14,14512.57,Mid-market,0,0.46978574540527246,3
INV0015793,C01136,2025-10-15,3874.71,Mid-market,0,0.46944473040373197,3
INV0008118,C00846,2025-08-13,15709.65,Enterprise,0,0.4687438882834848,3
INV0002304,C01374,2025-10-05,1951.0,SMB,1,0.4684974981634663,3
INV0003308,C00462,2025-08-28,611.73,SMB,1,0.4677450392948398,3
INV0018247,C02199,2025-09-24,1482.77,SMB,0,0.4676744761256018,3
INV0003149,C01500,2025-10-08,392.11,SMB,1,0.46764277071154214,3
INV0018345,C00030,2025-11-23,3469.73,SMB,1,0.4671364192564876,3
INV0010452,C01613,2025-11-14,1422.6,SMB,0,0.46662798376605336,3
INV0012269,C01760,2025-08-29,17178.28,SMB,0,0.4660419277382994,3
INV0009799,C00557,2025-11-17,13697.17,SMB,0,0.4658202607996148,3
INV0014457,C02150,2025-10-30,1723.54,SMB,0,0.4658164834387923,3
INV0003889,C00448,2025-06-27,1309.23,SMB,0,0.4657806996588324,3
INV0003730,C02027,2025-09-11,2561.0,SMB,0,0.4646714549002926,3
INV0008156,C02319,2025-05-31,10170.17,Mid-market,1,0.4646139545513659,3
INV0001609,C00827,2025-12-14,2417.3,Mid-market,1,0.4642369037974638,3
INV0001449,C00470,2025-09-08,33764.14,Mid-market,1,0.4639149665931388,3
INV0007280,C01470,2025-07-05,4531.28,SMB,1,0.4637237771224453,3
INV0008653,C01797,2025-12-01,3189.05,SMB,1,0.46347248387164136,3
INV0015500,C00492,2025-06-12,15365.43,SMB,1,0.4628696595085791,3
INV0015570,C00207,2025-10-25,2011.24,SMB,0,0.4625344244652394,3
INV0007676,C02172,2025-11-09,149.83,SMB,0,0.4623488029746407,3
INV0018904,C00166,2025-10-29,4318.57,Mid-market,1,0.4623460692546692,3
INV0002028,C00580,2025-12-07,187.48,SMB,0,0.46224442549049427,3
INV0017599,C01534,2025-12-05,650.17,SMB,0,0.46185650743898715,3
INV0007522,C02092,2025-11-25,1749.86,SMB,1,0.46181229982028377,3
INV0004098,C01028,2025-05-28,2317.67,SMB,1,0.4616848134187468,3
INV0006336,C00613,2025-08-12,1653.11,SMB,0,0.4611616566412234,3
INV0010863,C00165,2025-12-22,5435.19,SMB,0,0.4610181700921056,3
INV0013961,C01603,2025-11-21,4488.27,Mid-market,1,0.4609429238392961,3
INV0001591,C00170,2025-06-15,935.76,Mid-market,1,0.4608759008280889,3
INV0006709,C00739,2025-08-26,73703.56,Enterprise,0,0.46085568571255653,3
INV0006255,C01706,2025-05-26,10044.81,SMB,1,0.4607945187332056,3
INV0004023,C00620,2025-10-30,5069.4,SMB,1,0.46075770535034344,3
INV0005627,C01153,2025-08-19,2180.74,SMB,1,0.46060848035228147,3
INV0018718,C01028,2025-08-11,7726.88,SMB,1,0.4605429348092542,3
INV0017788,C01037,2025-07-21,11763.43,SMB,0,0.46053426482555115,3
INV0011585,C00790,2025-09-05,13533.95,Mid-market,1,0.4600168008321609,3
INV0016306,C01524,2025-07-09,16229.19,SMB,1,0.4594227948649874,3
INV0011587,C01886,2025-07-05,1968.15,SMB,1,0.4590787460005953,3
INV0019648,C00585,2025-06-27,1016.83,SMB,1,0.4589738260629382,3
INV0006733,C00844,2025-06-04,7360.77,Mid-market,1,0.45882803215887935,3
INV0013970,C02462,2025-11-21,6850.83,SMB,0,0.4588194075729393,3
INV0007648,C02008,2025-10-15,835.74,SMB,0,0.45871492254400936,3
INV0019538,C00855,2025-07-03,1270.22,SMB,0,0.4583902490039243,3
INV0001917,C02120,2025-11-15,5560.56,Mid-market,1,0.45822529970028664,3
INV0012617,C00391,2025-07-02,2501.48,SMB,1,0.45790372869674717,3
INV0014880,C00367,2025-12-22,1478.77,SMB,1,0.4577710297927201,3
INV0002478,C02105,2025-09-29,1796.77,Mid-market,1,0.45754064898514324,3
INV0011308,C00416,2025-08-31,10592.75,SMB,0,0.45753985417952975,3
INV0000097,C00516,2025-10-05,2195.27,Mid-market,1,0.4574707290304235,3
INV0015601,C01477,2025-08-28,1032.04,Mid-market,0,0.45720435167528184,3
INV0009097,C01267,2025-12-04,7644.31,SMB,1,0.4571406188737573,3
INV0018303,C01332,2025-11-23,6897.06,SMB,0,0.45703310647826423,3
INV0017843,C01829,2025-08-10,2086.9,Mid-market,0,0.45680092464796934,3
INV0016744,C01510,2025-09-01,1280.04,Enterprise,0,0.45634238428993235,3
INV0018397,C01419,2025-08-13,8895.79,SMB,1,0.45608358290586576,3
INV0001693,C01535,2025-08-26,684.31,Mid-market,0,0.45598495360862423,3
INV0013874,C01374,2025-10-29,4435.16,SMB,1,0.45530552633842136,3
INV0018184,C00156,2025-07-08,1118.82,SMB,0,0.4552384097602704,3
INV0011254,C00677,2025-07-19,3216.91,SMB,1,0.45516425993572057,3
INV0016128,C00702,2025-07-24,597.92,SMB,0,0.4546489316852222,3
INV0012609,C01236,2025-10-16,1040.8,SMB,1,0.45464644949598115,3
INV0018602,C01888,2025-11-04,517.96,SMB,1,0.4542159623683382,3
INV0016406,C00714,2025-12-30,2667.62,Mid-market,0,0.4538362686970276,3
INV0011000,C01932,2025-11-27,1904.2,SMB,0,0.4537852668861242,3
INV0000529,C00015,2025-11-24,17875.4,SMB,0,0.45337837269474573,3
INV0014137,C02012,2025-07-09,1466.82,SMB,1,0.4529701285905434,3
INV0018785,C00296,2025-11-29,243.87,SMB,0,0.4529154523042425,3
INV0008519,C00034,2025-09-30,5575.55,Mid-market,1,0.45260735619251063,3
INV0011646,C00385,2025-08-21,7368.4,SMB,0,0.4525526035535582,3
INV0017573,C02423,2025-09-30,1941.29,SMB,1,0.4524943060408926,3
INV0015311,C01271,2025-07-16,1800.9,Mid-market,0,0.45216321640677004,3
INV0015206,C00629,2025-09-05,3794.75,SMB,1,0.45214644306932683,3
INV0001669,C01544,2025-10-30,1689.31,SMB,1,0.45213907734191305,3
INV0007978,C00603,2025-06-22,1602.73,SMB,0,0.4520327570301193,3
INV0003454,C00599,2025-06-11,2313.07,Mid-market,1,0.4518036794873446,3
INV0015476,C01456,2025-09-09,2484.77,SMB,0,0.45179349924619217,3
INV0002206,C02042,2025-09-02,967.32,SMB,0,0.4516782602781152,3
INV0006407,C01540,2025-11-13,2326.24,SMB,0,0.45130209329134374,3
INV0019449,C01734,2025-07-23,2271.17,SMB,0,0.45127302165783134,3
INV0004317,C00262,2025-08-09,20486.35,Enterprise,0,0.4510142798000781,3
INV0016157,C01014,2025-11-19,6945.69,Enterprise,0,0.4508956461042279,3
INV0001644,C02327,2025-09-15,4196.16,Mid-market,0,0.45011951865426747,3
INV0000905,C01529,2025-12-21,3573.0,SMB,0,0.4500912338839165,3
INV0016565,C00383,2025-08-09,3691.12,Mid-market,0,0.45008302599278516,3
INV0019467,C00843,2025-07-20,7028.23,Mid-market,1,0.4499324280880067,3
INV0007176,C01646,2025-06-05,403.41,SMB,0,0.4498895110225111,3
INV0007784,C02198,2025-09-05,1637.9,SMB,0,0.4498600801040568,3
INV0013490,C02155,2025-06-07,7346.54,Mid-market,1,0.44953848068707486,3
INV0019574,C01734,2025-11-27,1458.07,SMB,0,0.44893394999953573,3
INV0001686,C01500,2025-10-30,6158.18,SMB,0,0.44872354444843426,3
INV0013978,C00444,2025-10-18,1028.57,SMB,0,0.44855511029081596,3
INV0000496,C02089,2025-08-25,348.56,SMB,1,0.44853957038434134,3
INV0004591,C02440,2025-12-24,1368.43,Mid-market,0,0.44847548620200767,3
INV0009833,C01067,2025-07-04,5820.82,Mid-market,0,0.44809992480682814,3
INV0014996,C02261,2025-08-07,45699.06,Enterprise,1,0.4480067402579686,3
INV0001271,C01165,2025-08-29,4319.05,Enterprise,0,0.4478622273614129,3
INV0009616,C01906,2025-06-22,738.51,Mid-market,0,0.447368127291479,3
INV0006025,C01452,2025-08-13,351.58,SMB,1,0.44702368781335305,3
INV0000165,C00105,2025-07-02,15560.85,Enterprise,0,0.4468398473825131,3
INV0013506,C01669,2025-09-22,860.4,SMB,0,0.44589706255433703,3
INV0013415,C00186,2025-06-26,1857.56,SMB,0,0.4457101588569222,3
INV0019729,C01308,2025-05-30,1100.38,SMB,0,0.4455713591749803,3
INV0010850,C02344,2025-07-25,11625.83,SMB,0,0.44471301457510354,3
INV0011480,C02450,2025-05-29,7795.98,SMB,0,0.44440435913683746,3
INV0017564,C00101,2025-08-15,420.18,SMB,1,0.44423482199007025,3
INV0000191,C02199,2025-11-05,1030.73,SMB,1,0.4438942229255393,3
INV0015141,C01268,2025-07-26,61710.22,Enterprise,0,0.4434156350672676,3
INV0015750,C00433,2025-06-26,2640.03,SMB,1,0.443299887796619,3
INV0008498,C01267,2025-12-21,1643.87,SMB,1,0.44329278681585477,3
INV0002126,C00199,2025-10-19,8906.4,SMB,1,0.44311929184218113,3
INV0012479,C01926,2025-08-26,12316.93,Enterprise,0,0.4428722582319774,3
INV0019498,C02306,2025-11-23,1246.92,SMB,1,0.44280329265555657,3
INV0002162,C02384,2025-10-13,7220.75,Mid-market,0,0.4416959673899141,3
INV0011755,C00734,2025-11-22,2795.39,SMB,1,0.44161149084875184,3
INV0001726,C01331,2025-07-10,2602.95,SMB,1,0.4411084286285069,3
INV0003577,C01534,2025-12-08,3077.8,SMB,1,0.44107865521124184,3
INV0016929,C00318,2025-08-24,5187.8,SMB,0,0.440749387936407,3
INV0007135,C01947,2025-10-26,3205.71,SMB,1,0.44048069410856877,3
INV0016756,C01948,2025-11-22,4085.82,SMB,0,0.44043083632389735,3
INV0009354,C02197,2025-07-09,32903.03,Enterprise,1,0.44040948546658015,3
INV0008877,C00527,2025-09-09,1920.79,SMB,0,0.440365321144687,3
INV0013964,C00038,2025-09-15,3417.58,SMB,1,0.4402691132582813,3
INV0004797,C01268,2025-09-10,11132.23,Enterprise,0,0.44017859180655144,3
INV0018030,C00079,2025-10-30,15690.18,SMB,1,0.4398904758268961,3
INV0016326,C01625,2025-06-12,3305.48,Mid-market,0,0.43971937565421204,3
INV0009600,C01950,2025-12-09,488.43,SMB,1,0.4392717611773115,3
INV0018458,C01402,2025-12-27,514.01,SMB,0,0.4391087056819526,3
INV0012915,C01506,2025-07-11,2497.43,Mid-market,1,0.43825631581180885,3
INV0017649,C01040,2025-07-05,1733.89,Mid-market,0,0.43801520853275794,3
INV0011601,C01568,2025-09-09,1094.24,Mid-market,0,0.4379496844548833,3
INV0011274,C02385,2025-10-03,5172.83,SMB,1,0.4377738525118477,3
INV0000051,C00370,2025-08-28,6938.08,SMB,0,0.43673835544105866,3
INV0000010,C00349,2025-08-07,5505.05,Mid-market,1,0.43636755317052345,3
INV0011178,C01019,2025-12-07,4587.86,Mid-market,1,0.4362041771048572,3
INV0004839,C01159,2025-06-03,160.56,SMB,0,0.4359684841932928,3
INV0002334,C02211,2025-11-21,493.69,SMB,0,0.4349862498379955,3
INV0008511,C00089,2025-10-19,15179.81,SMB,1,0.43486296918659667,3
INV0013109,C00618,2025-07-25,6152.46,SMB,0,0.43288166801549605,3
INV0008703,C00107,2025-06-20,8992.34,Mid-market,1,0.43279092650005585,3
INV0018958,C02342,2025-06-22,5309.43,Mid-market,1,0.43268098122360077,3
INV0000932,C01849,2025-12-15,9968.71,Mid-market,0,0.43210614024160565,3
INV0013914,C01228,2025-06-07,656.7,SMB,1,0.43184379099767234,3
INV0012197,C01948,2025-09-04,1561.37,SMB,0,0.4315182749190063,3
INV0016830,C00572,2025-06-15,2803.7,Mid-market,0,0.4314163788031395,3
INV0018874,C01028,2025-06-26,2651.89,SMB,0,0.4313279458710189,3
INV0008546,C01944,2025-09-17,2999.34,SMB,0,0.43124363657083054,3
INV0019289,C01081,2025-11-06,7442.89,Enterprise,0,0.4312078677541012,3
INV0011277,C00520,2025-05-31,761.27,SMB,1,0.43094194792345286,3
INV0001657,C01989,2025-06-13,9361.0,SMB,1,0.43035200544206176,3
INV0003364,C00568,2025-10-04,16088.42,Mid-market,0,0.42919286266981516,3
INV0017364,C01947,2025-05-26,649.3,SMB,0,0.42913312963037353,3
INV0019462,C02044,2025-11-09,5242.92,SMB,0,0.42848472571876883,3
INV0019967,C00527,2025-07-05,9383.05,SMB,1,0.42792361738815077,3
INV0014278,C01136,2025-09-06,2277.51,Mid-market,1,0.42769806394265075,3
INV0009288,C02421,2025-10-09,1027.08,Mid-market,0,0.4276836987690564,3
INV0013599,C01479,2025-11-15,2713.89,SMB,1,0.4276672617695073,3
INV0004578,C01844,2025-06-01,1517.81,SMB,0,0.427334574734786,3
INV0019189,C01277,2025-12-15,3996.2,SMB,1,0.4273022361332209,3
INV0014981,C01877,2025-10-26,30403.16,Mid-market,0,0.4268903689989676,3
INV0008722,C02422,2025-09-19,10481.25,Mid-market,0,0.4268506794403325,3
INV0009684,C00321,2025-12-07,5910.94,SMB,0,0.426845980548616,3
INV0002457,C00953,2025-10-13,356.77,SMB,0,0.426666790044993,3
INV0003655,C02288,2025-09-13,13971.23,SMB,1,0.4265022620563724,3
INV0018059,C00412,2025-09-21,20450.6,Enterprise,1,0.4264737054695467,3
INV0010497,C00166,2025-10-14,200.0,Mid-market,0,0.4264003734850394,3
INV0018611,C00297,2025-06-23,36587.23,Mid-market,0,0.4261955221721329,3
INV0007352,C00429,2025-06-06,6839.39,Enterprise,1,0.42611849924563344,3
INV0018463,C01187,2025-10-30,9642.09,Enterprise,1,0.4260683900217342,3
INV0008288,C00607,2025-05-30,647.17,Mid-market,0,0.4260484877608533,3
INV0005780,C01336,2025-12-12,773.07,Mid-market,1,0.42589044435558465,3
INV0002729,C02162,2025-08-30,7169.29,SMB,1,0.42578093753158575,3
INV0011829,C02342,2025-07-21,7211.87,Mid-market,1,0.4257116573175285,3
INV0012787,C01247,2025-10-08,1305.55,Mid-market,1,0.42543782383675105,3
INV0013176,C00625,2025-12-26,4851.37,Mid-market,1,0.425122910001931,3
INV0007827,C00945,2025-07-02,2085.86,SMB,1,0.42504274275671433,3
INV0006874,C01447,2025-10-20,830.85,Mid-market,1,0.42459340760381403,3
INV0007647,C01263,2025-09-03,8272.59,SMB,0,0.42422884197809424,3
INV0013181,C00574,2025-09-10,4951.5,SMB,0,0.42386286460545847,3
INV0005229,C00685,2025-11-28,1927.92,SMB,0,0.4237287811539589,3
INV0001462,C01303,2025-12-08,8495.32,SMB,1,0.4236786907351703,3
INV0011002,C01832,2025-08-02,1751.75,SMB,1,0.42347857460564153,3
INV0018307,C02404,2025-07-02,2692.91,Mid-market,1,0.4234139933091309,3
INV0007703,C02199,2025-12-22,6467.29,SMB,0,0.42324690847167695,3
INV0011952,C01967,2025-11-12,3086.53,Enterprise,1,0.4226799639265736,3
INV0001477,C00318,2025-10-31,245.41,SMB,0,0.42266955279273527,3
INV0012581,C01442,2025-09-04,6849.42,SMB,0,0.42238322558357744,3
INV0007990,C01028,2025-08-11,1713.17,SMB,1,0.4220998663801659,3
INV0016127,C02319,2025-10-20,1070.91,Mid-market,0,0.4219888192021081,3
INV0016816,C01353,2025-09-18,5854.12,Mid-market,0,0.4215961915161555,3
INV0019732,C00656,2025-10-21,1372.17,SMB,0,0.4214770392210116,3
INV0001366,C01037,2025-11-12,1354.25,SMB,0,0.4212975441625276,3
INV0016112,C00583,2025-08-18,5824.3,SMB,0,0.42124587697460975,3
INV0009157,C00002,2025-12-13,2709.81,SMB,0,0.42093860348334144,3
INV0011600,C02479,2025-09-04,5290.95,Enterprise,0,0.4207854321283438,3
INV0005788,C00600,2025-09-02,2185.76,Enterprise,1,0.4207169133098811,3
INV0016529,C02462,2025-08-05,2287.09,SMB,1,0.4201702678588008,3
INV0000016,C00666,2025-09-10,1353.55,SMB,1,0.4197636697374219,3
INV0006165,C02481,2025-11-27,2387.44,Mid-market,0,0.41972442966241463,3
INV0005548,C01421,2025-06-15,4601.76,Mid-market,0,0.4194887967905249,3
INV0009998,C01187,2025-11-13,19149.3,Enterprise,1,0.4185949882127231,3
INV0019343,C00330,2025-12-09,5403.86,Mid-market,1,0.4185147318182773,3
INV0014675,C02332,2025-08-16,9699.9,SMB,0,0.4183182530018363,3
INV0002518,C02469,2025-09-01,738.95,SMB,0,0.4179532413132581,3
INV0005639,C01562,2025-09-30,1351.36,Mid-market,0,0.41786053952544533,3
INV0018849,C01696,2025-09-03,498.84,SMB,0,0.4178469165679646,3
INV0011998,C00041,2025-11-19,1500.39,Mid-market,0,0.41783762462003365,3
INV0019896,C01644,2025-08-17,235.17,SMB,0,0.41778003685794385,3
INV0014873,C02279,2025-11-25,778.76,SMB,1,0.4174072371985221,3
INV0001763,C01902,2025-12-06,150000.0,Mid-market,0,0.4172663023013936,3
INV0016039,C01274,2025-10-11,1175.93,SMB,1,0.417229675983403,3
INV0017974,C01366,2025-08-30,3815.44,Mid-market,1,0.41665957070938486,3
INV0018327,C01706,2025-12-18,1070.88,SMB,1,0.41507481051272177,3
INV0002487,C01584,2025-05-28,2403.26,Mid-market,0,0.4149919724108735,3
INV0008450,C02008,2025-11-02,2154.39,SMB,0,0.41490286032540874,3
INV0000885,C01341,2025-11-03,8996.24,Mid-market,1,0.41478489302380256,3
INV0006799,C00184,2025-10-17,2980.5,SMB,0,0.4146686929136643,3
INV0015944,C00888,2025-10-05,1869.13,Mid-market,1,0.41438737243451207,3
INV0009484,C00509,2025-12-04,11985.26,Mid-market,0,0.41406695778867836,3
INV0018499,C01274,2025-05-29,3029.19,SMB,0,0.41399045860739275,3
INV0002155,C01527,2025-09-01,2162.82,Mid-market,0,0.4138830390184419,3
INV0004449,C02275,2025-12-01,831.28,SMB,0,0.41332159729558104,3
INV0002715,C01366,2025-10-17,326.42,Mid-market,1,0.41306648528474843,3
INV0016109,C01267,2025-10-22,910.77,SMB,0,0.41297019769247345,3
INV0010824,C01879,2025-12-24,5614.24,Enterprise,0,0.4127428728088795,3
INV0001841,C01280,2025-11-18,1635.71,SMB,1,0.4125550120924685,3
INV0014366,C01421,2025-07-15,30680.94,Mid-market,0,0.41252352597465614,3
INV0010413,C00657,2025-10-28,33868.34,Mid-market,0,0.41192521872578836,3
INV0017517,C01962,2025-06-30,5519.15,SMB,0,0.41191171443335367,3
INV0012290,C01964,2025-06-22,19380.97,SMB,0,0.4116366604915511,3
INV0009614,C01835,2025-11-14,1933.22,SMB,0,0.4115071871866692,3
INV0001312,C00302,2025-10-25,1417.24,Mid-market,0,0.410183369225261,3
INV0010700,C01359,2025-08-25,14085.34,Mid-market,1,0.4100102084538032,3
INV0005948,C01587,2025-06-15,601.06,SMB,0,0.4099627107984954,3
INV0002612,C01883,2025-11-24,5424.02,SMB,1,0.4099430010129032,3
INV0002558,C00869,2025-12-17,241.52,SMB,1,0.40993795547885287,3
INV0007901,C01325,2025-06-10,360.1,Mid-market,0,0.4097522643017929,3
INV0002329,C02120,2025-07-02,3428.86,Mid-market,1,0.4095698103861636,3
INV0017133,C02446,2025-07-09,1874.64,SMB,1,0.40928623208933146,3
INV0001127,C01274,2025-08-17,2823.34,SMB,1,0.40911777830374296,3
INV0001088,C01879,2025-11-23,32656.12,Enterprise,0,0.40893363407608957,3
INV0009293,C00014,2025-10-27,6844.59,SMB,1,0.4086897180388503,3
INV0009890,C02208,2025-10-25,2085.74,SMB,1,0.40837582903297376,3
INV0013317,C01229,2025-09-13,4237.14,Mid-market,0,0.4082204657596447,3
INV0007247,C01225,2025-11-06,3600.74,Enterprise,0,0.40814890330233855,3
INV0008617,C01020,2025-09-25,19530.19,SMB,1,0.4080951211932154,3
INV0005983,C00158,2025-10-24,4731.83,SMB,0,0.40801509495750343,3
INV0009180,C02260,2025-09-06,2685.41,SMB,0,0.4080059683924714,3
INV0005388,C01247,2025-06-07,48473.76,Mid-market,0,0.4076920673298951,3
INV0006922,C00956,2025-12-30,1142.3,Enterprise,1,0.4075163435336922,3
INV0004279,C01608,2025-06-21,3260.08,SMB,0,0.407475585166095,3
INV0009144,C01187,2025-07-05,9267.06,Enterprise,1,0.40715915610735204,3
INV0014744,C02103,2025-09-12,2140.86,Mid-market,1,0.4067276805278889,3
INV0006547,C00190,2025-11-10,4563.28,SMB,0,0.40646405154907556,3
INV0005927,C02481,2025-07-18,3493.12,Mid-market,0,0.4063144720491793,3
INV0003616,C00364,2025-11-14,5519.41,Mid-market,1,0.4059115132007694,3
INV0017753,C01464,2025-08-05,447.77,SMB,0,0.40590742469677404,3
INV0019818,C01500,2025-07-22,3283.32,SMB,0,0.4056828376586438,3
INV0000326,C01526,2025-07-09,1445.68,SMB,1,0.4056308048989873,3
INV0014342,C01078,2025-10-20,5192.23,SMB,1,0.405499290303542,3
INV0007187,C02306,2025-06-19,2153.09,SMB,0,0.40529613305082923,3
INV0018717,C01163,2025-08-19,5048.14,SMB,1,0.40527843980473693,3
INV0004116,C00602,2025-11-27,833.26,SMB,0,0.4051609899704681,3
INV0006582,C01128,2025-05-27,1412.82,SMB,0,0.4050756307256034,3
INV0006516,C01675,2025-12-20,405.19,SMB,1,0.4045263406405565,3
INV0002626,C00960,2025-11-28,1707.29,Mid-market,0,0.40438774441573155,3
INV0005683,C01300,2025-12-16,2771.13,SMB,1,0.40411487853906064,3
INV0016677,C01787,2025-12-13,15287.53,SMB,0,0.40372799491241435,3
INV0008549,C01136,2025-11-11,46375.95,Mid-market,0,0.40331749368076336,3
INV0012298,C00765,2025-07-15,6398.64,Mid-market,1,0.4033026631724643,3
INV0018164,C01405,2025-10-23,638.93,SMB,0,0.40316646767273595,3
INV0018770,C01965,2025-09-18,643.21,SMB,1,0.4029406736298829,3
INV0006710,C01672,2025-06-23,911.65,Mid-market,1,0.402871698912519,3
INV0015377,C00395,2025-11-22,1223.07,SMB,1,0.40277209223862165,3
INV0006508,C01866,2025-06-11,5959.98,Mid-market,0,0.4025973008245064,3
INV0000151,C01028,2025-08-20,2452.1,SMB,0,0.4024104119675544,3
INV0017321,C00216,2025-10-19,640.69,SMB,1,0.4022645120542414,3
INV0018274,C00086,2025-09-20,202.58,SMB,0,0.40210054664058154,3
INV0008729,C02340,2025-07-08,1533.39,SMB,1,0.40209637314787444,3
INV0019015,C00434,2025-11-20,1803.63,SMB,0,0.40167427022289093,3
INV0009006,C00917,2025-12-08,1408.88,SMB,0,0.40165739467046224,3
INV0017003,C00779,2025-11-01,2592.12,SMB,0,0.4011682290894006,3
INV0002354,C01296,2025-12-14,226.71,SMB,1,0.4011068270457652,3
INV0011059,C02340,2025-07-23,842.48,SMB,0,0.4009768563835852,3
INV0007029,C02460,2025-07-23,7025.47,SMB,0,0.4008659646768412,3
INV0011081,C01522,2025-11-07,132.53,SMB,0,0.40077573158308555,3
INV0017037,C01950,2025-09-20,753.61,SMB,0,0.40059023787149683,3
INV0019762,C00410,2025-08-31,789.25,SMB,0,0.400550963531806,3
INV0009708,C00359,2025-08-22,3609.16,SMB,1,0.400507731930575,3
INV0015847,C01299,2025-10-22,9151.72,SMB,0,0.4003951804786396,3
INV0015066,C00222,2025-07-22,9839.18,SMB,0,0.39998612231915814,3
INV0002287,C00912,2025-08-12,4157.24,SMB,1,0.39994330540533213,3
INV0013263,C00222,2025-08-14,925.35,SMB,0,0.39917208042256824,3
INV0003966,C02188,2025-12-21,270.85,SMB,1,0.3983512847509107,3
INV0018083,C01245,2025-05-27,10265.64,SMB,1,0.39778405955736773,3
INV0000487,C00999,2025-10-03,16232.34,Mid-market,1,0.3977313276082061,3
INV0019741,C00844,2025-07-28,1611.37,Mid-market,1,0.397627150658269,3
INV0003166,C00142,2025-08-03,1119.19,SMB,1,0.39752570607481363,3
INV0003497,C01381,2025-06-21,3553.03,Mid-market,0,0.3973203758491158,3
INV0007744,C00935,2025-07-10,5784.86,Mid-market,0,0.39684685538337694,3
INV0010738,C01643,2025-10-03,4657.93,SMB,0,0.3966593042654496,3
INV0012305,C00054,2025-06-19,1137.24,SMB,0,0.39647792119971514,3
INV0000978,C00176,2025-12-23,155.51,SMB,1,0.3964397402909736,3
INV0000970,C01403,2025-12-09,3583.19,SMB,1,0.3962505041135322,3
INV0018534,C00342,2025-10-01,2380.43,SMB,1,0.3961670653599976,3
INV0011270,C00869,2025-11-24,10231.82,SMB,1,0.3960993058458948,3
INV0011819,C00058,2025-09-22,4652.24,Mid-market,1,0.39589824007201346,3
INV0004572,C02355,2025-06-21,1170.64,SMB,0,0.39577993834837555,3
INV0018702,C01529,2025-07-21,1004.86,SMB,0,0.3955778838529758,3
INV0016371,C02290,2025-07-21,14932.15,Enterprise,0,0.39550859564861884,3
INV0009188,C01262,2025-07-29,2563.6,SMB,0,0.3954519104277977,3
INV0009115,C00260,2025-11-27,321.66,SMB,0,0.39523170119271983,3
INV0005184,C02463,2025-07-28,500.68,SMB,0,0.39511324646654616,3
INV0009212,C02384,2025-08-14,10882.5,Mid-market,0,0.39416740239281794,3
INV0002386,C02339,2025-06-30,2030.5,SMB,0,0.3937908518071152,3
INV0004093,C02177,2025-10-27,2700.27,Mid-market,1,0.3937572621818349,3
INV0019105,C00723,2025-12-01,1045.66,SMB,1,0.39354700128672876,3
INV0003361,C01759,2025-06-17,482.57,SMB,1,0.39335616748659513,3
INV0007159,C00100,2025-08-29,4450.17,SMB,0,0.39325624051038194,3
INV0014691,C00919,2025-11-19,1728.35,Mid-market,1,0.39312026190168664,3
INV0003872,C01280,2025-12-03,1222.27,SMB,0,0.39226114666045875,3
INV0001531,C00186,2025-09-09,188.74,SMB,0,0.3922591070096798,3
INV0015863,C01028,2025-06-03,1873.48,SMB,1,0.3920138240005278,3
INV0016628,C02362,2025-06-20,7075.64,Mid-market,0,0.39185760328569635,3
INV0019722,C00410,2025-12-13,2518.69,SMB,0,0.3918565303192645,3
INV0015118,C00844,2025-10-18,8856.62,Mid-market,1,0.3911440285089257,3
INV0014898,C00150,2025-07-23,3977.02,SMB,0,0.39111240599883934,3
INV0016413,C01239,2025-08-13,463.77,Mid-market,0,0.3910255258230038,3
INV0000375,C01336,2025-08-21,15440.18,Mid-market,1,0.3909205415797199,3
INV0013935,C02392,2025-09-20,7843.13,SMB,0,0.39071548156343766,3
INV0013969,C00079,2025-11-10,1228.17,SMB,0,0.3906731897443702,3
INV0007361,C01127,2025-11-22,5596.76,SMB,1,0.39059090897822285,3
INV0005025,C02162,2025-10-06,1159.11,SMB,1,0.39013709445882394,3
INV0005672,C02030,2025-10-02,709.89,SMB,1,0.3898082962842656,3
INV0008611,C00622,2025-12-18,2652.49,Mid-market,1,0.38965575678529873,3
INV0006877,C01419,2025-06-01,2681.42,SMB,0,0.3894758607989024,3
INV0011647,C00012,2025-08-04,8084.26,Enterprise,1,0.38901205126864813,3
INV0011514,C01839,2025-11-09,1156.13,SMB,1,0.3889089163742097,3
INV0014354,C01276,2025-11-19,1845.08,SMB,0,0.3888894122835463,3
INV0017350,C00236,2025-05-26,3240.49,Mid-market,0,0.38876670435047705,3
INV0019390,C01687,2025-10-20,503.33,SMB,0,0.38864429536639067,3
INV0001521,C01839,2025-08-15,7528.76,SMB,0,0.38795389829724486,3
INV0008844,C01136,2025-06-29,594.13,Mid-market,0,0.3878244121978234,3
INV0002472,C00778,2025-09-21,1721.15,SMB,0,0.38781482390605554,3
INV0006651,C02437,2025-07-25,1067.86,SMB,0,0.3874670076176938,3
INV0006728,C01128,2025-08-10,2343.98,SMB,0,0.38724724985455933,3
INV0008148,C01087,2025-11-10,6374.04,Mid-market,0,0.3870067082920779,3
INV0004692,C02275,2025-08-22,11982.26,SMB,0,0.38693577237587923,3
INV0015052,C01256,2025-08-27,6521.41,SMB,0,0.3861405903767979,3
INV0007665,C02113,2025-12-30,1914.44,Mid-market,0,0.3859896321582337,3
INV0002291,C00034,2025-11-25,4935.01,Mid-market,0,0.38582382762694034,3
INV0004079,C01830,2025-10-01,15042.77,Mid-market,1,0.3854521797928529,3
INV0006448,C02372,2025-12-28,1428.23,SMB,0,0.38507477000330914,3
INV0009584,C01746,2025-11-02,1655.94,SMB,1,0.3847888141696542,3
INV0015594,C00052,2025-10-27,770.21,SMB,0,0.384496622553074,3
INV0013655,C00718,2025-08-13,1890.43,SMB,1,0.3844536781088535,3
INV0006050,C00951,2025-08-11,9734.95,Mid-market,0,0.3843137828312937,3
INV0015740,C00349,2025-06-14,3291.67,Mid-market,0,0.38390967713954743,3
INV0011065,C02030,2025-10-17,367.1,SMB,0,0.38390705799407016,3
INV0009135,C02100,2025-10-31,8352.81,SMB,0,0.3838601218588094,3
INV0016905,C01905,2025-09-11,3786.12,SMB,1,0.3833890184494394,3
INV0005043,C00389,2025-06-11,10057.26,Mid-market,0,0.3831443522917415,3
INV0007236,C00237,2025-07-23,1105.13,SMB,1,0.38292883168185066,3
INV0014174,C01277,2025-09-17,834.34,SMB,1,0.38270074364594364,3
INV0019740,C01593,2025-06-16,19379.61,SMB,0,0.38261544091901734,3
INV0006671,C01184,2025-08-15,277.79,SMB,1,0.38258837564397796,3
INV0014138,C01060,2025-11-17,3449.93,SMB,1,0.3815690087845297,3
INV0017330,C00340,2025-09-09,41619.61,Mid-market,0,0.3811306631118862,3
INV0012993,C01623,2025-08-21,44758.23,Enterprise,1,0.38073028598489184,3
INV0009988,C01113,2025-12-02,29909.69,Mid-market,0,0.38070982758354666,3
INV0014539,C01154,2025-12-29,2100.9,SMB,1,0.3805813318865918,3
INV0015942,C01287,2025-10-16,32659.13,Enterprise,1,0.3800633657806133,3
INV0006182,C00393,2025-11-09,367.9,SMB,0,0.3799347995105419,3
INV0014052,C00012,2025-08-19,56048.3,Enterprise,0,0.37983142925556945,3
INV0008160,C01676,2025-07-24,4502.93,Mid-market,0,0.3797545646254228,4
INV0009432,C02035,2025-07-01,2474.87,SMB,1,0.3793276040752998,4
INV0004413,C01080,2025-09-19,805.28,SMB,0,0.379264857252553,4
INV0011370,C01303,2025-07-01,6761.59,SMB,0,0.3792583897093073,4
INV0000081,C02320,2025-10-17,7678.5,Enterprise,0,0.37924457754055363,4
INV0016580,C00662,2025-10-14,1145.53,SMB,0,0.37913913196082916,4
INV0001489,C00921,2025-08-21,2494.54,SMB,0,0.37876863787431286,4
INV0018932,C00071,2025-08-30,2800.13,SMB,1,0.3784931439132043,4
INV0011821,C01566,2025-11-25,756.8,SMB,0,0.3780938627461446,4
INV0013522,C01510,2025-07-04,12294.44,Enterprise,0,0.37775656228999416,4
INV0018789,C00361,2025-09-07,28228.85,Enterprise,0,0.3777235760876218,4
INV0016268,C00222,2025-06-24,470.64,SMB,1,0.37746849300504887,4
INV0015718,C01459,2025-05-29,1920.22,Enterprise,1,0.37648436948887554,4
INV0018377,C00280,2025-12-17,565.03,SMB,0,0.3764594715380601,4
INV0008876,C00750,2025-11-17,956.09,SMB,0,0.3758929960212064,4
INV0003736,C02282,2025-09-19,14433.24,Enterprise,0,0.3753808618769901,4
INV0019305,C00099,2025-12-15,10509.55,Mid-market,0,0.3752729008257992,4
INV0012975,C00976,2025-07-04,2060.11,SMB,1,0.3752501273625386,4
INV0004848,C00603,2025-11-19,2765.13,SMB,0,0.37510993312891544,4
INV0009609,C01175,2025-06-26,3350.55,Mid-market,0,0.3750245508432888,4
INV0011529,C02414,2025-08-16,1685.33,SMB,1,0.3744715151376517,4
INV0012911,C00073,2025-12-28,14989.97,SMB,1,0.3744189300783397,4
INV0007082,C01440,2025-10-10,1228.76,SMB,0,0.37368836368200276,4
INV0019436,C01705,2025-09-13,4860.97,Mid-market,1,0.3728653565735028,4
INV0015156,C00707,2025-08-28,1857.86,Mid-market,0,0.3726956206891155,4
INV0006903,C01093,2025-06-13,1911.92,Enterprise,0,0.3724815787343921,4
INV0001882,C01390,2025-07-03,2581.21,Mid-market,0,0.3719842683032125,4
INV0013195,C00579,2025-10-24,4096.42,SMB,0,0.37195610459365797,4
INV0014418,C01793,2025-10-10,14083.25,SMB,0,0.37178737742552903,4
INV0002427,C02272,2025-08-02,3607.86,SMB,0,0.37166365999905954,4
INV0009493,C01473,2025-09-22,796.31,SMB,0,0.3714339630009671,4
INV0007308,C01040,2025-11-23,1727.18,Mid-market,0,0.37141804055978506,4
INV0004384,C01192,2025-10-06,1135.3,SMB,1,0.37139129041351937,4
INV0012044,C00086,2025-06-24,2082.75,SMB,0,0.3713423205652233,4
INV0010546,C01624,2025-09-29,610.16,SMB,1,0.3711045247260609,4
INV0013121,C02282,2025-07-03,13182.84,Enterprise,1,0.3710553949255276,4
INV0009967,C01006,2025-11-03,1554.15,SMB,1,0.37085465768005393,4
INV0000835,C00458,2025-07-28,3525.56,SMB,0,0.3703159321212618,4
INV0003984,C01427,2025-11-04,4687.68,Mid-market,1,0.37019352862151883,4
INV0000160,C01274,2025-07-09,708.36,SMB,1,0.37019029281267374,4
INV0014367,C02257,2025-12-18,1187.19,Mid-market,0,0.3701206840340091,4
INV0014723,C01418,2025-08-01,3760.15,SMB,0,0.3698790563928594,4
INV0012603,C01905,2025-06-01,949.54,SMB,0,0.36937465692090204,4
INV0015649,C01078,2025-11-14,10500.59,SMB,1,0.36931811656514996,4
INV0012922,C01153,2025-09-23,5821.89,SMB,0,0.3691961097105494,4
INV0004156,C01597,2025-06-03,9485.24,SMB,1,0.3690472182709692,4
INV0009466,C00158,2025-06-30,545.47,SMB,1,0.3689975346616079,4
INV0013968,C01159,2025-11-29,225.01,SMB,0,0.368392453452079,4
INV0004863,C00235,2025-06-02,21775.87,Enterprise,0,0.36802122471758003,4
INV0012148,C00025,2025-12-08,1405.23,SMB,0,0.3678442818413881,4
INV0014943,C02488,2025-12-17,2813.91,SMB,0,0.3678380029583756,4
INV0002242,C01275,2025-11-02,30787.72,Enterprise,1,0.36771887796195635,4
INV0000944,C00693,2025-05-27,1109.99,SMB,1,0.36769418303818574,4
INV0019360,C02492,2025-08-26,234.26,Mid-market,0,0.3674287250069121,4
INV0004963,C00735,2025-09-23,11494.87,Enterprise,0,0.36687420027651413,4
INV0010892,C01462,2025-06-18,4710.28,SMB,0,0.3666565270956092,4
INV0002606,C01398,2025-09-23,811.9,SMB,1,0.36615649850335363,4
INV0011753,C01760,2025-05-26,687.57,SMB,0,0.3656575459335369,4
INV0003422,C01180,2025-12-03,2274.72,SMB,0,0.36495313687422604,4
INV0019145,C00561,2025-06-12,7288.14,SMB,0,0.36474941780830217,4
INV0006010,C01262,2025-10-26,957.14,SMB,1,0.3646255373117978,4
INV0010460,C00416,2025-06-26,11626.93,SMB,0,0.3643251568411396,4
INV0018037,C02009,2025-07-28,1043.3,SMB,0,0.36347888356969843,4
INV0016305,C00467,2025-11-21,4426.72,SMB,0,0.36338404585394696,4
INV0016485,C01384,2025-09-15,783.68,SMB,0,0.363359172541857,4
INV0019652,C00353,2025-09-29,2077.35,SMB,0,0.36311774888271375,4
INV0017236,C01198,2025-09-05,1091.82,SMB,1,0.36244910506219197,4
INV0008554,C01474,2025-07-14,2174.13,SMB,0,0.36229905247654526,4
INV0003527,C00383,2025-08-27,1029.17,Mid-market,0,0.36187908004416813,4
INV0004243,C02051,2025-05-29,2127.25,SMB,0,0.36172444444829094,4
INV0012768,C01848,2025-10-18,1208.57,SMB,0,0.36169554824334993,4
INV0002891,C01300,2025-08-17,1561.31,SMB,0,0.36168111079406057,4
INV0014736,C01880,2025-06-19,2233.21,Mid-market,1,0.3616548396522249,4
INV0018635,C00763,2025-10-02,813.6,SMB,1,0.36142205567969304,4
INV0000426,C00296,2025-11-23,3511.05,SMB,0,0.36116743676979474,4
INV0016823,C02030,2025-10-17,2874.5,SMB,1,0.36108425141339223,4
INV0012754,C00146,2025-07-27,3955.82,Mid-market,1,0.3610362920981037,4
INV0001690,C00557,2025-10-05,1637.17,SMB,1,0.3606141605976106,4
INV0019508,C01676,2025-10-15,4062.89,Mid-market,0,0.36056510273627956,4
INV0018978,C02364,2025-12-04,2323.94,Mid-market,1,0.3605163868707616,4
INV0016473,C01943,2025-09-05,5847.01,Mid-market,1,0.36027663596295467,4
INV0005326,C00058,2025-07-31,391.28,Mid-market,1,0.35972024699404986,4
INV0007790,C01866,2025-08-21,956.84,Mid-market,1,0.3593251991782074,4
INV0015104,C00089,2025-09-01,3095.18,SMB,0,0.3592817024776172,4
INV0015864,C01905,2025-09-15,2822.56,SMB,1,0.359218568288285,4
INV0017893,C01454,2025-06-19,1196.91,Enterprise,0,0.359192637697064,4
INV0007712,C00190,2025-07-26,8117.41,SMB,0,0.3586366519883097,4
INV0015223,C01952,2025-09-14,4637.39,SMB,0,0.35862558556423235,4
INV0005904,C00101,2025-08-10,1558.08,SMB,0,0.35860627423061153,4
INV0003473,C01220,2025-06-24,1976.78,SMB,0,0.3583910882771285,4
INV0001689,C02299,2025-10-13,6370.77,Mid-market,1,0.358243943473741,4
INV0012088,C01183,2025-09-06,1861.18,SMB,1,0.3581115608193778,4
INV0002263,C00861,2025-09-12,19772.24,Mid-market,0,0.35803014798514377,4
INV0005283,C00425,2025-10-12,3942.57,SMB,0,0.3579722301811868,4
INV0016669,C00262,2025-12-21,1876.91,Enterprise,0,0.3579408754150791,4
INV0019173,C00849,2025-09-22,5048.9,SMB,1,0.35778176985722365,4
INV0016568,C01031,2025-08-13,6530.08,SMB,0,0.3575325639380754,4
INV0009735,C02250,2025-12-08,1227.83,SMB,1,0.35748559721056994,4
INV0013345,C00547,2025-12-26,2160.09,SMB,1,0.35736981440687343,4
INV0010140,C01413,2025-08-20,2911.54,Mid-market,1,0.3573171692432357,4
INV0011570,C00423,2025-12-04,1149.42,SMB,0,0.35715282881035465,4
INV0010633,C02401,2025-05-28,932.14,SMB,1,0.35665234339549157,4
INV0001922,C01964,2025-12-08,4777.07,SMB,1,0.35664154087781286,4
INV0010688,C01312,2025-10-23,1657.11,SMB,1,0.3564049074811214,4
INV0000126,C01287,2025-06-27,3557.78,Enterprise,1,0.35636718157717356,4
INV0011345,C00539,2025-11-30,3263.77,SMB,1,0.3563119128115026,4
INV0013100,C01907,2025-07-27,1603.81,SMB,1,0.3559447413007435,4
INV0014166,C01418,2025-08-15,4578.86,SMB,0,0.35592135945120296,4
INV0007108,C01799,2025-09-29,3798.82,SMB,0,0.355776758566147,4
INV0004177,C02136,2025-10-02,2920.39,SMB,0,0.35564409289448906,4
INV0012985,C02323,2025-10-18,979.57,SMB,1,0.35559405794914156,4
INV0003339,C01934,2025-09-19,1005.52,SMB,0,0.35552154323700275,4
INV0013654,C01332,2025-12-23,523.74,SMB,1,0.35539893078328866,4
INV0012134,C00840,2025-09-13,2760.42,SMB,0,0.35535094400520073,4
INV0002308,C01536,2025-08-27,413.56,SMB,1,0.3552650366279256,4
INV0009192,C01008,2025-12-08,3560.1,Enterprise,0,0.35516487145606707,4
INV0012432,C01122,2025-08-25,2281.98,Mid-market,1,0.35506038352790986,4
INV0006563,C00829,2025-06-03,6191.44,SMB,0,0.3545573277395439,4
INV0017726,C01295,2025-08-11,2644.0,SMB,0,0.3542714007903415,4
INV0007120,C00253,2025-08-16,1417.07,SMB,0,0.3542077868314249,4
INV0005762,C00642,2025-10-27,1819.71,SMB,0,0.3541822818697334,4
INV0019927,C01877,2025-10-09,1671.37,Mid-market,1,0.35386194412893807,4
INV0008370,C00946,2025-06-08,8125.58,Mid-market,0,0.3538336505749985,4
INV0007979,C01248,2025-06-07,12227.54,Mid-market,0,0.35346839860447565,4
INV0001100,C01920,2025-12-22,2492.14,Enterprise,1,0.35337406810938593,4
INV0019824,C00667,2025-09-20,997.82,SMB,0,0.35306073756349776,4
INV0004571,C02116,2025-11-28,2594.57,SMB,0,0.35256137512241015,4
INV0005478,C02369,2025-05-28,4521.59,SMB,0,0.3524742729209724,4
INV0009867,C01192,2025-07-05,3257.52,SMB,0,0.35247100755055516,4
INV0015272,C01088,2025-11-09,946.4,SMB,1,0.35225837893611545,4
INV0004473,C00755,2025-07-01,1305.35,SMB,0,0.3522577273093064,4
INV0003875,C00041,2025-06-28,8408.18,Mid-market,1,0.35200515191361187,4
INV0015558,C02127,2025-10-09,14442.98,Enterprise,0,0.3518448607072337,4
INV0003205,C02332,2025-11-13,1661.91,SMB,0,0.3518258276367336,4
INV0004891,C00597,2025-12-07,13977.12,Mid-market,1,0.3517087346603668,4
INV0004509,C02137,2025-10-14,248.79,Mid-market,0,0.3512568097397144,4
INV0007824,C00107,2025-11-01,1242.92,Mid-market,1,0.3510935430763717,4
INV0002277,C00134,2025-10-09,1601.34,SMB,1,0.3507297288884768,4
INV0019613,C00343,2025-08-18,1013.13,SMB,0,0.350583869568392,4
INV0010597,C01829,2025-10-03,7510.91,Mid-market,0,0.3505615046133853,4
INV0014181,C01793,2025-07-29,1330.39,SMB,0,0.3504578654101795,4
INV0016297,C00982,2025-12-25,6916.24,Mid-market,0,0.3504073012677719,4
INV0013928,C01364,2025-07-06,246.36,SMB,0,0.349841880991479,4
INV0014059,C00450,2025-12-03,1911.18,SMB,1,0.3497591849259876,4
INV0018703,C02329,2025-11-13,333.48,SMB,0,0.34958164655379853,4
INV0010792,C01228,2025-10-27,34225.54,SMB,0,0.3494014274754603,4
INV0010373,C00222,2025-06-21,4760.6,SMB,0,0.3493866240019224,4
INV0019509,C00399,2025-07-11,6437.68,SMB,0,0.34927773782850785,4
INV0000883,C02229,2025-07-07,330.43,SMB,0,0.34916722851029763,4
INV0015003,C01938,2025-07-20,8103.85,SMB,0,0.34906248666834033,4
INV0017628,C02344,2025-07-13,3438.81,SMB,0,0.3489914187224815,4
INV0018214,C00180,2025-06-28,19518.63,SMB,0,0.3489590340126647,4
INV0018367,C01979,2025-11-11,2294.64,SMB,1,0.3485589195752172,4
INV0015215,C01149,2025-08-31,1309.99,SMB,0,0.3484518180729316,4
INV0010878,C02285,2025-07-31,15758.68,Mid-market,0,0.34820457875073385,4
INV0019657,C00976,2025-11-26,1932.66,SMB,0,0.3478167803642836,4
INV0010046,C00490,2025-09-06,29741.6,SMB,0,0.34759415152523576,4
INV0000134,C00718,2025-08-19,787.82,SMB,0,0.3474919476098957,4
INV0000189,C01413,2025-10-31,2861.65,Mid-market,0,0.3473791578725589,4
INV0008986,C00608,2025-09-10,7788.54,SMB,0,0.346783532568942,4
INV0008236,C01187,2025-06-12,7807.82,Enterprise,0,0.34661238186830706,4
INV0001976,C01331,2025-10-10,334.87,SMB,1,0.3463345622160966,4
INV0012209,C01000,2025-07-01,2096.6,SMB,0,0.3462798667590612,4
INV0005060,C01303,2025-06-17,717.87,SMB,0,0.34568132686208347,4
INV0012314,C01706,2025-08-07,1176.89,SMB,0,0.34547310953118676,4
INV0003808,C00251,2025-12-19,1535.26,SMB,0,0.34545929019549154,4
INV0003480,C01643,2025-10-23,822.77,SMB,0,0.3454053052402245,4
INV0010398,C02489,2025-09-02,768.21,SMB,1,0.34535444915605557,4
INV0018221,C01715,2025-12-04,10599.71,Mid-market,0,0.3449392550823049,4
INV0016082,C00272,2025-09-27,5614.54,SMB,0,0.34490201208181154,4
INV0016001,C02083,2025-10-04,967.18,Mid-market,0,0.34470170850016285,4
INV0009931,C00197,2025-07-29,3384.36,SMB,0,0.34465056699397395,4
INV0004298,C02340,2025-08-11,28353.57,SMB,0,0.344585002677807,4
INV0015204,C00916,2025-07-10,8120.35,SMB,0,0.3445459793369572,4
INV0005960,C00921,2025-06-30,2093.58,SMB,1,0.34451773597913266,4
INV0007640,C00781,2025-06-10,2839.35,SMB,0,0.344427444247651,4
INV0003696,C01093,2025-12-04,12040.5,Enterprise,0,0.3442733153695879,4
INV0010349,C01320,2025-06-21,1778.26,SMB,1,0.3442221243886128,4
INV0008544,C01690,2025-12-22,1400.92,SMB,1,0.3441798370184277,4
INV0017829,C00693,2025-12-07,9149.24,SMB,0,0.34382695628421855,4
INV0002049,C01099,2025-06-12,1775.19,SMB,0,0.3438151516550292,4
INV0010965,C02314,2025-09-18,15639.82,Mid-market,0,0.3436262110231869,4
INV0019072,C01287,2025-06-14,4782.58,Enterprise,0,0.34360402317256505,4
INV0008565,C00963,2025-12-14,5445.56,SMB,1,0.343295192464043,4
INV0016173,C01705,2025-08-21,2395.8,Mid-market,0,0.34321794229164665,4
INV0000684,C00842,2025-05-31,2035.9,SMB,1,0.34310048783550673,4
INV0000437,C00986,2025-09-19,7996.18,Mid-market,0,0.3430663012679917,4
INV0006542,C00739,2025-06-01,3619.55,Enterprise,1,0.34274604709361645,4
INV0007568,C01409,2025-10-12,2379.78,Mid-market,0,0.3426544769027075,4
INV0002659,C00951,2025-10-02,2312.16,Mid-market,1,0.3421808418503528,4
INV0013314,C01387,2025-09-08,312.76,SMB,0,0.3420583717141764,4
INV0004014,C00000,2025-08-27,2812.68,SMB,1,0.3420268266757541,4
INV0000594,C01352,2025-09-20,2905.25,Mid-market,0,0.34194818610484423,4
INV0005412,C01635,2025-10-14,1373.29,SMB,1,0.3418930532447531,4
INV0017555,C00203,2025-11-15,8911.05,Mid-market,0,0.34173454384782365,4
INV0008884,C00806,2025-10-27,793.24,SMB,1,0.341729217473723,4
INV0005098,C01965,2025-05-30,1738.33,SMB,0,0.3413886955670332,4
INV0017642,C01576,2025-08-21,611.89,SMB,0,0.3412568621624675,4
INV0008992,C00644,2025-09-29,2366.0,SMB,0,0.3412525401218091,4
INV0012751,C02357,2025-07-27,587.83,SMB,0,0.34112335856021375,4
INV0007584,C01964,2025-09-02,728.22,SMB,1,0.3410206625187369,4
INV0016900,C00580,2025-08-27,2512.14,SMB,0,0.34097879976511186,4
INV0005453,C02238,2025-12-18,2438.81,SMB,0,0.34091987999653384,4
INV0019156,C00342,2025-06-09,573.02,SMB,0,0.3400739929595297,4
INV0004842,C02389,2025-09-11,1392.78,SMB,0,0.3398022645132922,4
INV0018310,C00090,2025-05-30,521.01,SMB,0,0.3397566802415995,4
INV0016931,C00556,2025-08-13,1612.53,Mid-market,1,0.33960611274712177,4
INV0017381,C01809,2025-11-08,1140.91,SMB,0,0.3390863381561009,4
INV0012137,C00490,2025-08-23,387.38,SMB,0,0.33900548398675023,4
INV0016880,C00212,2025-09-04,471.91,Mid-market,0,0.3385750306212967,4
INV0002753,C01608,2025-06-29,3897.52,SMB,1,0.3383207735736609,4
INV0015804,C01861,2025-11-07,189.77,SMB,0,0.3381910611690283,4
INV0001545,C00657,2025-08-24,3976.78,Mid-market,0,0.33809229784177214,4
INV0015550,C00089,2025-06-21,1494.66,SMB,0,0.33794353634448165,4
INV0004814,C01209,2025-12-10,7478.22,Enterprise,0,0.337757326075328,4
INV0009335,C00827,2025-09-07,522.46,Mid-market,0,0.3371257257214409,4
INV0002698,C00230,2025-07-12,5337.03,Mid-market,1,0.3370640265989824,4
INV0019547,C02455,2025-12-12,29403.36,Enterprise,0,0.3368821778769476,4
INV0003742,C01485,2025-06-05,16351.83,Enterprise,0,0.3366415051172498,4
INV0004857,C01482,2025-06-10,2394.53,Mid-market,0,0.3363318550107405,4
INV0007215,C01624,2025-09-18,1707.82,SMB,0,0.3357997214514212,4
INV0008748,C02226,2025-09-12,746.99,SMB,0,0.3356501009666658,4
INV0008560,C02348,2025-10-06,5101.89,Mid-market,0,0.3356296378302204,4
INV0007328,C00736,2025-10-19,5167.39,SMB,0,0.335620490845203,4
INV0013139,C00387,2025-06-01,36455.96,Mid-market,0,0.3356101700580245,4
INV0017013,C02101,2025-11-02,5234.14,Mid-market,1,0.33516754100546736,4
INV0001738,C01223,2025-12-12,11692.42,SMB,0,0.3351508037355812,4
INV0009987,C00078,2025-06-04,24059.57,Mid-market,1,0.33501671350000156,4
INV0006421,C01171,2025-10-30,1917.15,Mid-market,0,0.33494300150713463,4
INV0015347,C00056,2025-10-31,1481.6,Mid-market,1,0.3348509160434142,4
INV0013325,C00951,2025-11-10,8784.18,Mid-market,0,0.33485017877503864,4
INV0002311,C01267,2025-06-04,828.72,SMB,0,0.3346102630092113,4
INV0013117,C02409,2025-11-21,695.46,Mid-market,1,0.3342733147494051,4
INV0010561,C00243,2025-09-10,9182.37,SMB,0,0.3339566627665515,4
INV0004717,C01228,2025-06-18,2354.16,SMB,1,0.3338615161880345,4
INV0011700,C00854,2025-09-05,152.27,SMB,0,0.3332257847611534,4
INV0008191,C02219,2025-07-28,1181.08,SMB,1,0.3331033390867272,4
INV0017466,C01752,2025-08-23,1447.37,SMB,1,0.33253637531888136,4
INV0004998,C01207,2025-08-16,15205.57,Enterprise,1,0.3324406442181354,4
INV0014104,C01119,2025-11-13,1925.55,Mid-market,1,0.3321282907349878,4
INV0002284,C02492,2025-12-27,7884.25,Mid-market,0,0.3318289211048145,4
INV0013662,C01423,2025-10-03,4695.55,SMB,0,0.33178262072979653,4
INV0001392,C01067,2025-09-16,1450.94,Mid-market,0,0.3317426271634722,4
INV0016752,C00921,2025-11-01,1596.0,SMB,0,0.33156106675455344,4
INV0000434,C02231,2025-10-17,1125.98,Mid-market,0,0.3311971498225375,4
INV0012766,C00238,2025-06-28,1362.36,SMB,0,0.3311482803482179,4
INV0002368,C00536,2025-05-29,3081.48,SMB,0,0.33081289177578094,4
INV0008224,C02342,2025-07-01,13681.34,Mid-market,1,0.33067013018207403,4
INV0009155,C01458,2025-09-14,4003.14,Enterprise,0,0.3306430239574989,4
INV0019579,C00779,2025-09-01,100.0,SMB,1,0.3304121253437347,4
INV0000332,C00909,2025-06-24,9907.61,SMB,0,0.33028253653105527,4
INV0008504,C02332,2025-10-17,1022.74,SMB,1,0.33014992696561146,4
INV0017791,C02426,2025-08-21,4223.36,SMB,0,0.33004896056437855,4
INV0008488,C00787,2025-11-23,3286.63,Mid-market,0,0.3297083955820016,4
INV0017415,C00597,2025-07-13,7279.38,Mid-market,1,0.3293167619445666,4
INV0018632,C00691,2025-06-13,58970.84,SMB,1,0.3292644757710412,4
INV0008936,C01881,2025-06-28,507.75,SMB,0,0.32920960361029566,4
INV0019966,C02285,2025-11-01,5204.94,Mid-market,0,0.32911945916744917,4
INV0006644,C00367,2025-09-03,4987.37,SMB,0,0.32861895034137667,4
INV0019368,C02163,2025-08-08,5439.51,SMB,0,0.3283876056153368,4
INV0012784,C02414,2025-09-08,965.27,SMB,0,0.32829622584031976,4
INV0018555,C00052,2025-11-22,5457.48,SMB,0,0.32784411695248644,4
INV0004883,C02149,2025-06-10,6269.1,SMB,0,0.32765873399013656,4
INV0007785,C01566,2025-11-18,613.51,SMB,0,0.3275422008471147,4
INV0017425,C02499,2025-09-11,3117.55,Mid-market,0,0.3274558736237725,4
INV0000030,C00978,2025-07-29,2100.14,SMB,0,0.32686173108027833,4
INV0000003,C00814,2025-12-07,240.47,SMB,1,0.3265456797792354,4
INV0011509,C00994,2025-12-23,1751.08,SMB,1,0.32641362977402283,4
INV0013110,C01905,2025-06-10,2870.85,SMB,1,0.3263587698722714,4
INV0014591,C00110,2025-08-23,642.04,SMB,1,0.32597912546548713,4
INV0009012,C01199,2025-12-11,466.25,SMB,0,0.32588521518222574,4
INV0013323,C01583,2025-08-18,35095.14,Enterprise,0,0.3258765663051382,4
INV0014021,C00756,2025-07-05,2632.93,SMB,0,0.3258129515626662,4
INV0015081,C00523,2025-09-29,338.45,Mid-market,1,0.32580821144466465,4
INV0006670,C01477,2025-12-21,1920.97,Mid-market,0,0.3256927228766965,4
INV0010719,C01275,2025-06-13,4656.49,Enterprise,0,0.3256879962546363,4
INV0005297,C00607,2025-07-03,4101.99,Mid-market,0,0.3253264172763808,4
INV0009604,C01859,2025-05-30,925.2,SMB,0,0.3252468124256727,4
INV0007956,C01854,2025-12-09,2412.21,Mid-market,0,0.3249804856260773,4
INV0015493,C01556,2025-08-31,4324.94,SMB,1,0.3249697329088227,4
INV0012549,C01403,2025-12-02,756.15,SMB,0,0.3248851497733387,4
INV0010428,C01638,2025-12-19,3861.19,Mid-market,0,0.3248841364078586,4
INV0010971,C00458,2025-06-11,1342.74,SMB,0,0.32479953667225886,4
INV0002380,C02042,2025-10-20,1147.65,SMB,0,0.3246931660426723,4
INV0001025,C00775,2025-06-30,3360.56,Mid-market,0,0.3246383689053828,4
INV0017625,C01569,2025-11-16,717.85,SMB,1,0.32417607634302437,4
INV0009261,C00010,2025-07-31,2038.29,SMB,0,0.3241380021398437,4
INV0016174,C01378,2025-12-18,3930.33,SMB,1,0.3234457144855778,4
INV0017101,C00835,2025-06-22,15740.81,Enterprise,0,0.32330670836331116,4
INV0001231,C01127,2025-06-27,993.98,SMB,0,0.3229537158891623,4
INV0002454,C02100,2025-11-25,3656.4,SMB,0,0.3228873081819392,4
INV0012951,C02100,2025-08-11,3679.59,SMB,0,0.3226954128220503,4
INV0008445,C01418,2025-08-08,396.69,SMB,1,0.3226093557602014,4
INV0004714,C00689,2025-08-25,7443.92,SMB,0,0.322498059899605,4
INV0015821,C02285,2025-06-23,2074.94,Mid-market,1,0.3224939142825288,4
INV0002820,C02113,2025-11-03,752.36,Mid-market,1,0.3224721163967224,4
INV0016609,C02226,2025-12-10,956.26,SMB,0,0.32228494769908567,4
INV0011338,C02428,2025-10-15,9915.88,SMB,0,0.32216655379482617,4
INV0003445,C00778,2025-11-25,547.1,SMB,0,0.3218912342022479,4
INV0014644,C00984,2025-12-16,849.63,SMB,1,0.32169668471914864,4
INV0016856,C00073,2025-08-24,1901.59,SMB,0,0.3216648661830557,4
INV0019009,C00413,2025-10-05,713.29,SMB,0,0.32156815939509276,4
INV0011567,C01762,2025-11-24,2333.64,Mid-market,0,0.32156141266367566,4
INV0005843,C00754,2025-07-17,516.18,SMB,1,0.3213321217050908,4
INV0016889,C01734,2025-11-17,5503.27,SMB,0,0.3210329174568892,4
INV0009747,C02178,2025-12-05,1102.22,SMB,0,0.32099229545446745,4
INV0004255,C02114,2025-09-03,4688.45,SMB,0,0.32095178169951877,4
INV0004340,C00204,2025-11-03,13105.78,Mid-market,0,0.3207209767072874,4
INV0006362,C02035,2025-08-29,208.87,SMB,0,0.32065319560569827,4
INV0000183,C00193,2025-06-28,1364.93,SMB,1,0.32063390315076357,4
INV0016734,C01224,2025-10-04,2474.4,Enterprise,0,0.32052912832051167,4
INV0004469,C00868,2025-11-10,2126.54,SMB,0,0.32052726440770835,4
INV0003358,C02158,2025-06-14,8025.59,Mid-market,0,0.32035031688333865,4
INV0010560,C01209,2025-12-28,10947.75,Enterprise,0,0.3202915484268088,4
INV0003448,C02460,2025-10-21,2853.06,SMB,0,0.32023985629600177,4
INV0012163,C02244,2025-11-03,26330.9,Enterprise,0,0.3200510977933392,4
INV0009190,C00493,2025-09-27,1080.3,SMB,1,0.3199211513519032,4
INV0011644,C01552,2025-10-11,10360.37,Enterprise,0,0.31967346679485276,4
INV0006964,C01381,2025-12-10,7175.61,Mid-market,0,0.31964256415707226,4
INV0017940,C01965,2025-12-19,2173.12,SMB,0,0.3194016792241341,4
INV0003786,C02042,2025-12-12,3659.05,SMB,1,0.31927322868073554,4
INV0016873,C01972,2025-09-24,1278.96,SMB,1,0.31908271691878665,4
INV0014214,C00976,2025-09-17,813.34,SMB,0,0.3190246066750008,4
INV0018606,C01803,2025-07-13,972.76,SMB,0,0.31886400300108225,4
INV0013014,C01879,2025-07-19,22413.5,Enterprise,0,0.3183971819403096,4
INV0000052,C00482,2025-12-10,26626.45,SMB,0,0.3183402988952269,4
INV0005471,C02392,2025-07-13,3156.32,SMB,1,0.3183270521594729,4
INV0009796,C00778,2025-07-21,3143.64,SMB,0,0.318195274619168,4
INV0013732,C00453,2025-12-20,231.69,SMB,0,0.31814115589432074,4
INV0003918,C01873,2025-10-20,1108.34,SMB,1,0.3181400776602087,4
INV0006982,C00861,2025-07-08,2673.85,Mid-market,0,0.31805676711020114,4
INV0019596,C01588,2025-06-02,1641.47,Mid-market,0,0.3173931409098638,4
INV0004403,C00880,2025-09-14,6382.17,Mid-market,0,0.31733730212048294,4
INV0011060,C00775,2025-09-28,772.37,Mid-market,0,0.31713954181962667,4
INV0011796,C01883,2025-08-08,7057.37,SMB,0,0.3171236848119743,4
INV0008603,C00814,2025-06-16,247.09,SMB,0,0.3170576355086631,4
INV0013587,C00078,2025-11-09,646.8,Mid-market,0,0.316888182226592,4
INV0009930,C00978,2025-07-23,3900.44,SMB,0,0.316847935193792,4
INV0014966,C01536,2025-11-21,24362.74,SMB,0,0.31645382487314044,4
INV0010979,C00760,2025-09-26,3986.56,Enterprise,1,0.31636249618919016,4
INV0012195,C02138,2025-10-05,590.93,SMB,0,0.3162240139112834,4
INV0006427,C02449,2025-09-18,4033.3,Mid-market,0,0.31596135329649416,4
INV0018514,C00253,2025-10-24,6314.56,SMB,0,0.31570823625607614,4
INV0004524,C00562,2025-09-01,3057.43,SMB,0,0.31531205427990583,4
INV0015738,C01807,2025-12-23,10676.62,Enterprise,0,0.31531034274729647,4
INV0009686,C01549,2025-09-02,22214.15,SMB,0,0.3150890394512841,4
INV0006315,C01544,2025-11-07,666.9,SMB,1,0.31491230557313826,4
INV0016852,C00993,2025-12-25,23935.0,Mid-market,0,0.31477642640415904,4
INV0002221,C00429,2025-07-06,2164.71,Enterprise,0,0.31464283929300524,4
INV0006142,C00364,2025-12-15,1596.62,Mid-market,0,0.31448105340188187,4
INV0015443,C00516,2025-12-09,349.62,Mid-market,0,0.3143135088779265,4
INV0015255,C01556,2025-10-28,5749.75,SMB,1,0.3140989440081284,4
INV0004954,C00885,2025-08-20,3875.21,Mid-market,1,0.3139707224331539,4
INV0014316,C00433,2025-09-14,1346.58,SMB,1,0.3139683013303598,4
INV0014842,C02138,2025-12-25,695.66,SMB,1,0.3139303606892655,4
INV0008359,C02114,2025-06-29,2071.72,SMB,1,0.3138440762009718,4
INV0015958,C00909,2025-08-09,2021.26,SMB,0,0.3137662593334448,4
INV0019797,C00139,2025-10-04,246.18,Mid-market,1,0.31371757653707955,4
INV0005223,C00091,2025-12-01,1396.68,SMB,0,0.3133555731227208,4
INV0010865,C02095,2025-11-17,927.17,SMB,1,0.313240281411574,4
INV0001021,C01324,2025-08-02,5425.68,SMB,0,0.31319929952523573,4
INV0016927,C00805,2025-07-18,6515.32,Enterprise,0,0.31304195297649895,4
INV0000658,C01149,2025-09-16,2644.29,SMB,1,0.3130403283890998,4
INV0014969,C01205,2025-10-09,1941.38,Mid-market,0,0.3130328024426089,4
INV0004530,C02126,2025-12-04,890.56,SMB,1,0.312639501418895,4
INV0007867,C02339,2025-06-13,3114.76,SMB,0,0.31248698826272575,4
INV0015149,C00957,2025-09-13,1898.3,SMB,1,0.3124525938102203,4
INV0009505,C00936,2025-10-16,528.38,SMB,1,0.31228831031196397,4
INV0015296,C01379,2025-09-03,6708.46,Mid-market,1,0.3121558517402436,4
INV0011188,C00921,2025-11-23,5956.03,SMB,0,0.31212861736488323,4
INV0005500,C00625,2025-06-05,977.13,Mid-market,1,0.31212841604995767,4
INV0002986,C01802,2025-12-25,3352.08,Enterprise,0,0.3120830343117886,4
INV0002193,C01115,2025-07-27,20339.39,Mid-market,1,0.311956893744451,4
INV0004392,C02205,2025-08-03,6293.48,Mid-market,0,0.3119314009462594,4
INV0004009,C00693,2025-10-27,1286.27,SMB,0,0.31171326753196477,4
INV0009203,C00051,2025-08-12,369.73,SMB,0,0.3116722417274803,4
INV0006345,C01832,2025-06-24,142.09,SMB,0,0.31158287252980665,4
INV0007042,C00757,2025-08-17,5823.55,SMB,0,0.3115075536457418,4
INV0010171,C01596,2025-08-07,1966.6,SMB,1,0.31128063496205866,4
INV0007696,C02495,2025-07-22,206.34,SMB,0,0.3112228244092786,4
INV0015544,C02265,2025-07-07,7546.12,SMB,0,0.3110678296959095,4
INV0000729,C01635,2025-05-27,455.9,SMB,0,0.3110213351782135,4
INV0011915,C02101,2025-11-18,2291.86,Mid-market,0,0.3109557113096814,4
INV0005137,C00579,2025-07-28,6124.53,SMB,0,0.3106852666377993,4
INV0006088,C02394,2025-09-02,537.29,SMB,0,0.31062607713749707,4
INV0002132,C02474,2025-09-27,3095.69,SMB,1,0.31059229064548177,4
INV0012749,C01759,2025-12-01,100.0,SMB,0,0.3105445305088268,4
INV0000706,C02244,2025-10-26,2330.65,Enterprise,1,0.31040246452788706,4
INV0016776,C01322,2025-05-30,2873.78,Enterprise,0,0.3102854717821344,4
INV0003285,C00946,2025-07-06,16384.01,Mid-market,0,0.3102409053454576,4
INV0009475,C01419,2025-05-26,12098.58,SMB,1,0.3102319906519163,4
INV0010293,C00634,2025-07-12,4931.76,Mid-market,0,0.30992690533806677,4
INV0000593,C01478,2025-07-27,1519.44,Mid-market,0,0.30988720705549055,5
INV0006634,C00099,2025-12-20,4106.6,Mid-market,1,0.3096404376962577,5
INV0012577,C00000,2025-07-02,3009.49,SMB,1,0.30898377946149524,5
INV0019047,C02187,2025-09-13,1573.01,SMB,0,0.3087553094389439,5
INV0019266,C01832,2025-07-28,8282.97,SMB,1,0.30845006296933436,5
INV0000910,C02198,2025-09-16,665.02,SMB,1,0.308338963044367,5
INV0007698,C00689,2025-07-05,447.87,SMB,0,0.308228584744233,5
INV0010229,C01082,2025-10-07,2150.21,SMB,0,0.3081921478936505,5
INV0010455,C00709,2025-10-18,2058.66,Mid-market,0,0.30807886341038615,5
INV0004746,C00974,2025-07-24,1291.87,SMB,0,0.3080057240375475,5
INV0013876,C02032,2025-05-26,858.97,Mid-market,0,0.30768236112418484,5
INV0004235,C00266,2025-06-30,1644.81,Mid-market,0,0.30764424014786235,5
INV0010882,C02418,2025-07-28,27541.11,Enterprise,1,0.307474141867533,5
INV0013626,C01927,2025-06-22,2718.62,Mid-market,0,0.3074559538328089,5
INV0003429,C01967,2025-10-06,24351.3,Enterprise,0,0.30745517442277115,5
INV0010061,C02348,2025-07-02,1365.98,Mid-market,1,0.307342389999877,5
INV0016868,C02329,2025-07-04,10517.69,SMB,1,0.3071864096277053,5
INV0015573,C01280,2025-09-17,20666.49,SMB,0,0.3066793018500991,5
INV0009086,C01619,2025-08-26,12773.55,Mid-market,0,0.30659675185247515,5
INV0005656,C01705,2025-12-15,26828.29,Mid-market,0,0.3062486776905344,5
INV0012225,C01213,2025-07-06,825.54,SMB,0,0.3057310510020835,5
INV0018956,C01493,2025-11-16,783.31,SMB,0,0.3057239002094954,5
INV0013306,C00679,2025-10-10,1437.27,SMB,1,0.30556174118268814,5
INV0009866,C01522,2025-05-31,1057.22,SMB,0,0.3053005621094363,5
INV0012075,C00888,2025-08-25,1009.64,Mid-market,0,0.30468836743751976,5
INV0015717,C01339,2025-09-20,2021.46,Enterprise,0,0.30463462740277586,5
INV0007885,C01608,2025-12-03,1661.81,SMB,0,0.3046195482786613,5
INV0000974,C00001,2025-11-27,8999.79,Mid-market,0,0.304298805002312,5
INV0000481,C01462,2025-06-01,1238.16,SMB,1,0.304243837083809,5
INV0004787,C00367,2025-06-10,1962.29,SMB,0,0.30400126565169083,5
INV0005207,C00745,2025-11-27,766.7,SMB,0,0.30398665129244407,5
INV0008597,C02201,2025-08-19,9791.0,Enterprise,1,0.30376735009268874,5
INV0015411,C02421,2025-10-22,4611.56,Mid-market,0,0.3035676121726782,5
INV0018822,C00322,2025-12-16,8000.07,Mid-market,0,0.3033496854176236,5
INV0000498,C01880,2025-12-09,4230.7,Mid-market,0,0.3032716835769075,5
INV0014317,C00089,2025-06-03,1442.39,SMB,0,0.30256267900785877,5
INV0003182,C01306,2025-09-06,2780.96,Mid-market,0,0.3025196461080535,5
INV0000162,C01093,2025-12-14,3106.52,Enterprise,1,0.3024815625996632,5
INV0009120,C00459,2025-05-26,1296.8,SMB,0,0.30247436892731777,5
INV0017926,C02452,2025-09-16,5392.08,Mid-market,0,0.30239170956147904,5
INV0009165,C00364,2025-09-28,3286.17,Mid-market,1,0.30227591216927774,5
INV0015978,C01014,2025-12-28,11439.18,Enterprise,0,0.3021575575767429,5
INV0019567,C01472,2025-10-04,534.99,Mid-market,1,0.3021092527782978,5
INV0015440,C01536,2025-06-10,185.4,SMB,0,0.30199415952093245,5
INV0009937,C02332,2025-09-23,100.0,SMB,0,0.3019568906840028,5
INV0008971,C02169,2025-06-10,1910.26,SMB,0,0.3018656186081908,5
INV0014562,C02238,2025-08-13,456.34,SMB,0,0.3018111352829632,5
INV0001999,C01554,2025-06-26,2972.0,SMB,1,0.3015867537750699,5
INV0004728,C00982,2025-08-01,567.18,Mid-market,0,0.30156340511128304,5
INV0007634,C00272,2025-06-14,1049.95,SMB,0,0.3015392861811704,5
INV0017380,C01648,2025-10-26,886.79,SMB,0,0.30108409815748227,5
INV0018987,C00263,2025-08-28,1420.58,SMB,0,0.30078480317574535,5
INV0005066,C00394,2025-06-21,424.9,Mid-market,0,0.30063219614800923,5
INV0009255,C00071,2025-12-24,31686.83,SMB,0,0.3005321477926719,5
INV0011368,C00502,2025-07-31,4192.06,SMB,0,0.3005205969231182,5
INV0004238,C01019,2025-08-26,471.32,Mid-market,0,0.3005128371852178,5
INV0006693,C01972,2025-11-16,1893.56,SMB,0,0.30011449910098625,5
INV0012594,C02269,2025-06-19,146.75,SMB,0,0.29988536737595145,5
INV0010991,C01902,2025-11-28,14641.71,Mid-market,1,0.2998340454013977,5
INV0018506,C01070,2025-11-06,1806.68,Mid-market,1,0.29974157407503166,5
INV0002117,C00238,2025-09-26,4352.61,SMB,0,0.29969688630631225,5
INV0001317,C01129,2025-11-08,3776.91,SMB,0,0.2995445814977165,5
INV0019307,C00263,2025-09-20,351.41,SMB,0,0.2994798858047096,5
INV0013934,C01176,2025-09-22,502.08,Mid-market,0,0.29946822088128966,5
INV0000225,C01625,2025-12-22,3929.7,Mid-market,0,0.29929623564102537,5
INV0001719,C01536,2025-08-29,2365.4,SMB,0,0.2991233558974893,5
INV0018943,C00349,2025-11-01,2744.83,Mid-market,1,0.2991211153561404,5
INV0016555,C00422,2025-05-29,400.53,SMB,0,0.2989524826065098,5
INV0006337,C00786,2025-09-27,463.23,SMB,0,0.2989046756860231,5
INV0012067,C00926,2025-11-28,288.09,SMB,0,0.2985773827595259,5
INV0000899,C00468,2025-06-27,16455.28,Mid-market,0,0.29854051810625826,5
INV0001697,C02178,2025-08-02,2922.75,SMB,1,0.2981068476428233,5
INV0001012,C01635,2025-10-28,1302.11,SMB,0,0.29810064262533625,5
INV0016206,C02209,2025-10-12,2059.26,SMB,0,0.2980316497634588,5
INV0001011,C01556,2025-07-20,1720.97,SMB,0,0.29802315174101046,5
INV0013034,C00014,2025-07-06,1506.23,SMB,0,0.2971684315845744,5
INV0018507,C01159,2025-12-25,709.19,SMB,0,0.2970908465236661,5
INV0015531,C00740,2025-12-10,396.04,SMB,0,0.2968631631313789,5
INV0015231,C01829,2025-07-31,5612.23,Mid-market,0,0.29676714360356227,5
INV0011540,C00423,2025-06-27,7074.97,SMB,0,0.2967529765072339,5
INV0011200,C01628,2025-12-04,11610.62,Enterprise,1,0.2967051815057848,5
INV0009957,C01134,2025-07-10,406.91,SMB,0,0.2963397080623624,5
INV0017820,C02467,2025-08-03,656.27,SMB,0,0.2963331764199853,5
INV0012948,C02238,2025-07-13,3005.8,SMB,1,0.2961908325508712,5
INV0011355,C01405,2025-09-21,3179.5,SMB,1,0.29618529541283745,5
INV0000089,C01792,2025-08-25,4330.64,Mid-market,1,0.29616254337859266,5
INV0005252,C00098,2025-10-20,8538.88,Enterprise,0,0.29613344178357615,5
INV0013621,C01854,2025-11-17,5987.0,Mid-market,0,0.2959944360514325,5
INV0017590,C02418,2025-10-31,12607.2,Enterprise,0,0.29599141002544793,5
INV0000726,C01900,2025-07-01,11875.85,SMB,1,0.2959582618822016,5
INV0006609,C00101,2025-08-01,810.45,SMB,1,0.2959496305334735,5
INV0004606,C02413,2025-12-02,1552.45,SMB,1,0.2957514191535333,5
INV0007311,C01800,2025-10-27,7448.27,Mid-market,1,0.2955511928991532,5
INV0012337,C01934,2025-09-26,11924.32,SMB,0,0.29547777872272346,5
INV0012677,C00161,2025-09-17,152.17,SMB,0,0.2953682800288494,5
INV0003327,C01749,2025-06-06,3216.14,Enterprise,0,0.29513703626119053,5
INV0004596,C01651,2025-08-25,1463.51,SMB,1,0.295126303940714,5
INV0003831,C01968,2025-05-30,2491.98,SMB,1,0.29512131211244297,5
INV0001131,C01127,2025-10-01,19826.63,SMB,0,0.29505618286063995,5
INV0017216,C02284,2025-12-14,4741.36,SMB,0,0.29476995154077507,5
INV0003716,C02244,2025-06-05,12207.93,Enterprise,0,0.2947336137822704,5
INV0007172,C01649,2025-11-18,5972.15,SMB,0,0.29463259063567265,5
INV0017325,C02397,2025-08-09,395.91,SMB,0,0.29456301802516016,5
INV0013525,C01555,2025-11-08,7558.14,Mid-market,1,0.2945449970736395,5
INV0003385,C01430,2025-06-27,22361.85,SMB,0,0.2944364748569826,5
INV0017169,C00227,2025-06-10,3420.51,SMB,1,0.2943818968027271,5
INV0002187,C02154,2025-12-21,2567.17,Mid-market,0,0.29434607262039136,5
INV0008641,C01220,2025-09-14,5348.47,SMB,0,0.294139241441161,5
INV0019297,C00577,2025-11-26,1253.19,SMB,1,0.2940979718233308,5
INV0003063,C00912,2025-06-15,305.82,SMB,0,0.2940046371014595,5
INV0003133,C00193,2025-09-20,156.94,SMB,0,0.2938879450717356,5
INV0007585,C00643,2025-07-30,4928.18,SMB,0,0.2937521418527004,5
INV0008437,C01454,2025-09-04,2256.62,Enterprise,0,0.29358981372056614,5
INV0018081,C00290,2025-11-01,447.42,Mid-market,1,0.2931125614267795,5
INV0002316,C01943,2025-11-06,6493.17,Mid-market,0,0.29304687998907075,5
INV0017842,C00193,2025-09-24,2459.73,SMB,0,0.2930011675549724,5
INV0003702,C01530,2025-09-22,781.03,SMB,0,0.29284502090718195,5
INV0018557,C02122,2025-06-25,2105.13,SMB,1,0.29283375149267243,5
INV0003177,C02332,2025-12-01,723.69,SMB,0,0.2924824406891577,5
INV0007064,C00606,2025-06-25,2860.46,SMB,0,0.2923798549018267,5
INV0008686,C01146,2025-09-22,160.33,SMB,0,0.2922540969495344,5
INV0005105,C01137,2025-10-22,1795.44,Mid-market,0,0.2921607002350634,5
INV0005370,C01387,2025-12-29,1313.21,SMB,0,0.29211906347772876,5
INV0003960,C01881,2025-12-26,1493.05,SMB,0,0.29200308232521377,5
INV0015187,C02042,2025-05-29,2886.01,SMB,0,0.29187031629200033,5
INV0011203,C01305,2025-08-23,666.09,SMB,0,0.29182341920022276,5
INV0011398,C00280,2025-12-05,4522.01,SMB,0,0.29181380491087033,5
INV0017454,C01314,2025-08-23,1268.91,SMB,0,0.2917293120407275,5
INV0008862,C01276,2025-09-22,1159.78,SMB,0,0.29166567119646675,5
INV0006199,C00241,2025-09-28,23914.12,Enterprise,1,0.2915603393163974,5
INV0003934,C01952,2025-10-21,367.25,SMB,1,0.29101099835472344,5
INV0002829,C01218,2025-12-14,3726.17,Mid-market,0,0.2908280282953319,5
INV0017524,C00656,2025-09-12,1909.87,SMB,0,0.2908148588233243,5
INV0014568,C00481,2025-11-23,14822.06,SMB,0,0.29056560604957715,5
INV0006398,C00711,2025-09-15,1165.83,Mid-market,0,0.29044227331741035,5
INV0019148,C01526,2025-12-07,1793.98,SMB,0,0.29031137409400937,5
INV0017383,C02455,2025-07-30,18894.63,Enterprise,1,0.2902988141993797,5
INV0009488,C02266,2025-12-08,3549.18,Mid-market,0,0.29008916265193596,5
INV0008264,C00343,2025-07-26,1385.64,SMB,0,0.2899519529628662,5
INV0019300,C01816,2025-10-28,2094.41,Mid-market,1,0.28981199947301495,5
INV0016940,C01947,2025-08-17,707.44,SMB,0,0.28980840450853435,5
INV0006932,C01619,2025-06-12,2970.84,Mid-market,0,0.289738121173082,5
INV0017372,C02097,2025-10-27,1134.3,SMB,1,0.2895974552628609,5
INV0007370,C01192,2025-09-25,31156.62,SMB,0,0.2892770290732452,5
INV0009296,C01336,2025-05-31,773.08,Mid-market,0,0.28902096416822254,5
INV0019030,C02097,2025-11-02,1628.53,SMB,0,0.2889610684868509,5
INV0016456,C02251,2025-10-12,822.39,Mid-market,1,0.2889103914345773,5
INV0008842,C01814,2025-11-30,13896.51,SMB,0,0.2889006226329838,5
INV0018767,C01814,2025-08-15,588.6,SMB,0,0.2888856312421508,5
INV0013773,C01435,2025-11-29,7363.0,SMB,1,0.28881732276249505,5
INV0016482,C02446,2025-11-25,544.79,SMB,0,0.2880809151059964,5
INV0015914,C00853,2025-06-19,572.84,SMB,0,0.2879145151307241,5
INV0013340,C01430,2025-06-14,4287.49,SMB,1,0.28787328381612604,5
INV0002863,C00784,2025-08-11,3426.05,Mid-market,1,0.2878188143049366,5
INV0007528,C02011,2025-12-24,1831.14,SMB,0,0.28779933097925303,5
INV0000924,C00106,2025-09-04,16177.66,Enterprise,0,0.28776973388000143,5
INV0003861,C00453,2025-12-30,402.13,SMB,0,0.2875978465491736,5
INV0014882,C00440,2025-09-01,8101.83,SMB,1,0.2875414780743656,5
INV0015495,C00734,2025-08-26,12209.8,SMB,0,0.2873586584939051,5
INV0010945,C00874,2025-11-10,12812.06,Mid-market,0,0.28734339368431233,5
INV0000876,C02030,2025-08-27,7525.56,SMB,0,0.28700560693007965,5
INV0010640,C00724,2025-05-26,1731.16,SMB,1,0.28698230488559523,5
INV0012649,C02114,2025-10-07,2990.88,SMB,0,0.2869692691402641,5
INV0015634,C01803,2025-06-04,4328.61,SMB,0,0.28690171315149116,5
INV0006391,C01419,2025-07-11,6440.33,SMB,1,0.2868453463047492,5
INV0002651,C01435,2025-08-17,765.23,SMB,0,0.28668154645237354,5
INV0016583,C00693,2025-09-14,2359.42,SMB,0,0.2865809558229192,5
INV0019861,C01310,2025-06-15,13423.97,Mid-market,1,0.28656378875939675,5
INV0005124,C00776,2025-10-29,1896.26,SMB,0,0.28623446915059153,5
INV0005164,C00667,2025-08-29,4001.5,SMB,0,0.2861921754006545,5
INV0008987,C01690,2025-11-12,1548.85,SMB,1,0.286120586100744,5
INV0016533,C00166,2025-09-09,1708.16,Mid-market,1,0.2860451955040632,5
INV0018688,C01082,2025-11-30,2950.38,SMB,0,0.2859717921978751,5
INV0004765,C00778,2025-11-27,5185.37,SMB,0,0.2856032266790588,5
INV0006892,C01287,2025-10-26,3201.55,Enterprise,0,0.2854962871992791,5
INV0015554,C01825,2025-12-05,815.04,Mid-market,0,0.28543885239216654,5
INV0009098,C00956,2025-09-16,40234.37,Enterprise,0,0.2853851141381127,5
INV0019479,C01889,2025-06-04,7372.4,Enterprise,1,0.2853803391413455,5
INV0014717,C01890,2025-10-17,1279.5,SMB,1,0.28524411762884777,5
INV0007469,C02103,2025-06-05,15853.21,Mid-market,1,0.2852320248452784,5
INV0016106,C02408,2025-08-16,682.22,Mid-market,0,0.28502693018691766,5
INV0016373,C02389,2025-08-20,6159.5,SMB,0,0.2849412951584251,5
INV0010883,C02299,2025-11-26,17524.61,Mid-market,0,0.2848984392575868,5
INV0007088,C02116,2025-10-24,1198.65,SMB,0,0.28477386301378904,5
INV0010170,C00049,2025-06-03,2793.79,SMB,1,0.284768090635843,5
INV0007396,C01535,2025-06-16,24095.1,Mid-market,0,0.2847235914769841,5
INV0011628,C00619,2025-12-12,20815.65,Mid-market,0,0.2846420056190669,5
INV0009993,C02332,2025-09-07,1935.55,SMB,0,0.284484415142689,5
INV0015851,C00406,2025-06-15,6051.34,Mid-market,0,0.2843266392704487,5
INV0018302,C00979,2025-10-28,1168.03,SMB,0,0.28431623730169325,5
INV0005608,C01673,2025-08-31,36884.96,SMB,0,0.2842569588537229,5
INV0016494,C02178,2025-06-23,3413.75,SMB,0,0.28408867686190975,5
INV0009447,C01874,2025-10-14,6981.07,Mid-market,0,0.2839922356685335,5
INV0019615,C00881,2025-11-08,8199.03,Enterprise,1,0.28380410625870955,5
INV0006524,C01909,2025-11-10,2024.93,Mid-market,1,0.283634410443107,5
INV0019678,C02394,2025-11-01,9651.02,SMB,0,0.28355537118437507,5
INV0007335,C02261,2025-08-15,10645.63,Enterprise,0,0.2835513695533214,5
INV0005381,C01943,2025-06-12,3493.02,Mid-market,1,0.28325753165247625,5
INV0011945,C00804,2025-07-23,352.99,SMB,0,0.28322208912928615,5
INV0018423,C00207,2025-12-13,1752.78,SMB,0,0.2830336616242743,5
INV0019799,C02176,2025-06-02,1005.16,SMB,1,0.2829637410503619,5
INV0004232,C01450,2025-11-01,6236.82,Mid-market,0,0.2828763697191251,5
INV0000877,C01031,2025-07-16,2369.7,SMB,0,0.28266261034496276,5
INV0010832,C02349,2025-12-10,628.57,SMB,1,0.28255250852233765,5
INV0012723,C00701,2025-08-31,836.09,SMB,1,0.2824709723481976,5
INV0009865,C01804,2025-08-14,4842.19,SMB,0,0.28197411384402826,5
INV0000300,C00003,2025-07-06,1614.17,Mid-market,1,0.28166970055052537,5
INV0007673,C00320,2025-12-26,973.55,SMB,1,0.28143874492116705,5
INV0007271,C00693,2025-08-17,1625.97,SMB,0,0.2812267257519744,5
INV0013275,C01346,2025-10-19,2155.34,Mid-market,1,0.28117870415253726,5
INV0019513,C01607,2025-08-08,10920.86,Enterprise,0,0.2809219209117241,5
INV0001130,C02203,2025-07-21,3591.86,Mid-market,0,0.2808773202077334,5
INV0003379,C00542,2025-07-14,7740.48,Mid-market,1,0.28069272236481424,5
INV0002798,C01606,2025-06-01,404.56,SMB,1,0.28064815587580577,5
INV0007654,C02169,2025-12-17,683.87,SMB,0,0.28032594147358797,5
INV0017655,C01297,2025-08-23,3737.16,Mid-market,1,0.27995492056587695,5
INV0015652,C00169,2025-08-20,4049.18,SMB,0,0.2799196317520356,5
INV0014546,C00406,2025-10-28,9480.94,Mid-market,0,0.27987066198049,5
INV0009216,C01968,2025-06-15,1522.31,SMB,0,0.27983521566570946,5
INV0013537,C02348,2025-09-25,4450.09,Mid-market,0,0.2797628355944176,5
INV0001537,C01430,2025-08-24,658.88,SMB,0,0.2796717242400416,5
INV0019994,C00247,2025-07-02,7066.8,Mid-market,1,0.2795281874861821,5
INV0017300,C00324,2025-06-26,7151.49,Enterprise,1,0.27944275423520354,5
INV0008318,C02446,2025-07-21,630.65,SMB,0,0.27940063767747514,5
INV0008369,C02184,2025-10-27,1101.96,Mid-market,1,0.2793918718409907,5
INV0015154,C01801,2025-11-20,455.1,SMB,0,0.2791869759250226,5
INV0004107,C00888,2025-12-22,2656.21,Mid-market,1,0.2790579544905845,5
INV0005117,C02314,2025-07-15,3182.65,Mid-market,0,0.2789542681546125,5
INV0002737,C01805,2025-06-24,63405.35,Mid-market,1,0.2787025270976754,5
INV0018029,C01295,2025-07-08,19077.38,SMB,1,0.2784450064105083,5
INV0011629,C00561,2025-09-15,3479.2,SMB,0,0.2783255395705389,5
INV0000050,C01883,2025-10-13,6055.99,SMB,1,0.2782049907511189,5
INV0015756,C02099,2025-10-03,3064.21,SMB,0,0.278136542338165,5
INV0012129,C02193,2025-12-14,2597.41,Mid-market,0,0.27777551744520634,5
INV0008059,C01430,2025-11-14,528.77,SMB,0,0.27776848840367646,5
INV0010268,C02045,2025-05-29,1097.75,SMB,0,0.2777353415288524,5
INV0014520,C00781,2025-08-04,3141.18,SMB,0,0.2776305954342362,5
INV0003292,C00018,2025-11-10,8027.34,Mid-market,0,0.27759849697153377,5
INV0001938,C00226,2025-06-24,1370.26,SMB,1,0.277435230917469,5
INV0014659,C00125,2025-07-03,869.59,SMB,0,0.2774080035162359,5
INV0015237,C01223,2025-10-08,1119.57,SMB,0,0.2774061595226712,5
INV0006048,C00076,2025-07-10,4028.71,Enterprise,0,0.2773447589044915,5
INV0007690,C00053,2025-07-06,2076.13,Mid-market,0,0.2773406141702502,5
INV0001434,C02318,2025-06-02,480.45,SMB,0,0.2773394337760726,5
INV0007399,C01900,2025-07-25,659.78,SMB,1,0.2771312681884108,5
INV0011341,C00489,2025-12-17,6113.34,SMB,0,0.27689943929394667,5
INV0002830,C01872,2025-06-05,1015.19,SMB,0,0.2767785955257165,5
INV0001571,C01968,2025-08-27,1665.21,SMB,0,0.2767102976773137,5
INV0010315,C01240,2025-08-25,5894.56,SMB,0,0.2765410159137457,5
INV0014387,C02169,2025-09-11,275.23,SMB,0,0.2765196016277806,5
INV0010607,C00657,2025-12-10,6437.81,Mid-market,0,0.2764360304279151,5
INV0015515,C00510,2025-12-08,6275.42,SMB,0,0.27640806204313867,5
INV0011615,C01699,2025-08-30,16857.46,Enterprise,0,0.27628560428782745,5
INV0008476,C02006,2025-12-23,2747.72,Mid-market,0,0.27616953465646615,5
INV0016043,C00825,2025-07-28,5016.54,Mid-market,1,0.2760877728906449,5
INV0009159,C00691,2025-06-09,2032.43,SMB,0,0.2757438371104366,5
INV0000210,C00489,2025-06-05,3145.22,SMB,0,0.2755515532628007,5
INV0001754,C01118,2025-12-04,6736.57,Mid-market,1,0.27540031919780905,5
INV0006713,C00073,2025-10-20,392.72,SMB,1,0.27515390697175446,5
INV0012381,C01062,2025-07-30,441.78,SMB,0,0.27509578376316013,5
INV0001924,C01934,2025-12-26,738.92,SMB,0,0.27464580622199053,5
INV0012184,C02029,2025-05-27,289.47,SMB,0,0.27434382704980187,5
INV0002501,C00944,2025-06-04,3020.7,SMB,0,0.2743248387171109,5
INV0017479,C00262,2025-06-03,14017.7,Enterprise,0,0.2741589945895111,5
INV0009507,C02065,2025-06-27,2052.78,SMB,0,0.27412978681707467,5
INV0006951,C02201,2025-10-14,4302.63,Enterprise,1,0.2741260592713766,5
INV0010167,C01321,2025-06-29,1033.83,Mid-market,1,0.2739083267041855,5
INV0011754,C01727,2025-06-06,3922.16,Mid-market,1,0.2738327605536011,5
INV0018238,C02295,2025-10-16,2995.81,Mid-market,0,0.27367249815922395,5
INV0002802,C01507,2025-08-11,997.31,SMB,1,0.2735280266469025,5
INV0006600,C01119,2025-06-16,4377.45,Mid-market,0,0.27340049669333194,5
INV0013529,C00665,2025-08-14,2878.32,SMB,0,0.27335136717022723,5
INV0014251,C01883,2025-11-22,3440.77,SMB,0,0.2733454884544857,5
INV0012076,C00950,2025-10-13,1248.75,SMB,0,0.2730833675518482,5
INV0012331,C01454,2025-08-30,4356.29,Enterprise,0,0.2726457151357744,5
INV0004256,C02242,2025-12-06,767.5,SMB,0,0.2725998700684756,5
INV0008122,C01284,2025-09-15,14380.84,Mid-market,0,0.27246621176959807,5
INV0016793,C01114,2025-12-19,882.11,SMB,0,0.27241988306359594,5
INV0003311,C01415,2025-11-02,439.97,SMB,0,0.2721718444784717,5
INV0006393,C01556,2025-09-24,557.36,SMB,0,0.2721352739259005,5
INV0001987,C01050,2025-05-29,3047.97,Mid-market,1,0.272014712823352,5
INV0007879,C01065,2025-12-29,2692.9,SMB,0,0.2717868828414806,5
INV0018846,C02453,2025-06-16,7892.8,Mid-market,0,0.27147712917976374,5
INV0019391,C01608,2025-07-06,3197.01,SMB,0,0.2714424000731853,5
INV0002744,C00103,2025-06-24,3249.1,SMB,0,0.2713524225185468,5
INV0019364,C01406,2025-11-18,542.61,SMB,1,0.2712841503077589,5
INV0004871,C00926,2025-07-21,590.38,SMB,0,0.270745126392321,5
INV0019409,C00225,2025-06-16,3793.24,SMB,1,0.2707104340063226,5
INV0013389,C00237,2025-06-23,1487.22,SMB,0,0.2707086417269839,5
INV0015823,C01610,2025-10-29,473.45,SMB,0,0.2705492828857641,5
INV0004579,C02174,2025-10-27,1083.26,SMB,0,0.27032690420761957,5
INV0013911,C02006,2025-10-23,5625.8,Mid-market,0,0.27031894689264524,5
INV0014970,C01671,2025-06-10,755.85,SMB,1,0.27026397781320766,5
INV0007057,C01073,2025-07-30,988.35,Mid-market,0,0.2702261300514918,5
INV0009489,C02045,2025-09-25,699.61,SMB,0,0.27008702157945313,5
INV0015518,C02330,2025-05-28,1010.47,SMB,0,0.27001618687499185,5
INV0010574,C01612,2025-09-15,4793.39,Enterprise,1,0.26987877038071867,5
INV0012996,C00640,2025-07-02,1492.9,SMB,1,0.26986040850285525,5
INV0019667,C01617,2025-11-26,1993.53,SMB,0,0.2698241274928052,5
INV0002800,C02264,2025-08-28,3196.02,Mid-market,1,0.26981439527505985,5
INV0012498,C01900,2025-11-04,10577.0,SMB,0,0.2697924013460421,5
INV0013253,C01159,2025-11-27,2342.07,SMB,0,0.2696891008818684,5
INV0006767,C00277,2025-12-30,523.57,SMB,0,0.2695141019629227,5
INV0002806,C01932,2025-09-26,3318.88,SMB,0,0.26944796218476674,5
INV0008621,C00171,2025-11-26,2940.44,SMB,0,0.269418812146736,5
INV0003475,C02232,2025-12-10,18892.07,Mid-market,1,0.269370042936274,5
INV0016799,C01062,2025-06-21,3100.38,SMB,0,0.26925875531948146,5
INV0016313,C01437,2025-12-17,1328.48,SMB,0,0.269099034967882,5
INV0015611,C00193,2025-06-15,1056.05,SMB,0,0.2689918958394225,5
INV0001110,C02179,2025-12-23,2441.18,Mid-market,0,0.2689429867491943,5
INV0009755,C02219,2025-07-19,2131.96,SMB,1,0.26875856416874966,5
INV0001744,C00754,2025-11-02,2136.94,SMB,1,0.26872428946366456,5
INV0012589,C01113,2025-08-25,4949.2,Mid-market,0,0.2686958071898626,5
INV0004864,C01122,2025-08-03,441.16,Mid-market,1,0.2685740677931092,5
INV0012521,C00233,2025-09-01,700.02,SMB,0,0.26854726576275456,5
INV0017750,C00019,2025-09-07,643.51,Mid-market,0,0.26847510006841996,5
INV0002148,C02172,2025-09-17,736.12,SMB,0,0.2683749130828638,5
INV0008012,C00983,2025-06-03,1609.52,SMB,1,0.2683727092748248,5
INV0001815,C00489,2025-11-29,2795.29,SMB,1,0.26825109328129315,5
INV0005979,C00663,2025-07-07,5791.0,Mid-market,0,0.26822475955420166,5
INV0005080,C01302,2025-06-20,15174.82,SMB,0,0.2681031859769967,5
INV0000371,C00322,2025-06-20,7923.8,Mid-market,0,0.2680302182546508,5
INV0010059,C01280,2025-08-21,3361.93,SMB,0,0.2680234536368686,5
INV0017450,C02116,2025-11-06,4850.32,SMB,1,0.26780337342227395,5
INV0004143,C00820,2025-06-30,2325.85,SMB,0,0.267777847434681,5
INV0012574,C00096,2025-11-03,5570.2,Mid-market,0,0.26775823745764665,5
INV0007501,C01461,2025-08-02,680.51,SMB,0,0.26770118660448333,5
INV0002500,C02283,2025-10-27,2760.79,Mid-market,0,0.26769938309612196,5
INV0000985,C00116,2025-08-13,5884.85,Enterprise,0,0.26750593103874626,5
INV0006428,C01299,2025-10-05,1653.46,SMB,0,0.2669682372990908,5
INV0011007,C01699,2025-10-10,638.47,Enterprise,0,0.2668308083714585,5
INV0015637,C01744,2025-12-29,1306.79,SMB,1,0.2667939665753956,5
INV0012175,C01756,2025-07-26,2751.85,Mid-market,0,0.26676279569445194,5
INV0018668,C00763,2025-11-01,4848.85,SMB,1,0.26658658549522196,5
INV0006869,C00617,2025-07-11,3578.56,SMB,0,0.2661300358495242,5
INV0016512,C01750,2025-09-04,3002.08,SMB,0,0.2660853424366392,5
INV0016735,C01516,2025-05-31,1276.32,SMB,0,0.26606753754883333,5
INV0000571,C02077,2025-12-15,361.66,SMB,1,0.26598662286191954,5
INV0012384,C01398,2025-07-26,3552.71,SMB,1,0.2657516888211236,5
INV0005300,C02074,2025-12-22,537.53,SMB,0,0.2657300482045098,5
INV0001394,C01733,2025-09-09,1127.9,SMB,0,0.26571133690444115,5
INV0009346,C00807,2025-11-30,2524.09,Mid-market,1,0.26563017113827525,5
INV0013123,C00001,2025-07-11,3075.38,Mid-market,0,0.26556904033348777,5
INV0000369,C00972,2025-06-15,2142.81,SMB,0,0.26553395117317613,5
INV0005739,C02304,2025-08-19,1215.81,SMB,1,0.2654929038922647,5
INV0012725,C00656,2025-08-15,1034.26,SMB,0,0.2652883190582736,5
INV0019257,C01848,2025-09-01,2269.58,SMB,0,0.2652714539143728,5
INV0018915,C00103,2025-11-21,1185.22,SMB,1,0.2651981361699715,5
INV0007479,C01984,2025-09-09,2989.44,Enterprise,0,0.2650876652698163,5
INV0016202,C01674,2025-11-29,4669.6,SMB,0,0.2649544755788297,5
INV0004430,C01132,2025-06-06,1427.86,Mid-market,0,0.2649341837440595,5
INV0005815,C01338,2025-11-19,4082.64,Mid-market,0,0.26487843181867027,5
INV0013265,C02130,2025-09-12,25170.35,Mid-market,0,0.2647242005011241,5
INV0001275,C01691,2025-10-25,3611.12,Mid-market,1,0.26453014858433627,5
INV0014033,C00740,2025-07-30,1173.08,SMB,1,0.2644610922070458,5
INV0003382,C00296,2025-06-09,3462.18,SMB,0,0.26423049472025995,5
INV0010258,C01242,2025-11-10,837.36,SMB,0,0.26406501418152684,5
INV0015753,C01556,2025-12-08,2664.85,SMB,1,0.2638179947747623,5
INV0016835,C00253,2025-10-04,515.75,SMB,0,0.26349743093678835,5
INV0005152,C01924,2025-12-30,1316.25,SMB,1,0.2632950997511363,5
INV0003485,C01569,2025-07-04,2039.86,SMB,1,0.26322982359825525,5
INV0002733,C02118,2025-08-21,1146.29,SMB,0,0.26274705565279777,5
INV0014110,C01294,2025-11-26,591.04,SMB,1,0.2626680710566106,5
INV0019491,C02402,2025-12-19,5470.12,Mid-market,0,0.26259006103523186,5
INV0006237,C01693,2025-05-28,7796.32,Mid-market,0,0.26238521305796875,5
INV0006617,C01671,2025-07-01,6058.6,SMB,0,0.26161274804705636,5
INV0001949,C01359,2025-07-27,5653.61,Mid-market,0,0.26152492030305824,5
INV0010937,C01600,2025-07-06,3090.85,Mid-market,0,0.2613801963749122,5
INV0017308,C00745,2025-10-17,1613.55,SMB,0,0.2612813139520675,5
INV0016450,C02130,2025-11-21,5298.36,Mid-market,0,0.2611137471965995,5
INV0008505,C01663,2025-07-21,4897.81,SMB,1,0.26110327756959667,5
INV0004088,C02035,2025-09-16,926.47,SMB,0,0.26093298451999675,5
INV0018236,C02437,2025-09-18,1883.72,SMB,0,0.2607204920405801,5
INV0007520,C02339,2025-08-03,2034.87,SMB,0,0.2605366961467513,5
INV0009696,C00733,2025-11-26,2920.67,SMB,1,0.2604445625938692,5
INV0010603,C01288,2025-08-08,3230.49,SMB,1,0.26028855847214116,5
INV0009360,C00842,2025-08-22,1302.55,SMB,0,0.2602214871197731,5
INV0019205,C01493,2025-05-31,169.67,SMB,0,0.25959293604960637,5
INV0013759,C01678,2025-12-26,1476.53,Mid-market,0,0.2594486532077193,5
INV0006057,C00975,2025-09-22,1519.05,Enterprise,0,0.25921270251108286,5
INV0010338,C01994,2025-06-26,6369.28,Mid-market,1,0.25882153362808913,5
INV0004263,C00277,2025-10-20,718.51,SMB,0,0.25881611794006226,5
INV0010734,C00130,2025-11-19,12598.2,Enterprise,0,0.2585544163804334,5
INV0006786,C01914,2025-11-20,3876.74,Mid-market,0,0.2584704763080703,5
INV0009235,C02007,2025-09-07,31161.12,Mid-market,0,0.2583296151818982,5
INV0016083,C02415,2025-06-16,6632.71,Mid-market,0,0.25831936731833677,5
INV0004074,C00471,2025-05-31,17594.33,Mid-market,0,0.2581726265676034,5
INV0003091,C00445,2025-12-30,1314.96,SMB,0,0.2580176093110491,5
INV0013066,C00733,2025-09-12,2197.23,SMB,0,0.2577777882944709,5
INV0008239,C00652,2025-08-10,477.14,SMB,0,0.25776594802304464,5
INV0015565,C01743,2025-05-28,1647.41,SMB,0,0.2577327626342112,5
INV0013840,C00266,2025-10-02,1516.93,Mid-market,1,0.25762141927148335,5
INV0013208,C00727,2025-10-20,1934.33,Mid-market,0,0.2575742499111324,5
INV0015090,C01807,2025-09-06,7469.33,Enterprise,0,0.2574209537686977,6
INV0003045,C00848,2025-09-01,282.47,SMB,1,0.25737064833290346,6
INV0017851,C01242,2025-10-13,1507.93,SMB,1,0.2572277167259433,6
INV0012010,C02194,2025-10-01,450.37,SMB,0,0.25718837755310187,6
INV0005268,C01477,2025-10-31,1207.0,Mid-market,0,0.2570981569474139,6
INV0012786,C00341,2025-09-05,1018.36,SMB,1,0.2570784610191112,6
INV0002845,C01844,2025-10-14,3087.66,SMB,0,0.2566979553464022,6
INV0003991,C01338,2025-11-03,653.64,Mid-market,0,0.25659164817962693,6
INV0002693,C01239,2025-06-17,3842.94,Mid-market,0,0.25655630042438043,6
INV0002801,C01381,2025-11-09,452.38,Mid-market,1,0.25647810951510164,6
INV0007175,C02231,2025-08-11,4774.03,Mid-market,0,0.25646421392618185,6
INV0003301,C02144,2025-11-15,2568.95,SMB,0,0.25641631161090844,6
INV0003145,C00854,2025-07-20,4970.08,SMB,0,0.25599525035558574,6
INV0003745,C00793,2025-08-05,4509.11,Enterprise,0,0.2559011555846989,6
INV0014828,C00878,2025-08-19,1837.08,Mid-market,0,0.25576246702501665,6
INV0009034,C02172,2025-07-27,7028.54,SMB,0,0.25573953711416136,6
INV0010609,C01787,2025-11-24,4777.11,SMB,0,0.2554445485718239,6
INV0005731,C01310,2025-08-02,420.01,Mid-market,0,0.2553897340329443,6
INV0008626,C00125,2025-11-15,4342.43,SMB,1,0.2553014354868124,6
INV0004003,C01233,2025-12-01,6401.02,Mid-market,0,0.2551353993613985,6
INV0016324,C02113,2025-11-17,2698.99,Mid-market,0,0.2551206182409355,6
INV0011770,C01606,2025-10-14,8900.17,SMB,0,0.2546634846437031,6
INV0011995,C00750,2025-07-13,1096.75,SMB,1,0.2546483847532496,6
INV0016061,C01779,2025-08-17,6626.85,SMB,0,0.2545856367560178,6
INV0016594,C02261,2025-05-28,4490.51,Enterprise,0,0.25455046194753783,6
INV0012928,C02490,2025-07-10,11509.81,Mid-market,0,0.2542180955471134,6
INV0008409,C01901,2025-06-28,1338.92,SMB,0,0.2538628671661261,6
INV0007300,C01230,2025-08-09,6358.28,Enterprise,0,0.2536277451166985,6
INV0012282,C02101,2025-06-30,7861.85,Mid-market,1,0.2535585560073556,6
INV0010445,C01714,2025-06-14,13992.63,SMB,0,0.2534344732021818,6
INV0014527,C00700,2025-08-08,380.09,SMB,0,0.2533591332167401,6
INV0000330,C00994,2025-10-13,6441.91,SMB,0,0.25328773854397096,6
INV0014128,C01840,2025-06-11,8801.63,SMB,0,0.2532118359711872,6
INV0005488,C02454,2025-11-23,6059.1,Mid-market,0,0.25298507418092026,6
INV0005501,C01427,2025-08-16,28912.51,Mid-market,0,0.2527920126870395,6
INV0011858,C01478,2025-07-19,801.44,Mid-market,0,0.25271387297108566,6
INV0010110,C02233,2025-07-18,1171.42,Mid-market,0,0.2526049195152788,6
INV0012480,C01302,2025-07-27,2760.19,SMB,0,0.252528462928416,6
INV0002494,C01829,2025-06-20,5585.75,Mid-market,1,0.25236794314790184,6
INV0004300,C01697,2025-09-15,1747.08,Mid-market,0,0.2523245373303799,6
INV0003981,C00689,2025-08-21,1970.37,SMB,0,0.2523059797160294,6
INV0009955,C02213,2025-06-06,303.49,SMB,0,0.25228985244973806,6
INV0014623,C01617,2025-08-10,1157.6,SMB,0,0.25213405960173063,6
INV0014212,C00437,2025-08-31,836.67,SMB,0,0.25208897417384146,6
INV0002658,C01556,2025-11-20,529.2,SMB,0,0.25207909044820354,6
INV0019349,C00106,2025-09-15,14856.71,Enterprise,0,0.2518989663514834,6
INV0016911,C00700,2025-07-27,1378.88,SMB,1,0.2517383540800603,6
INV0013727,C01952,2025-07-08,692.31,SMB,0,0.2516941581345783,6
INV0013151,C01302,2025-09-14,3941.35,SMB,0,0.2516564842828661,6
INV0008850,C00506,2025-07-22,2900.83,SMB,0,0.2515209825302228,6
INV0006068,C01566,2025-09-16,604.86,SMB,1,0.2513959340452355,6
INV0004144,C02489,2025-08-11,943.71,SMB,0,0.251391824811266,6
INV0011187,C00298,2025-08-17,2281.11,SMB,0,0.2513494494062673,6
INV0018926,C00895,2025-10-29,2598.14,SMB,0,0.25110145798275246,6
INV0008455,C01710,2025-06-29,3573.07,Enterprise,0,0.25108691798917504,6
INV0012896,C01378,2025-10-16,1582.05,SMB,0,0.25062444219893676,6
INV0004558,C00418,2025-10-21,10738.95,SMB,1,0.25041337122688784,6
INV0000757,C01009,2025-06-25,2299.06,Mid-market,0,0.25028449259262187,6
INV0005697,C01526,2025-10-22,9545.78,SMB,0,0.25013670127645854,6
INV0014930,C01826,2025-10-31,4141.3,Mid-market,0,0.24985828488874462,6
INV0015432,C01873,2025-12-12,1389.84,SMB,0,0.24979149956242527,6
INV0001973,C02226,2025-09-28,942.83,SMB,0,0.24974621890714327,6
INV0016546,C01739,2025-05-31,6009.99,Mid-market,0,0.24947792081841588,6
INV0011607,C01218,2025-07-14,1612.61,Mid-market,0,0.24918423604491116,6
INV0007324,C00542,2025-08-19,5004.96,Mid-market,0,0.24905143847952835,6
INV0005271,C00964,2025-09-14,3647.88,Enterprise,1,0.24899743258614915,6
INV0005693,C01276,2025-08-06,1412.19,SMB,1,0.24888746557129526,6
INV0011135,C02437,2025-09-02,830.11,SMB,1,0.24883236395658623,6
INV0018438,C00639,2025-06-15,15531.21,Enterprise,0,0.2487541697344243,6
INV0016145,C02233,2025-08-02,7668.32,Mid-market,0,0.24875125302183398,6
INV0015105,C01310,2025-11-03,1325.84,Mid-market,0,0.24856592020894988,6
INV0010427,C00260,2025-10-11,2267.52,SMB,0,0.24840378645840627,6
INV0011134,C00636,2025-11-25,4011.2,Mid-market,0,0.24840042640889592,6
INV0000866,C00770,2025-11-11,3891.21,SMB,0,0.24826441815841663,6
INV0000775,C01646,2025-08-19,5887.25,SMB,0,0.248151501676852,6
INV0018481,C01672,2025-12-22,1291.94,Mid-market,0,0.24808515794430286,6
INV0017718,C01767,2025-12-25,4422.35,Mid-market,0,0.24804909731770314,6
INV0001722,C01435,2025-05-26,1904.62,SMB,0,0.24803781101969144,6
INV0008612,C01282,2025-08-14,2665.22,Mid-market,0,0.2479907645091243,6
INV0003535,C00706,2025-10-19,125.62,SMB,0,0.24797300111323023,6
INV0016432,C01813,2025-10-02,2748.73,Mid-market,0,0.2476816992740354,6
INV0011501,C01782,2025-12-02,571.83,SMB,0,0.24765236693317794,6
INV0010477,C02163,2025-11-27,868.5,SMB,1,0.24753368493887742,6
INV0016020,C02270,2025-08-06,1665.15,Mid-market,0,0.24698197078338643,6
INV0014480,C01199,2025-10-11,4282.61,SMB,1,0.2468506729372627,6
INV0012541,C00630,2025-08-14,6366.69,Mid-market,1,0.2467653283807125,6
INV0013922,C00882,2025-11-03,6825.88,Enterprise,0,0.24666500917509426,6
INV0019501,C01572,2025-09-21,478.36,SMB,1,0.2465360340126763,6
INV0019091,C02334,2025-08-11,8734.39,SMB,0,0.2464111336562956,6
INV0016573,C02016,2025-06-14,3064.82,SMB,0,0.24640893789140805,6
INV0007345,C01211,2025-09-16,901.33,SMB,1,0.24638448906092733,6
INV0005879,C00251,2025-12-12,6113.23,SMB,0,0.2462424051630546,6
INV0018960,C00846,2025-08-27,81580.74,Enterprise,1,0.24620039112617162,6
INV0003664,C01524,2025-11-23,973.66,SMB,0,0.24609098445971914,6
INV0001941,C01276,2025-11-03,3473.97,SMB,0,0.24604659003854765,6
INV0000304,C02237,2025-10-16,1817.19,SMB,0,0.24600195015401558,6
INV0019503,C01172,2025-11-19,728.28,SMB,0,0.24572183751022078,6
INV0007129,C00646,2025-11-26,1452.83,SMB,0,0.24560400431249566,6
INV0018575,C00617,2025-12-28,2801.74,SMB,0,0.24550442244531995,6
INV0002864,C00387,2025-08-08,9096.4,Mid-market,0,0.2453847583307017,6
INV0010931,C00845,2025-12-03,3216.98,SMB,1,0.24526787485306767,6
INV0014315,C01486,2025-10-12,2432.67,SMB,0,0.24483054718021413,6
INV0012312,C01092,2025-07-16,6357.77,Mid-market,1,0.24479800156864387,6
INV0018857,C00001,2025-06-15,22291.41,Mid-market,0,0.24462856018144427,6
INV0012610,C01773,2025-06-04,2862.15,SMB,0,0.2444906570467815,6
INV0004559,C02227,2025-12-10,2129.45,SMB,1,0.2444103014561956,6
INV0014588,C01302,2025-11-19,1565.5,SMB,1,0.24440941785544396,6
INV0013455,C00770,2025-12-28,3018.46,SMB,1,0.24431113747378597,6
INV0011125,C00694,2025-11-21,11086.06,Mid-market,1,0.24426030285780795,6
INV0011718,C00296,2025-12-10,7794.02,SMB,1,0.24412456737879834,6
INV0013637,C00740,2025-08-06,310.57,SMB,0,0.24409530855577685,6
INV0016276,C01614,2025-11-30,1096.06,SMB,1,0.24408630846644835,6
INV0014039,C00872,2025-06-10,755.49,SMB,0,0.24386633014910966,6
INV0018136,C01986,2025-12-25,2013.92,SMB,0,0.24379765303771833,6
INV0012213,C01803,2025-07-30,1132.99,SMB,0,0.24359813008878745,6
INV0008865,C00983,2025-11-15,2901.52,SMB,0,0.24358602396977036,6
INV0008032,C01580,2025-05-27,15244.36,SMB,0,0.24355968087110427,6
INV0009632,C02149,2025-08-24,1298.14,SMB,0,0.24347437416432408,6
INV0004483,C02383,2025-07-24,3081.89,SMB,1,0.24312834669753186,6
INV0006247,C00251,2025-06-17,1895.71,SMB,0,0.24302140107437492,6
INV0006422,C00057,2025-08-13,8672.65,SMB,0,0.2430016569461768,6
INV0007314,C01656,2025-07-09,6760.72,SMB,0,0.2429819518342305,6
INV0004178,C01520,2025-11-13,414.7,SMB,1,0.2429549626686156,6
INV0013870,C01986,2025-12-24,1988.38,SMB,0,0.24283370510780797,6
INV0001289,C02009,2025-07-15,2072.24,SMB,0,0.2427516238283358,6
INV0011739,C01973,2025-08-22,349.89,SMB,0,0.24262785144645185,6
INV0017196,C00506,2025-05-28,1673.31,SMB,1,0.24259967591477602,6
INV0014438,C01844,2025-11-28,800.48,SMB,0,0.24244174589686882,6
INV0008894,C02416,2025-07-16,23720.53,Enterprise,1,0.242221977679525,6
INV0013633,C00495,2025-11-01,1348.53,SMB,1,0.24219715666052336,6
INV0011808,C02198,2025-06-21,402.82,SMB,1,0.24218850350102664,6
INV0012752,C00761,2025-12-17,3553.04,SMB,0,0.24197225623642946,6
INV0007426,C00849,2025-10-18,2139.52,SMB,0,0.2419112427961891,6
INV0000524,C00501,2025-12-16,2697.94,SMB,1,0.24181099274369733,6
INV0015779,C01221,2025-07-07,410.76,SMB,0,0.24160067845042427,6
INV0012146,C01984,2025-07-18,15575.61,Enterprise,0,0.2415457572826427,6
INV0001177,C02010,2025-06-23,1858.03,SMB,0,0.2414059389051282,6
INV0004565,C01648,2025-08-17,1075.52,SMB,0,0.24136787126558082,6
INV0001544,C00577,2025-09-02,1752.15,SMB,1,0.2409509862570962,6
INV0012278,C00970,2025-11-09,2664.97,SMB,1,0.24089883248838892,6
INV0017451,C01413,2025-07-27,200.0,Mid-market,1,0.24084173888228474,6
INV0019179,C00785,2025-08-27,3820.94,Mid-market,0,0.24061729746993887,6
INV0005298,C00655,2025-07-03,6888.82,SMB,0,0.24042807030678084,6
INV0012905,C02446,2025-06-08,7756.6,SMB,0,0.24033073355638304,6
INV0010714,C00003,2025-11-03,6065.98,Mid-market,0,0.24023591868559976,6
INV0005626,C00674,2025-06-19,1967.52,SMB,0,0.24022931536213418,6
INV0016854,C01333,2025-09-04,10697.19,Enterprise,0,0.24013598601970795,6
INV0019155,C02093,2025-11-05,1146.69,SMB,1,0.24011793524027839,6
INV0014448,C00446,2025-10-20,331.64,SMB,1,0.24006197415318672,6
INV0013344,C00402,2025-09-15,636.91,Mid-market,0,0.2397931915385535,6
INV0014709,C02138,2025-11-23,4768.76,SMB,0,0.23972942341151182,6
INV0014240,C02187,2025-07-28,1430.8,SMB,0,0.239635852319845,6
INV0010849,C02330,2025-05-26,1585.85,SMB,0,0.2395965296016384,6
INV0016772,C00596,2025-07-09,2314.34,Mid-market,1,0.23952879261329238,6
INV0010205,C01712,2025-10-27,19057.58,Mid-market,0,0.23949254277356224,6
INV0013032,C02391,2025-10-12,2921.37,SMB,0,0.23948506471397524,6
INV0017403,C02118,2025-11-06,808.8,SMB,1,0.23932855213274123,6
INV0014840,C02311,2025-06-01,685.8,SMB,0,0.23929269717415508,6
INV0008689,C01316,2025-08-03,5278.76,Mid-market,0,0.23901393985911598,6
INV0004371,C01763,2025-06-27,2210.47,SMB,0,0.23899126912235255,6
INV0019481,C01220,2025-12-03,1859.09,SMB,1,0.23883942921793794,6
INV0001007,C01954,2025-11-06,388.76,SMB,0,0.23874374564863346,6
INV0007720,C01661,2025-06-09,1149.63,SMB,0,0.23871817036331425,6
INV0016240,C02104,2025-10-17,1652.75,SMB,1,0.23871796426882044,6
INV0003493,C01614,2025-08-28,1567.57,SMB,0,0.23865167167737425,6
INV0008054,C01881,2025-11-03,2153.73,SMB,1,0.23854703725960175,6
INV0012665,C00077,2025-11-24,2299.57,SMB,1,0.2384977777773126,6
INV0015523,C00010,2025-08-07,3855.74,SMB,0,0.23848133152209794,6
INV0005674,C02499,2025-09-03,9351.02,Mid-market,0,0.23847996772803132,6
INV0013898,C01592,2025-12-30,920.79,SMB,1,0.23839727649057166,6
INV0003751,C01800,2025-08-30,2658.57,Mid-market,0,0.2382529648142371,6
INV0010935,C01872,2025-06-30,2594.76,SMB,0,0.23810012936312588,6
INV0004165,C00617,2025-10-05,2599.32,SMB,0,0.23791577460151517,6
INV0014979,C00304,2025-10-26,2657.04,SMB,0,0.23784168060002364,6
INV0012399,C02425,2025-09-08,545.53,SMB,0,0.23758456973505707,6
INV0014982,C01167,2025-11-13,1756.81,SMB,0,0.23752537982321142,6
INV0013663,C00622,2025-11-07,1748.14,Mid-market,0,0.2374194938029539,6
INV0013771,C00703,2025-08-06,992.25,Mid-market,0,0.23714545625288216,6
INV0014859,C01764,2025-10-20,1303.87,Mid-market,0,0.23709843975518413,6
INV0010857,C00740,2025-08-20,4601.79,SMB,0,0.23704014116100008,6
INV0002074,C00065,2025-07-08,2667.81,SMB,0,0.23678564964525975,6
INV0009231,C01215,2025-07-30,12939.41,SMB,0,0.2366878716763362,6
INV0012054,C00733,2025-08-30,2140.36,SMB,1,0.23652346237646377,6
INV0016178,C00282,2025-08-17,951.07,SMB,0,0.23624104283451136,6
INV0013187,C01446,2025-08-31,21750.52,Enterprise,0,0.2361887240342367,6
INV0000115,C01606,2025-11-20,8995.56,SMB,1,0.23617591035001034,6
INV0009527,C00914,2025-11-14,3892.15,Mid-market,0,0.2360572501910963,6
INV0002325,C01763,2025-07-10,25430.88,SMB,1,0.23595046736451986,6
INV0013363,C00634,2025-07-13,4106.71,Mid-market,0,0.23588509045554423,6
INV0010779,C00756,2025-07-27,347.13,SMB,1,0.23579346649768435,6
INV0003369,C01984,2025-10-14,2436.98,Enterprise,0,0.23572050549430743,6
INV0014892,C02052,2025-07-28,798.1,SMB,1,0.23568140392588435,6
INV0016572,C00839,2025-12-27,662.77,Mid-market,0,0.23550135407324982,6
INV0012149,C01714,2025-12-08,1615.57,SMB,0,0.23543571808098757,6
INV0001695,C01739,2025-07-15,5804.82,Mid-market,0,0.23524996252516248,6
INV0010148,C00480,2025-09-09,584.86,SMB,0,0.23518827735474845,6
INV0017569,C00282,2025-06-12,5466.04,SMB,1,0.23509238255285433,6
INV0003146,C02308,2025-10-15,4274.01,SMB,0,0.23509077456512917,6
INV0004057,C01036,2025-11-26,3261.8,SMB,0,0.23507092982869343,6
INV0002323,C00811,2025-09-15,1259.19,SMB,0,0.23506420339315703,6
INV0004169,C01493,2025-07-05,1368.04,SMB,0,0.234977861506051,6
INV0003586,C01663,2025-09-23,7383.24,SMB,0,0.23494265622959085,6
INV0008360,C01549,2025-06-10,371.43,SMB,0,0.23487287463946496,6
INV0011068,C02358,2025-11-25,1480.99,SMB,0,0.2346495634729459,6
INV0005254,C02104,2025-09-16,5328.94,SMB,1,0.2345505556727872,6
INV0012408,C02135,2025-12-12,1815.29,SMB,1,0.23448888514641,6
INV0007240,C00032,2025-12-09,800.38,SMB,0,0.2342723728771273,6
INV0006180,C02277,2025-12-04,8847.77,SMB,1,0.23412824390357767,6
INV0008859,C02169,2025-09-13,2940.68,SMB,0,0.23410860378957188,6
INV0013618,C00263,2025-07-17,270.64,SMB,1,0.23391012366969602,6
INV0006253,C00853,2025-10-08,3021.6,SMB,0,0.23352428643893455,6
INV0018800,C00644,2025-06-27,4154.25,SMB,1,0.2334987820974194,6
INV0017498,C01358,2025-06-01,248.68,SMB,1,0.23328775997037035,6
INV0011421,C02337,2025-10-31,8139.68,Mid-market,0,0.2332026332529456,6
INV0011263,C01143,2025-10-09,2280.59,Mid-market,0,0.2332000439206956,6
INV0008163,C00260,2025-12-04,7785.36,SMB,1,0.23280312517425322,6
INV0016848,C01288,2025-08-28,5471.8,SMB,0,0.23278734171643484,6
INV0009917,C00679,2025-05-27,4226.29,SMB,0,0.23266375021886543,6
INV0004193,C00771,2025-06-26,2229.2,SMB,0,0.23245439967687517,6
INV0013528,C01073,2025-10-18,1816.78,Mid-market,1,0.23243751228056245,6
INV0013416,C01651,2025-05-29,1383.05,SMB,0,0.23231896329520668,6
INV0011828,C02499,2025-11-24,1348.66,Mid-market,1,0.23226225054927785,6
INV0019372,C00922,2025-10-30,4355.2,Mid-market,1,0.23215186722242273,6
INV0009084,C01124,2025-11-15,3692.47,Mid-market,0,0.23181348642031882,6
INV0005972,C00304,2025-10-02,2303.87,SMB,1,0.23173775293848065,6
INV0016056,C00364,2025-09-14,3140.93,Mid-market,1,0.23128032399644932,6
INV0010916,C00240,2025-08-21,1662.38,SMB,0,0.23127061149565858,6
INV0004030,C02111,2025-09-12,2443.66,SMB,0,0.23118690034926784,6
INV0008297,C01886,2025-11-10,711.4,SMB,0,0.23117031563087032,6
INV0014988,C00102,2025-10-20,383.97,SMB,1,0.23116765695859012,6
INV0002545,C02113,2025-07-25,2565.06,Mid-market,1,0.2308484640366595,6
INV0015241,C02388,2025-10-10,11512.3,Mid-market,0,0.23077500290926178,6
INV0003573,C01057,2025-10-19,4270.28,SMB,0,0.23075895418336814,6
INV0011660,C00051,2025-08-04,1317.57,SMB,1,0.2307223083888529,6
INV0016544,C00838,2025-11-25,839.34,SMB,1,0.23059332146503114,6
INV0010966,C00176,2025-06-10,1858.47,SMB,0,0.2304871426941551,6
INV0008287,C01806,2025-07-08,2310.42,Mid-market,0,0.2304467291074148,6
INV0008535,C01354,2025-12-26,996.03,SMB,1,0.23040054978553678,6
INV0015932,C01167,2025-10-05,784.05,SMB,0,0.2303647084179944,6
INV0010795,C01934,2025-10-25,3207.71,SMB,0,0.23014806092504994,6
INV0001201,C01008,2025-11-21,16224.99,Enterprise,0,0.22965427718792444,6
INV0003579,C01684,2025-06-25,2044.82,SMB,1,0.22965082560275343,6
INV0008200,C00727,2025-07-30,1914.26,Mid-market,1,0.22958692012160892,6
INV0013790,C01807,2025-12-24,2208.18,Enterprise,0,0.22944659306538814,6
INV0009887,C01803,2025-06-03,850.75,SMB,0,0.2293720639889649,6
INV0003365,C01554,2025-06-02,3907.69,SMB,0,0.22930130597784776,6
INV0007843,C00675,2025-12-17,484.95,SMB,0,0.2292183831614719,6
INV0016778,C01509,2025-12-10,43249.21,Enterprise,0,0.22913638987504514,6
INV0001773,C00422,2025-07-31,3449.91,SMB,0,0.22896735531041973,6
INV0009916,C00270,2025-11-02,812.47,SMB,0,0.22889654385941982,6
INV0004702,C01808,2025-07-16,916.01,SMB,0,0.2288821116680149,6
INV0000219,C00991,2025-06-09,14441.59,Mid-market,1,0.22887955724605635,6
INV0001400,C02133,2025-09-28,520.61,SMB,0,0.22886345472674086,6
INV0018627,C02038,2025-07-27,197.59,SMB,0,0.2283444331143217,6
INV0009856,C01936,2025-07-29,1193.85,SMB,1,0.2283267603587423,6
INV0005395,C00135,2025-10-17,1250.27,Mid-market,0,0.22813306111190454,6
INV0000232,C00761,2025-11-20,15339.97,SMB,1,0.2280588247013514,6
INV0007295,C02373,2025-10-23,3950.74,SMB,0,0.22794791702859676,6
INV0015363,C00526,2025-10-04,2783.88,SMB,0,0.22772181351143242,6
INV0013172,C02238,2025-10-03,1060.49,SMB,1,0.2276723380913616,6
INV0014757,C00171,2025-07-17,726.68,SMB,0,0.22754458035684236,6
INV0011285,C00254,2025-12-09,4916.09,SMB,0,0.2273366407281322,6
INV0004452,C01276,2025-12-11,300.43,SMB,0,0.22733550100722003,6
INV0014197,C02144,2025-09-11,985.23,SMB,1,0.22728318104396783,6
INV0006380,C00669,2025-09-24,3634.31,Mid-market,1,0.2269267988905674,6
INV0010004,C02409,2025-09-14,7031.99,Mid-market,0,0.2267632806631759,6
INV0007983,C01314,2025-09-26,582.63,SMB,1,0.22675069761655428,6
INV0005663,C00873,2025-08-22,1973.26,Mid-market,0,0.22671868894272007,6
INV0013967,C01886,2025-11-04,282.49,SMB,0,0.2266372717342891,6
INV0001292,C00336,2025-12-23,1887.22,SMB,1,0.2266299480535721,6
INV0014016,C00361,2025-11-10,20668.26,Enterprise,0,0.2264307432651879,6
INV0004885,C00784,2025-09-30,2263.26,Mid-market,0,0.22637074040453511,6
INV0016241,C01202,2025-09-30,1483.53,SMB,0,0.22624897642086778,6
INV0007005,C02043,2025-07-04,5792.25,Mid-market,0,0.22610291626658494,6
INV0019465,C01539,2025-06-21,2590.28,SMB,1,0.22599150659369346,6
INV0004335,C00238,2025-07-20,3741.52,SMB,0,0.2257512970800455,6
INV0001258,C01607,2025-09-28,11362.84,Enterprise,0,0.2257261294040718,6
INV0016236,C00206,2025-12-02,3113.88,SMB,0,0.22556660214945246,6
INV0016706,C01922,2025-11-22,2329.33,Mid-market,0,0.22554437047736667,6
INV0012783,C01981,2025-10-20,18156.66,SMB,0,0.22550514365389177,6
INV0018839,C00139,2025-09-13,1278.96,Mid-market,1,0.22540680397516216,6
INV0010924,C02409,2025-07-21,1986.68,Mid-market,0,0.225308749070254,6
INV0004949,C01509,2025-08-11,5535.83,Enterprise,0,0.22527360604726118,6
INV0002704,C02101,2025-06-25,2651.93,Mid-market,0,0.22526991071222469,6
INV0004262,C00181,2025-12-08,24195.28,Enterprise,0,0.22511023453320075,6
INV0019566,C01698,2025-11-05,17905.34,Mid-market,1,0.22505996641063336,6
INV0016743,C02304,2025-10-26,1313.69,SMB,0,0.2249256142472843,6
INV0000819,C00296,2025-10-04,4899.73,SMB,0,0.22455344721331594,6
INV0007777,C00219,2025-06-27,1212.12,SMB,0,0.22436588927145473,6
INV0008062,C00661,2025-11-01,4976.75,SMB,0,0.2243590967130664,6
INV0017390,C01273,2025-07-23,2427.92,SMB,0,0.2243172587253455,6
INV0019473,C00219,2025-08-13,1264.67,SMB,0,0.22412462128497143,6
INV0004018,C02499,2025-12-25,2914.96,Mid-market,1,0.2241117076850383,6
INV0013276,C00405,2025-05-26,5060.67,SMB,1,0.2240244380407203,6
INV0014787,C02168,2025-08-14,10790.45,SMB,0,0.22389319170200067,6
INV0011781,C02058,2025-08-22,622.71,Mid-market,0,0.22371444062949666,6
INV0010141,C00049,2025-11-15,2905.69,SMB,0,0.22368669746545833,6
INV0015647,C00082,2025-08-16,2459.72,Mid-market,0,0.22362966932783543,6
INV0015824,C01146,2025-10-02,990.6,SMB,0,0.22360985474929396,6
INV0017771,C01233,2025-06-30,325.78,Mid-market,0,0.2234791080478932,6
INV0015506,C01889,2025-08-17,23835.59,Enterprise,0,0.2234225738734681,6
INV0018551,C00811,2025-06-16,11165.06,SMB,0,0.22331235000446426,6
INV0007304,C01680,2025-06-24,12047.6,Mid-market,0,0.22328425096101548,6
INV0019511,C02467,2025-08-06,3080.42,SMB,0,0.22319308637822044,6
INV0007733,C00049,2025-08-30,1761.1,SMB,0,0.2231895677424721,6
INV0012769,C00908,2025-11-06,4259.37,SMB,1,0.22315231000265695,6
INV0011133,C00872,2025-11-04,4505.55,SMB,0,0.2230555051289775,6
INV0014333,C00229,2025-06-11,1363.25,SMB,0,0.22304934133116644,6
INV0008513,C00113,2025-09-14,4771.76,Enterprise,1,0.22298232212654176,6
INV0003884,C01045,2025-12-15,1343.45,SMB,1,0.2228873536000816,6
INV0016045,C02446,2025-09-17,8290.61,SMB,0,0.22272423547037615,6
INV0007642,C00157,2025-09-21,1464.24,Mid-market,0,0.22271318683830504,6
INV0014327,C02420,2025-07-03,2670.29,SMB,0,0.22259480804714107,6
INV0015112,C01494,2025-06-18,1508.67,SMB,0,0.2225791997262154,6
INV0001085,C00378,2025-11-25,878.96,SMB,0,0.2224910579592823,6
INV0005016,C02446,2025-10-20,2357.32,SMB,0,0.22243470758326186,6
INV0011392,C01140,2025-10-18,386.62,SMB,0,0.22240517114029976,6
INV0010977,C02172,2025-12-04,7607.31,SMB,0,0.22238907440995825,6
INV0018313,C02027,2025-11-14,3258.95,SMB,0,0.22234789662625942,6
INV0002924,C02149,2025-08-03,1953.21,SMB,0,0.2221425141916325,6
INV0007227,C00874,2025-12-06,1046.61,Mid-market,0,0.22204640080100127,6
INV0008421,C00102,2025-06-26,4793.34,SMB,0,0.2219404564906237,6
INV0000865,C00024,2025-06-11,4130.85,Mid-market,0,0.22172684191282094,6
INV0007461,C01802,2025-07-21,5897.38,Enterprise,1,0.22157490848274347,6
INV0001097,C00437,2025-07-24,1082.45,SMB,1,0.22140480898171783,6
INV0017453,C02300,2025-11-24,4354.38,SMB,1,0.2213564490452527,6
INV0012365,C01347,2025-05-30,4904.68,SMB,1,0.22128169306809023,6
INV0009637,C00422,2025-12-16,1318.75,SMB,0,0.2211406034473719,6
INV0009864,C02056,2025-08-08,3356.8,Enterprise,0,0.22103709624241213,6
INV0000074,C01512,2025-10-14,16455.32,Mid-market,1,0.2208403516105047,6
INV0003501,C01530,2025-12-01,5948.89,SMB,0,0.22073127772433418,6
INV0005643,C00717,2025-08-17,1141.45,Mid-market,0,0.22066700736422395,6
INV0008028,C00899,2025-05-30,590.64,SMB,0,0.22033820527760034,6
INV0015840,C00125,2025-08-20,2484.39,SMB,0,0.22029253962949796,6
INV0013261,C01049,2025-11-06,3025.42,Mid-market,0,0.22028550399057417,6
INV0012118,C01718,2025-10-15,5646.01,Mid-market,0,0.22018792327205292,6
INV0009167,C00003,2025-10-20,5479.58,Mid-market,0,0.21967843233271622,6
INV0004128,C02242,2025-08-18,18084.34,SMB,1,0.2196346572839219,6
INV0016265,C01567,2025-08-10,3275.52,SMB,1,0.219364369875844,6
INV0014286,C01176,2025-07-12,1679.1,Mid-market,0,0.21934179282145902,6
INV0005494,C02176,2025-12-08,1817.26,SMB,0,0.21927964101807598,6
INV0009855,C01399,2025-12-26,3133.74,SMB,1,0.2192162614543965,6
INV0003670,C02267,2025-08-29,882.87,SMB,0,0.21907957622147184,6
INV0008892,C01394,2025-12-07,3032.85,SMB,1,0.2189057583069549,6
INV0015586,C01641,2025-10-29,1071.23,SMB,1,0.21889015924215274,6
INV0016693,C00861,2025-10-07,3972.79,Mid-market,0,0.21886869642418286,6
INV0010637,C02397,2025-10-21,1896.92,SMB,0,0.21878200109670856,6
INV0001141,C00282,2025-06-23,632.47,SMB,0,0.21842598073909805,6
INV0013442,C02341,2025-09-16,2909.31,SMB,1,0.21840898529976244,6
INV0015693,C00727,2025-10-02,2208.66,Mid-market,0,0.21839788175856606,6
INV0016231,C00763,2025-08-13,15288.57,SMB,0,0.2183453682096408,6
INV0015596,C01321,2025-07-10,10173.05,Mid-market,0,0.21810967375954518,6
INV0013498,C01952,2025-08-28,908.22,SMB,1,0.21800700675583953,6
INV0019814,C01192,2025-08-23,1485.01,SMB,0,0.21799103033398057,6
INV0005284,C00347,2025-06-25,1014.44,Mid-market,1,0.21794146370215986,6
INV0010783,C01806,2025-10-20,24051.56,Mid-market,1,0.21781721848481453,6
INV0009103,C00531,2025-09-02,15181.61,Mid-market,0,0.21777451788909558,6
INV0019727,C00498,2025-08-30,6579.33,SMB,0,0.21753105972542652,6
INV0004349,C01414,2025-06-30,2491.65,Mid-market,0,0.21752544583900132,6
INV0006001,C00014,2025-06-23,821.64,SMB,0,0.2174027119602787,6
INV0009108,C02413,2025-12-12,15020.98,SMB,0,0.2172476194301789,6
INV0013435,C02149,2025-07-18,2508.53,SMB,0,0.2167037687056598,6
INV0007727,C00057,2025-08-30,357.72,SMB,0,0.216559844004716,6
INV0001016,C00553,2025-07-13,1768.24,Mid-market,0,0.21655465759207743,6
INV0011881,C01366,2025-05-27,1857.0,Mid-market,0,0.21653926012881186,6
INV0002684,C00432,2025-11-12,1819.05,SMB,0,0.21649747608823183,6
INV0004546,C02289,2025-06-22,13767.19,Mid-market,0,0.2164363793860561,6
INV0014462,C02068,2025-09-23,17359.84,Enterprise,0,0.2163282242878704,6
INV0000827,C02397,2025-07-05,1314.0,SMB,0,0.2161888503381066,6
INV0004855,C00756,2025-06-10,444.14,SMB,0,0.2159846523470288,6
INV0014913,C00965,2025-11-17,510.18,SMB,0,0.21592702802483205,6
INV0002751,C00442,2025-12-11,127.03,SMB,0,0.21587233199965933,6
INV0005828,C00923,2025-06-10,584.71,Mid-market,0,0.21574227200346105,6
INV0015065,C02499,2025-06-02,3015.86,Mid-market,0,0.21533026899864638,6
INV0004418,C01057,2025-06-02,1095.03,SMB,0,0.21529191026467515,6
INV0015802,C02295,2025-12-05,2562.72,Mid-market,0,0.21525736620616887,6
INV0013600,C00221,2025-08-28,7855.05,Enterprise,0,0.21524533108126617,6
INV0011097,C00106,2025-10-12,5791.5,Enterprise,0,0.21511481704816104,6
INV0018237,C00867,2025-12-05,1900.22,SMB,0,0.21510943793578483,6
INV0005021,C00459,2025-06-27,745.96,SMB,0,0.21490405182737815,6
INV0003735,C02037,2025-07-09,949.89,SMB,0,0.21481833704657088,6
INV0003923,C00280,2025-07-31,779.1,SMB,0,0.21477644841154442,6
INV0016126,C01952,2025-07-21,893.76,SMB,0,0.21462246687123795,6
INV0008602,C00705,2025-07-13,717.08,SMB,1,0.21453642993234553,6
INV0006041,C02498,2025-09-13,901.96,SMB,0,0.21452203522124655,6
INV0002344,C01491,2025-07-27,4591.7,Mid-market,0,0.21451048085106839,6
INV0015239,C02338,2025-11-18,3997.62,Mid-market,1,0.21450053848219397,6
INV0018283,C01195,2025-10-14,15080.22,SMB,0,0.2144899675072453,6
INV0014738,C00053,2025-10-10,6440.4,Mid-market,0,0.21429380318497218,6
INV0002949,C00141,2025-07-16,1908.1,SMB,1,0.21428593128292492,6
INV0008728,C00430,2025-07-25,2848.24,SMB,0,0.2142654114054978,6
INV0015656,C01973,2025-11-10,6188.64,SMB,1,0.21424228876709928,6
INV0001380,C01184,2025-07-06,4146.71,SMB,1,0.2142133918972228,7
INV0017803,C01802,2025-08-30,3804.35,Enterprise,0,0.214097714544109,7
INV0019712,C01750,2025-12-13,4753.86,SMB,1,0.2137835681819518,7
INV0015514,C02198,2025-08-05,1436.73,SMB,0,0.21377719282784854,7
INV0017311,C01467,2025-07-15,4842.07,Enterprise,0,0.21365362718631623,7
INV0009095,C02271,2025-11-03,110.35,SMB,0,0.21364133343166983,7
INV0011076,C00901,2025-11-01,5880.47,SMB,1,0.21363032904387233,7
INV0012496,C01646,2025-05-29,1097.68,SMB,0,0.21357806077336652,7
INV0006452,C00859,2025-11-22,927.77,Mid-market,0,0.21355835057506162,7
INV0002915,C02384,2025-07-07,1540.49,Mid-market,0,0.21351037195442407,7
INV0013605,C02391,2025-08-07,2836.81,SMB,1,0.21345931369358317,7
INV0018719,C00477,2025-11-04,754.83,SMB,0,0.21343227741429527,7
INV0016516,C01259,2025-09-07,1578.73,SMB,0,0.21314164163873486,7
INV0000417,C00085,2025-09-30,10795.27,SMB,0,0.21303724453533,7
INV0012310,C01981,2025-12-24,2530.2,SMB,0,0.21297516590772073,7
INV0010626,C02126,2025-12-21,2748.9,SMB,1,0.21280852250681004,7
INV0004288,C01685,2025-08-13,4355.97,SMB,0,0.2124526888333725,7
INV0016274,C01646,2025-08-18,6428.72,SMB,1,0.212388779483728,7
INV0018566,C00438,2025-10-04,2503.5,Mid-market,0,0.2123576592600969,7
INV0000701,C01359,2025-08-16,4780.61,Mid-market,0,0.21215753499779913,7
INV0013700,C01560,2025-07-19,7616.69,SMB,0,0.21211243162612206,7
INV0015731,C01337,2025-12-15,1855.53,SMB,0,0.21188166509573167,7
INV0013623,C01571,2025-11-19,1013.3,SMB,1,0.21181568686914026,7
INV0009944,C02453,2025-11-09,708.01,Mid-market,0,0.21179400791913605,7
INV0002219,C00691,2025-08-07,2041.01,SMB,0,0.2117905940755428,7
INV0010019,C00674,2025-07-28,1018.37,SMB,0,0.21159195125205688,7
INV0018149,C01817,2025-06-25,15675.3,SMB,0,0.21151210567926307,7
INV0009449,C01838,2025-06-03,1030.04,SMB,0,0.2114243361066899,7
INV0002035,C00026,2025-12-26,1035.62,SMB,0,0.21126814451407427,7
INV0018230,C02419,2025-10-23,2115.09,SMB,0,0.2111592410959249,7
INV0012854,C00280,2025-05-28,367.54,SMB,1,0.21098123010673905,7
INV0001885,C02359,2025-07-18,3216.5,SMB,0,0.21090379302687523,7
INV0007936,C01036,2025-12-21,1844.95,SMB,0,0.21090272197506107,7
INV0016798,C00083,2025-08-16,6346.51,SMB,0,0.2108788497466854,7
INV0000348,C00646,2025-07-21,450.78,SMB,0,0.21067201311851694,7
INV0015246,C00705,2025-11-07,5741.04,SMB,0,0.2106362267145022,7
INV0004529,C02212,2025-06-03,1507.87,SMB,0,0.21052541761032692,7
INV0012958,C00710,2025-09-03,821.53,SMB,1,0.21025132523846418,7
INV0012477,C01396,2025-09-03,15646.55,Mid-market,0,0.2099174586035381,7
INV0007756,C00252,2025-06-19,8366.42,SMB,0,0.2098201646735587,7
INV0019507,C00956,2025-11-06,11538.7,Enterprise,0,0.2098201322722814,7
INV0010160,C00380,2025-10-06,1896.3,SMB,0,0.2098103142433151,7
INV0012613,C02334,2025-08-28,2723.67,SMB,0,0.20976382012112765,7
INV0001368,C00339,2025-12-15,6522.14,Enterprise,0,0.20969114819385246,7
INV0004858,C02072,2025-09-06,3259.99,SMB,0,0.2096552756512897,7
INV0018540,C01862,2025-11-23,3277.36,Enterprise,1,0.20963961890326896,7
INV0007589,C01886,2025-11-29,191.84,SMB,0,0.20952202485533775,7
INV0009137,C00067,2025-07-06,21825.82,Enterprise,1,0.2094051985010669,7
INV0014345,C00882,2025-08-31,12972.56,Enterprise,0,0.2093779688970423,7
INV0016761,C00206,2025-05-27,1018.19,SMB,0,0.20936216537544936,7
INV0018278,C00929,2025-11-01,699.1,SMB,0,0.20921155449515774,7
INV0000730,C01160,2025-10-11,451.34,SMB,0,0.2092103339202827,7
INV0010958,C02358,2025-09-16,216.81,SMB,0,0.20900257360368424,7
INV0005896,C02414,2025-10-25,741.57,SMB,0,0.20899548115569933,7
INV0019273,C01664,2025-11-17,1393.0,SMB,0,0.2088835697003841,7
INV0013848,C00712,2025-09-22,1783.49,SMB,0,0.20877409534584843,7
INV0014751,C00016,2025-11-06,716.05,SMB,0,0.20870102544660596,7
INV0006679,C00636,2025-08-18,5896.74,Mid-market,0,0.20852565220335814,7
INV0006005,C01182,2025-12-19,1092.62,SMB,0,0.20848933153991767,7
INV0004148,C00970,2025-08-08,514.04,SMB,0,0.20847840886065944,7
INV0012235,C01467,2025-07-07,9686.31,Enterprise,0,0.2084275141271143,7
INV0000448,C01867,2025-12-28,2007.3,SMB,0,0.20827784474237385,7
INV0010678,C02499,2025-11-04,18273.72,Mid-market,0,0.20823362481407828,7
INV0004917,C01355,2025-07-29,689.23,Mid-market,0,0.20820394423220087,7
INV0008116,C02318,2025-09-12,4175.83,SMB,1,0.2081010609750392,7
INV0011335,C01472,2025-12-07,5107.67,Mid-market,0,0.20809939895496404,7
INV0015076,C01120,2025-11-12,412.16,Mid-market,0,0.20801594351586494,7
INV0001496,C01661,2025-09-13,1842.15,SMB,0,0.2079774486939264,7
INV0003953,C01932,2025-06-14,3515.91,SMB,1,0.2079598656392688,7
INV0000373,C00599,2025-07-13,3656.74,Mid-market,1,0.20774236451541886,7
INV0013822,C01115,2025-07-20,1193.49,Mid-market,0,0.20771317803844147,7
INV0000780,C01174,2025-07-06,9839.21,Mid-market,0,0.2076779177241429,7
INV0004737,C01404,2025-08-04,1846.8,SMB,1,0.2075865422522071,7
INV0007463,C01983,2025-12-20,9793.83,Mid-market,0,0.20754842352594563,7
INV0011857,C01217,2025-11-27,2588.18,SMB,0,0.20752696168842855,7
INV0013965,C00690,2025-11-04,2167.85,SMB,0,0.20750629097757367,7
INV0018569,C02041,2025-11-12,573.47,SMB,0,0.20741710514783473,7
INV0009523,C02192,2025-08-02,2412.54,SMB,0,0.20728401965492446,7
INV0006011,C00007,2025-05-26,3019.58,Mid-market,1,0.20695845757719664,7
INV0010667,C01047,2025-10-13,2782.48,Mid-market,0,0.20688091413654847,7
INV0009785,C00668,2025-07-25,1558.92,Mid-market,0,0.20683954815695524,7
INV0013642,C00391,2025-06-23,1097.54,SMB,0,0.20671390933277786,7
INV0005009,C00796,2025-12-06,232.65,Mid-market,0,0.2066568626763867,7
INV0003816,C01475,2025-07-02,651.13,SMB,0,0.2066195225419792,7
INV0012559,C02102,2025-11-13,1385.61,SMB,0,0.20655960647203475,7
INV0008072,C02264,2025-08-02,368.39,Mid-market,0,0.20651369677810746,7
INV0008385,C01919,2025-08-09,21782.87,Mid-market,1,0.2064721749046326,7
INV0016049,C01698,2025-11-25,13347.12,Mid-market,1,0.2063849307492248,7
INV0014980,C01538,2025-06-19,962.43,SMB,1,0.20615846081223696,7
INV0018889,C00573,2025-11-22,4605.47,SMB,1,0.20612689843506277,7
INV0017026,C00675,2025-12-15,2113.24,SMB,0,0.20605381547451623,7
INV0002254,C01572,2025-06-14,941.52,SMB,0,0.20605016331064147,7
INV0009788,C01862,2025-06-13,12411.78,Enterprise,0,0.20604976926603094,7
INV0012051,C02302,2025-06-04,357.89,SMB,0,0.20603489718921286,7
INV0011420,C01859,2025-11-10,8830.06,SMB,1,0.20599290350000604,7
INV0009093,C00488,2025-07-11,3617.53,SMB,0,0.20594395396986548,7
INV0018613,C01723,2025-12-13,917.07,SMB,0,0.20583620185650192,7
INV0012639,C00870,2025-06-27,1232.03,SMB,0,0.20577259148030752,7
INV0012978,C02129,2025-07-30,525.29,Mid-market,0,0.20569027495042902,7
INV0006263,C00455,2025-09-29,1308.61,Mid-market,1,0.2056533924130747,7
INV0010021,C01449,2025-11-03,659.08,SMB,0,0.20557927913038632,7
INV0002223,C00678,2025-06-13,1000.17,SMB,0,0.20546406329804712,7
INV0001147,C00103,2025-06-25,791.78,SMB,0,0.20545001077697295,7
INV0010962,C00323,2025-05-29,5683.21,SMB,1,0.20538588341246045,7
INV0001121,C02270,2025-12-27,4149.11,Mid-market,0,0.20490817907994185,7
INV0009938,C01169,2025-11-18,3933.35,SMB,0,0.20478502263320375,7
INV0008143,C01005,2025-08-13,5376.53,Mid-market,0,0.2047826708331427,7
INV0012428,C00866,2025-12-09,7753.32,Mid-market,1,0.20472147215589984,7
INV0016899,C01829,2025-08-22,2739.69,Mid-market,0,0.2046963960007191,7
INV0009588,C01754,2025-11-06,1496.19,Mid-market,1,0.20422461505484601,7
INV0009078,C02145,2025-11-26,11418.18,SMB,1,0.20418102449351597,7
INV0013881,C01783,2025-10-18,3549.54,SMB,0,0.20405613723664506,7
INV0007943,C02414,2025-06-14,293.32,SMB,1,0.20403961822844496,7
INV0012165,C02383,2025-07-30,8822.47,SMB,0,0.20376014772366569,7
INV0012113,C02101,2025-12-01,8258.38,Mid-market,0,0.20372132317145275,7
INV0000628,C02318,2025-07-12,2757.26,SMB,0,0.2036993095856438,7
INV0016657,C01430,2025-07-21,1644.17,SMB,0,0.2036857735420381,7
INV0010530,C01723,2025-10-11,2204.59,SMB,0,0.2035171937600911,7
INV0015577,C00417,2025-07-17,1815.44,SMB,0,0.2034729435966679,7
INV0015720,C02453,2025-10-07,1041.64,Mid-market,0,0.20312465703396484,7
INV0006774,C01511,2025-06-04,3558.67,Mid-market,0,0.20303670620156564,7
INV0017082,C00438,2025-10-27,10844.41,Mid-market,1,0.20278593651151877,7
INV0017166,C00971,2025-11-26,1767.23,SMB,0,0.2027361174101591,7
INV0009736,C00506,2025-08-21,4406.36,SMB,1,0.2024547787320928,7
INV0014155,C01324,2025-10-07,763.63,SMB,0,0.2022725221304235,7
INV0007406,C02499,2025-12-16,4082.04,Mid-market,0,0.20212932575213385,7
INV0016136,C01509,2025-08-31,3643.91,Enterprise,1,0.20212283195128392,7
INV0017744,C00554,2025-10-03,942.0,SMB,0,0.20204248081424075,7
INV0008968,C01787,2025-07-21,2370.65,SMB,0,0.20199972727873997,7
INV0014205,C02302,2025-08-17,2086.56,SMB,0,0.20188296419188367,7
INV0007702,C01843,2025-05-28,12565.29,Enterprise,0,0.20157617327992142,7
INV0006894,C01149,2025-07-19,324.9,SMB,0,0.20152951583359885,7
INV0005210,C01242,2025-11-01,1132.89,SMB,1,0.2015075704194388,7
INV0007433,C01415,2025-08-15,2793.91,SMB,1,0.20144941896748994,7
INV0005417,C01311,2025-10-29,5277.98,Mid-market,0,0.20141133055163338,7
INV0002667,C01322,2025-09-27,14261.91,Enterprise,0,0.20126712665783678,7
INV0019990,C00337,2025-10-16,416.92,SMB,0,0.20119194661603823,7
INV0018300,C01072,2025-08-20,1165.62,SMB,0,0.2011624999509085,7
INV0015157,C02148,2025-06-09,367.86,SMB,0,0.20114351266657596,7
INV0005167,C00700,2025-06-20,3178.26,SMB,0,0.201051531185104,7
INV0000967,C00347,2025-07-10,3874.25,Mid-market,0,0.2010409615922709,7
INV0012584,C01754,2025-12-20,2177.77,Mid-market,0,0.20095701486550782,7
INV0005102,C00721,2025-09-01,2022.32,SMB,0,0.20073165138293536,7
INV0019396,C02198,2025-06-29,964.27,SMB,0,0.20071447501360165,7
INV0018734,C00102,2025-06-18,681.48,SMB,0,0.20070048260575668,7
INV0012296,C00274,2025-09-23,6212.77,SMB,0,0.20060866976624048,7
INV0016099,C02499,2025-06-14,2938.51,Mid-market,0,0.20053214830930274,7
INV0015139,C01572,2025-12-05,1830.8,SMB,0,0.2004621913804774,7
INV0003777,C00204,2025-07-24,4635.55,Mid-market,0,0.20041660598611824,7
INV0001418,C00721,2025-07-02,3038.05,SMB,0,0.20027565252270366,7
INV0000825,C00586,2025-10-11,3679.08,SMB,1,0.20026836425579783,7
INV0003155,C00965,2025-12-06,3174.05,SMB,0,0.20004071243083843,7
INV0012807,C01269,2025-12-12,1047.64,Mid-market,0,0.19998588480231705,7
INV0006888,C01762,2025-09-26,8337.52,Mid-market,0,0.1995320746111624,7
INV0006486,C02041,2025-09-15,14837.89,SMB,0,0.19946994068964768,7
INV0009114,C01800,2025-09-23,1417.62,Mid-market,1,0.1994692606331564,7
INV0016521,C01874,2025-08-30,34816.71,Mid-market,0,0.19938893819821252,7
INV0002624,C01780,2025-06-25,13308.18,SMB,0,0.19937368270838443,7
INV0003367,C01826,2025-11-13,21028.95,Mid-market,0,0.19928189151202735,7
INV0006554,C00078,2025-12-11,20345.25,Mid-market,0,0.19922629056916288,7
INV0004437,C02153,2025-12-30,29323.27,Mid-market,1,0.1992158223849548,7
INV0005094,C01020,2025-08-02,3687.9,SMB,0,0.19916720780798824,7
INV0006203,C00124,2025-08-31,2789.3,SMB,0,0.19910824565731525,7
INV0000429,C00541,2025-09-29,4697.56,Mid-market,0,0.1990649806572526,7
INV0003676,C02417,2025-08-20,2401.89,Mid-market,1,0.1989944233082803,7
INV0013089,C00219,2025-05-31,1105.76,SMB,0,0.19883662246515568,7
INV0001704,C01120,2025-08-26,5449.06,Mid-market,0,0.19878653844048383,7
INV0004804,C01176,2025-09-26,1709.58,Mid-market,0,0.19867274221707062,7
INV0016066,C00633,2025-11-10,3843.13,Enterprise,0,0.19841785895704364,7
INV0010439,C00816,2025-12-05,1684.54,Mid-market,0,0.19837231885771328,7
INV0010342,C00965,2025-07-28,6369.93,SMB,0,0.19823580016968886,7
INV0013617,C02168,2025-06-18,1340.98,SMB,0,0.1981968589559637,7
INV0018027,C01092,2025-07-09,4998.76,Mid-market,0,0.19811738578657093,7
INV0004543,C00138,2025-07-30,2564.14,Mid-market,0,0.19797000947119767,7
INV0003220,C02068,2025-08-22,2585.9,Enterprise,0,0.19795849688612913,7
INV0017042,C01310,2025-06-12,4590.28,Mid-market,0,0.19792280665759143,7
INV0008659,C01859,2025-09-29,2733.95,SMB,0,0.1979049274240965,7
INV0005963,C01736,2025-10-09,7083.11,Enterprise,0,0.19787761987976266,7
INV0009928,C01143,2025-07-01,2139.97,Mid-market,0,0.197831899630182,7
INV0001954,C02258,2025-08-25,5424.15,SMB,0,0.19778515063490812,7
INV0012123,C01007,2025-10-13,1059.04,Mid-market,0,0.19771740664441764,7
INV0010552,C01654,2025-08-22,1686.26,SMB,0,0.19769747220756262,7
INV0002846,C02292,2025-11-13,2091.18,SMB,1,0.19749222110809586,7
INV0010165,C00227,2025-10-01,1292.76,SMB,0,0.19749191041634143,7
INV0018853,C00021,2025-06-02,1096.16,SMB,0,0.19730790811801424,7
INV0018586,C01558,2025-11-11,1999.17,SMB,0,0.1972421122877935,7
INV0010412,C01914,2025-09-17,17025.48,Mid-market,0,0.19696905214487456,7
INV0014239,C00243,2025-09-21,4542.74,SMB,0,0.19690909895939085,7
INV0018165,C00569,2025-08-28,6734.51,Enterprise,0,0.19658786386224444,7
INV0005811,C00157,2025-12-08,1893.59,Mid-market,0,0.19622676687963786,7
INV0015455,C02356,2025-12-20,1111.55,SMB,0,0.1957877634759116,7
INV0012707,C00737,2025-09-12,518.51,SMB,1,0.19578302821309862,7
INV0016388,C00565,2025-06-02,5654.28,Enterprise,0,0.1957260764038454,7
INV0017407,C00247,2025-05-30,5452.52,Mid-market,0,0.19562836865587524,7
INV0012635,C00573,2025-09-01,5336.81,SMB,0,0.19559863115458964,7
INV0010814,C01968,2025-07-22,1015.87,SMB,0,0.1955926330379521,7
INV0013984,C00134,2025-08-11,1646.06,SMB,0,0.19538023022381978,7
INV0013080,C00392,2025-09-28,407.53,SMB,0,0.19520930595553598,7
INV0005074,C01708,2025-08-12,1241.38,Enterprise,0,0.19511998223763471,7
INV0007572,C00696,2025-08-09,666.0,SMB,0,0.1950719270980235,7
INV0012272,C02149,2025-05-28,464.27,SMB,0,0.19493967059496728,7
INV0005291,C01793,2025-09-27,2605.56,SMB,0,0.19476074612972474,7
INV0004225,C00248,2025-09-21,17609.52,SMB,0,0.19475079711359344,7
INV0008155,C01641,2025-06-28,3430.19,SMB,0,0.1946358280003881,7
INV0005660,C01968,2025-06-09,1914.77,SMB,0,0.19460951857515613,7
INV0010115,C02121,2025-12-03,357.3,SMB,0,0.19450086005199071,7
INV0003781,C02483,2025-08-20,36155.72,Mid-market,0,0.19443076801509068,7
INV0002835,C00797,2025-08-13,2003.91,Mid-market,0,0.19417807191348174,7
INV0015810,C00604,2025-11-14,4079.36,SMB,0,0.19403533808404047,7
INV0013887,C02091,2025-07-29,6872.76,Mid-market,0,0.19399707874609423,7
INV0016085,C00106,2025-11-13,21616.3,Enterprise,0,0.19393560660435338,7
INV0017777,C00382,2025-08-02,900.45,Mid-market,0,0.19390708740637388,7
INV0017721,C01049,2025-12-01,7911.39,Mid-market,0,0.19374833204334108,7
INV0003218,C01332,2025-07-04,754.07,SMB,0,0.19370462581531345,7
INV0000272,C01224,2025-08-08,9579.68,Enterprise,0,0.19359975584698091,7
INV0006322,C02349,2025-08-28,4025.68,SMB,0,0.193579776450189,7
INV0003901,C01327,2025-06-15,403.83,SMB,1,0.19349248777176248,7
INV0008293,C01102,2025-08-24,802.09,SMB,1,0.19338878537628656,7
INV0015609,C01230,2025-09-27,6040.16,Enterprise,0,0.19336042782028756,7
INV0000666,C00537,2025-11-02,3386.43,Enterprise,0,0.1933429683198615,7
INV0004365,C02031,2025-10-30,3734.65,Enterprise,0,0.19329682736599157,7
INV0006249,C00867,2025-10-06,4973.6,SMB,0,0.19320802940470663,7
INV0019056,C00612,2025-08-28,15960.73,Mid-market,0,0.19301005739389002,7
INV0007514,C02395,2025-10-13,3674.2,Mid-market,0,0.19288070255897005,7
INV0005658,C01941,2025-08-30,2420.28,Mid-market,0,0.19260720096191747,7
INV0005089,C01494,2025-10-30,4189.8,SMB,0,0.19260305363561395,7
INV0018426,C00807,2025-08-08,4346.76,Mid-market,1,0.19252173026126382,7
INV0001619,C02072,2025-07-04,2248.72,SMB,0,0.19232599406989426,7
INV0003845,C01914,2025-08-26,2853.32,Mid-market,1,0.1922899932102458,7
INV0002746,C02127,2025-12-06,21837.97,Enterprise,0,0.19218326508374714,7
INV0005458,C02373,2025-12-04,16664.27,SMB,0,0.19217985201575802,7
INV0017447,C02310,2025-10-26,450.93,SMB,0,0.19212388525254012,7
INV0003150,C01806,2025-11-18,9513.87,Mid-market,0,0.19193684839946967,7
INV0019413,C01009,2025-11-17,2257.69,Mid-market,0,0.19193105180908046,7
INV0000983,C01741,2025-08-11,7155.47,SMB,0,0.19192425067958452,7
INV0008739,C02302,2025-12-02,409.35,SMB,1,0.19178789706416877,7
INV0002276,C02371,2025-10-21,858.42,SMB,1,0.19166250929327194,7
INV0019085,C02347,2025-08-12,6250.43,SMB,0,0.19161646835811882,7
INV0013852,C00218,2025-07-01,657.21,Mid-market,0,0.1916134955867794,7
INV0018662,C01140,2025-10-07,2952.14,SMB,1,0.19154180938543955,7
INV0016834,C01672,2025-07-11,3796.77,Mid-market,1,0.19143004474870817,7
INV0017314,C00042,2025-12-25,2553.55,SMB,0,0.19130918818070566,7
INV0006966,C00090,2025-10-31,956.49,SMB,0,0.19121521138659678,7
INV0005855,C01969,2025-08-15,1662.82,SMB,0,0.19121483550473653,7
INV0007131,C01517,2025-08-12,448.99,SMB,0,0.1911379631964821,7
INV0013003,C01095,2025-12-21,774.92,SMB,0,0.19107446376411744,7
INV0015965,C01736,2025-12-18,7978.12,Enterprise,1,0.1909487368254182,7
INV0003538,C00307,2025-11-11,2112.73,Mid-market,1,0.190845537782803,7
INV0019412,C01704,2025-06-12,7728.4,SMB,0,0.1906188643387448,7
INV0013844,C02099,2025-09-17,3450.83,SMB,0,0.1905085610084468,7
INV0018167,C00678,2025-06-11,3568.73,SMB,1,0.19038340103266466,7
INV0006167,C02356,2025-10-17,5063.67,SMB,1,0.190323585779727,7
INV0004419,C01874,2025-09-25,1633.34,Mid-market,0,0.19031341901903828,7
INV0019025,C00160,2025-08-08,2373.71,Enterprise,1,0.19024490063527905,7
INV0001579,C00296,2025-11-30,1554.96,SMB,0,0.18988656678298377,7
INV0007000,C00937,2025-06-08,1801.57,Mid-market,0,0.18979557627572938,7
INV0010864,C02414,2025-07-08,4503.78,SMB,0,0.1896762221344846,7
INV0002275,C01272,2025-08-31,2288.44,SMB,0,0.18925956964325613,7
INV0015233,C00337,2025-08-31,2526.74,SMB,1,0.18916864022253937,7
INV0002561,C02482,2025-12-02,1497.43,Mid-market,0,0.18876761857076257,7
INV0019559,C01829,2025-06-30,1410.43,Mid-market,0,0.18874305226615676,7
INV0004089,C02316,2025-09-19,667.01,SMB,0,0.18871727518064774,7
INV0000587,C01378,2025-07-11,670.0,SMB,0,0.1886557651707726,7
INV0017051,C01180,2025-08-20,1674.1,SMB,0,0.18864281072035374,7
INV0003639,C00767,2025-12-26,1138.4,SMB,1,0.1886349582519176,7
INV0003363,C01712,2025-10-01,7446.64,Mid-market,0,0.1886348929539727,7
INV0013339,C01905,2025-12-26,1715.62,SMB,1,0.18860082586860766,7
INV0009299,C01095,2025-08-21,1671.8,SMB,1,0.18847810407110024,7
INV0016438,C00617,2025-10-17,6879.57,SMB,0,0.1884703253703837,7
INV0018576,C02192,2025-07-09,1088.89,SMB,0,0.188370036694955,7
INV0007787,C01092,2025-07-24,272.64,Mid-market,0,0.18815473521899947,7
INV0001382,C00177,2025-11-10,1612.8,SMB,0,0.18806261121128423,7
INV0013838,C02383,2025-10-08,1400.22,SMB,0,0.18803249002805278,7
INV0007516,C01691,2025-07-12,1896.69,Mid-market,0,0.1880013055926473,7
INV0001415,C00316,2025-10-10,2511.67,SMB,0,0.1879645599936452,7
INV0010885,C00153,2025-12-02,1093.26,SMB,1,0.18787248911548052,7
INV0015111,C02167,2025-08-02,1106.41,SMB,0,0.18772065716391348,7
INV0008766,C01796,2025-11-08,3417.12,SMB,0,0.18763015533264002,7
INV0011323,C02343,2025-09-18,2023.65,SMB,0,0.18761824093986285,7
INV0018631,C00308,2025-07-06,2654.63,SMB,0,0.18755671652406525,7
INV0011414,C00670,2025-09-26,664.25,SMB,0,0.18744649744753483,7
INV0018176,C00705,2025-06-01,2728.62,SMB,0,0.18739684158472483,7
INV0015020,C00501,2025-10-07,2443.36,SMB,0,0.18733008927143063,7
INV0016648,C01704,2025-11-29,1857.35,SMB,0,0.1872432485685926,7
INV0015069,C02356,2025-11-18,2962.2,SMB,0,0.18721686911801602,7
INV0006204,C01688,2025-09-09,1388.94,SMB,0,0.18714976954168377,7
INV0000903,C01451,2025-09-01,1652.91,SMB,1,0.18704459232076165,7
INV0016111,C00310,2025-12-28,1779.17,SMB,1,0.18693464785361633,7
INV0012471,C02456,2025-06-11,4151.87,Enterprise,0,0.1868317047378783,7
INV0001829,C00443,2025-10-18,562.38,SMB,0,0.18673909363060576,7
INV0003876,C01516,2025-07-08,5529.96,SMB,0,0.18665653398764567,7
INV0015376,C00948,2025-10-05,21253.81,Mid-market,0,0.18645347855027647,7
INV0019971,C01701,2025-07-18,2723.29,Mid-market,0,0.18642961675582373,7
INV0003585,C00365,2025-12-06,9883.71,Mid-market,0,0.18638850163726522,7
INV0000971,C00032,2025-11-22,1909.27,SMB,0,0.18638120761444843,7
INV0000722,C02147,2025-11-05,455.45,SMB,0,0.18625153416974088,7
INV0009201,C02256,2025-07-16,708.32,SMB,0,0.18624210313578596,7
INV0003394,C01000,2025-11-21,9838.42,SMB,1,0.18622836050962527,7
INV0017913,C00712,2025-11-25,2953.96,SMB,0,0.1861255979455705,7
INV0014677,C01706,2025-08-18,2527.95,SMB,0,0.18601289100236557,7
INV0002375,C02083,2025-11-22,30595.17,Mid-market,0,0.18589210594233962,7
INV0019402,C02454,2025-08-16,2601.78,Mid-market,0,0.18587879868298968,7
INV0010756,C01360,2025-06-17,1895.39,Mid-market,0,0.18578755487191365,7
INV0001747,C00352,2025-07-25,1185.96,SMB,0,0.18545582012876524,7
INV0013603,C00430,2025-11-23,1449.43,SMB,0,0.18543457345195802,7
INV0004055,C02109,2025-06-22,4226.41,Mid-market,1,0.18539611288585803,7
INV0019747,C02045,2025-09-03,1001.25,SMB,1,0.18533023335274176,7
INV0008880,C00637,2025-12-25,614.07,SMB,0,0.18522763554498933,7
INV0009332,C02152,2025-11-26,1146.37,SMB,0,0.18521754494089282,7
INV0018871,C02318,2025-09-06,830.84,SMB,0,0.1851493166323728,7
INV0012234,C02255,2025-10-12,6826.47,SMB,0,0.18508317878761518,7
INV0013281,C02059,2025-06-28,5627.26,Mid-market,1,0.18503376368761063,7
INV0009921,C00537,2025-11-14,15105.15,Enterprise,0,0.18494764002086667,7
INV0002421,C00652,2025-08-26,2412.38,SMB,0,0.1848935077993226,7
INV0010686,C01600,2025-08-04,1348.41,Mid-market,0,0.18481094694933708,7
INV0004747,C01030,2025-06-07,3151.45,SMB,0,0.18477471497037015,7
INV0009559,C00341,2025-12-28,299.44,SMB,1,0.1847731396769958,7
INV0007122,C01084,2025-10-10,2571.46,Enterprise,0,0.18474708105447887,7
INV0003811,C00487,2025-07-19,2307.88,Mid-market,0,0.18461125224037056,7
INV0006234,C00901,2025-10-02,828.62,SMB,0,0.18446104684207085,7
INV0003217,C00421,2025-07-17,2127.84,SMB,0,0.18440830317046966,7
INV0006125,C01796,2025-09-13,1794.7,SMB,0,0.1844003390775265,7
INV0013138,C01449,2025-06-10,2361.86,SMB,0,0.1843620985876031,7
INV0004776,C01397,2025-10-21,991.52,Mid-market,0,0.18433288756363603,7
INV0017165,C01045,2025-09-20,752.85,SMB,1,0.18426100143628063,7
INV0010151,C01015,2025-05-28,2258.6,SMB,0,0.18425160513130595,7
INV0001979,C02164,2025-08-03,2261.52,Mid-market,0,0.1841187190104876,7
INV0002832,C01021,2025-06-10,517.83,SMB,0,0.18407113504767006,7
INV0006000,C01068,2025-06-24,4484.78,Enterprise,0,0.18399312035212112,7
INV0003255,C02233,2025-12-17,4310.44,Mid-market,0,0.18393462521629927,7
INV0007486,C01494,2025-08-30,1290.35,SMB,0,0.18392679126195022,7
INV0017857,C01221,2025-11-06,5246.96,SMB,0,0.183915756887304,7
INV0003008,C01698,2025-06-29,2573.86,Mid-market,0,0.18389249163799654,7
INV0014350,C00943,2025-11-11,1128.86,Mid-market,0,0.1838865589706766,7
INV0017269,C01415,2025-07-08,3381.91,SMB,0,0.18379652817827705,7
INV0011334,C01394,2025-08-23,1022.24,SMB,0,0.18359408728795654,7
INV0003350,C02258,2025-11-14,2083.33,SMB,0,0.1835502233771564,7
INV0001333,C00870,2025-10-05,761.97,SMB,0,0.18338010309125694,7
INV0012647,C01097,2025-11-19,1564.33,Mid-market,0,0.18319459296671392,7
INV0011626,C01001,2025-08-28,789.36,SMB,1,0.1830371348886327,7
INV0009161,C01640,2025-10-13,1631.36,SMB,0,0.18295035024155162,7
INV0003406,C02164,2025-06-11,5818.85,Mid-market,0,0.18284556314032055,7
INV0002014,C02041,2025-09-02,2760.28,SMB,0,0.18274307692496772,7
INV0016694,C00599,2025-11-04,2028.06,Mid-market,0,0.1827122166813126,7
INV0019758,C01281,2025-12-13,1742.88,Mid-market,0,0.18255678493645924,7
INV0013710,C01666,2025-06-21,9041.31,Mid-market,0,0.1825528031988857,7
INV0000922,C02171,2025-09-06,4440.03,Enterprise,1,0.18255051891702906,7
INV0005047,C01013,2025-05-28,3018.14,Mid-market,0,0.1824289627477891,7
INV0005703,C00507,2025-12-08,6423.4,SMB,0,0.182382100778653,7
INV0016818,C01726,2025-12-19,4535.81,SMB,0,0.18233779807465386,7
INV0018712,C00115,2025-06-20,2186.07,SMB,0,0.18231006215038298,7
INV0010747,C00796,2025-05-30,12726.3,Mid-market,0,0.1823031361839046,7
INV0011503,C02416,2025-05-31,5013.16,Enterprise,0,0.18221114727215468,7
INV0010113,C01014,2025-07-28,2937.88,Enterprise,0,0.18218671427998198,7
INV0013168,C00983,2025-09-04,5301.01,SMB,0,0.1821776120954109,7
INV0012159,C01110,2025-10-21,4704.62,SMB,0,0.1821700635414499,7
INV0009724,C00175,2025-12-03,10850.9,Mid-market,0,0.18189897905263275,7
INV0016949,C00169,2025-12-03,2821.38,SMB,0,0.18163246380257567,7
INV0010550,C01774,2025-11-13,4493.59,Enterprise,0,0.18143971344742943,7
INV0001205,C01684,2025-09-20,2060.12,SMB,0,0.1813814198395443,7
INV0004836,C00904,2025-08-15,450.0,Enterprise,0,0.18133385839405355,7
INV0007734,C01574,2025-08-20,2486.09,SMB,0,0.1812841726286152,7
INV0007371,C01822,2025-09-24,18626.76,Enterprise,0,0.18120665275506295,7
INV0010152,C01269,2025-08-25,3310.82,Mid-market,0,0.18118002762401342,7
INV0004414,C02038,2025-11-06,1322.25,SMB,0,0.18113745759993982,7
INV0012907,C00822,2025-09-10,4204.66,SMB,0,0.18108136421946705,7
INV0007293,C01658,2025-08-29,2213.45,Mid-market,0,0.1810045218287477,7
INV0011732,C00114,2025-07-30,2556.1,SMB,1,0.18096856943766537,7
INV0002227,C00811,2025-12-23,2786.26,SMB,0,0.18093434497037642,7
INV0012503,C00750,2025-09-28,2721.33,SMB,0,0.18084824953648768,7
INV0007810,C00168,2025-06-19,7417.41,Mid-market,0,0.1807564891989737,7
INV0004753,C00115,2025-05-29,1865.21,SMB,0,0.18075498812626356,7
INV0009306,C01867,2025-12-02,3269.8,SMB,0,0.18059624926610285,7
INV0009454,C00590,2025-12-12,1334.47,SMB,0,0.18056553524938246,7
INV0011741,C01990,2025-10-02,5918.25,SMB,0,0.1805031240220407,7
INV0018410,C00139,2025-10-21,7604.45,Mid-market,0,0.18046892532593,7
INV0012693,C01592,2025-08-07,999.52,SMB,0,0.18041791866936432,7
INV0014123,C00466,2025-07-23,950.31,SMB,0,0.18026985302059295,7
INV0018959,C00639,2025-11-13,4115.99,Enterprise,0,0.18024047930097142,7
INV0012463,C01142,2025-07-30,393.36,SMB,0,0.18017847949826227,7
INV0003515,C02002,2025-10-06,2557.41,Enterprise,0,0.18015113136908165,7
INV0011744,C00141,2025-09-09,690.06,SMB,0,0.18014110491062194,7
INV0019830,C02128,2025-10-31,59106.0,Enterprise,1,0.17994499323212856,7
INV0001992,C02356,2025-06-13,5049.36,SMB,0,0.17970131452467714,7
INV0005685,C00542,2025-12-17,3926.48,Mid-market,0,0.17966448267433185,7
INV0018636,C00480,2025-06-03,601.35,SMB,0,0.17962834327078608,7
INV0002879,C00284,2025-11-09,415.24,SMB,0,0.17959325487723823,7
INV0006026,C00457,2025-06-12,2890.64,Mid-market,0,0.17950597673695895,7
INV0019593,C01072,2025-08-12,2196.98,SMB,0,0.1795028977838913,7
INV0012611,C02356,2025-06-14,362.61,SMB,0,0.1793635699918209,7
INV0008108,C01526,2025-12-04,539.59,SMB,0,0.17935486196292086,7
INV0013437,C00794,2025-08-14,5021.31,Mid-market,1,0.17930813166968992,7
INV0007656,C01036,2025-08-22,1740.74,SMB,0,0.17928088985084653,7
INV0001353,C00995,2025-12-10,1550.33,SMB,0,0.17925060971148224,8
INV0019717,C00632,2025-11-08,3040.66,Enterprise,0,0.17924236181578104,8
INV0014098,C02002,2025-11-09,12605.78,Enterprise,1,0.1791465366283346,8
INV0007592,C01269,2025-10-28,1152.8,Mid-market,0,0.179061675293585,8
INV0011528,C00055,2025-12-20,845.87,SMB,0,0.17903209080888843,8
INV0009050,C01729,2025-10-21,550.16,SMB,0,0.17890482819421638,8
INV0015210,C00675,2025-11-09,6603.31,SMB,1,0.1788451417543179,8
INV0007420,C00969,2025-12-20,652.62,SMB,0,0.17875839959517367,8
INV0014790,C00998,2025-10-19,69504.84,Enterprise,0,0.17864106387972997,8
INV0018138,C00255,2025-07-20,1277.25,SMB,0,0.17856371991029266,8
INV0004744,C00019,2025-09-18,11647.71,Mid-market,0,0.17850172975739506,8
INV0008452,C01748,2025-10-02,2264.58,Mid-market,0,0.17840090303862818,8
INV0008618,C01706,2025-10-04,2420.47,SMB,1,0.1782534984912522,8
INV0013369,C02028,2025-11-14,1164.73,SMB,0,0.17821409340958863,8
INV0017326,C02201,2025-07-07,22165.68,Enterprise,0,0.17815390541293347,8
INV0006190,C00660,2025-12-30,2951.82,SMB,1,0.1781135729282688,8
INV0007137,C01864,2025-06-07,1248.18,SMB,0,0.1779717344463511,8
INV0001071,C02234,2025-11-16,998.55,SMB,0,0.17790462572021085,8
INV0004872,C02097,2025-06-13,1491.35,SMB,0,0.17788672502681355,8
INV0003376,C01005,2025-12-24,200.0,Mid-market,0,0.17788209235894037,8
INV0005841,C02366,2025-10-27,1637.32,SMB,0,0.1777212210077795,8
INV0004329,C00747,2025-12-18,307.57,Mid-market,0,0.1776901586148959,8
INV0019965,C00930,2025-07-13,2066.03,Enterprise,0,0.17765575034167128,8
INV0019604,C02430,2025-10-15,360.0,SMB,0,0.17761547936515185,8
INV0019793,C02020,2025-10-20,2610.67,SMB,0,0.17753207483966968,8
INV0014175,C02122,2025-07-29,4043.39,SMB,0,0.17750442498172947,8
INV0018761,C02011,2025-07-25,1185.54,SMB,0,0.17744358938638488,8
INV0018650,C00028,2025-10-22,22056.65,Enterprise,0,0.17713650961920083,8
INV0013513,C00067,2025-08-24,8196.68,Enterprise,0,0.17712312290129079,8
INV0015766,C00161,2025-07-25,5403.71,SMB,0,0.177036016567878,8
INV0017807,C01210,2025-08-27,5472.57,Mid-market,0,0.17694556201714368,8
INV0004845,C00553,2025-10-08,2502.53,Mid-market,0,0.17692221335344122,8
INV0005987,C00679,2025-12-10,220.35,SMB,1,0.1769152239960465,8
INV0018876,C01959,2025-12-16,1964.46,Mid-market,0,0.17683742767350896,8
INV0001597,C01671,2025-08-10,634.54,SMB,0,0.17679586776985612,8
INV0013105,C01512,2025-06-13,6873.03,Mid-market,0,0.17666349033081968,8
INV0008933,C02111,2025-12-28,1309.09,SMB,0,0.17659514194874387,8
INV0016870,C00408,2025-07-07,785.18,SMB,1,0.17655866499278264,8
INV0000469,C00964,2025-08-19,5831.47,Enterprise,0,0.17651232362388716,8
INV0008467,C01414,2025-10-02,1930.98,Mid-market,1,0.17650503512679325,8
INV0000231,C01718,2025-11-07,489.11,Mid-market,0,0.1764572823976601,8
INV0011025,C00441,2025-11-17,317.59,SMB,0,0.17644053351094727,8
INV0008034,C00030,2025-09-07,5111.52,SMB,0,0.17638110078704597,8
INV0017301,C01641,2025-12-23,325.8,SMB,0,0.17618839529143976,8
INV0017634,C00965,2025-08-16,13965.04,SMB,0,0.1760242094088556,8
INV0013002,C02148,2025-06-20,8185.25,SMB,0,0.17600679473764633,8
INV0018475,C00068,2025-10-14,7371.21,Mid-market,0,0.17565109672382598,8
INV0016601,C00036,2025-08-31,2558.66,SMB,0,0.17558030722208917,8
INV0003697,C02043,2025-12-10,1371.98,Mid-market,1,0.17552843066070378,8
INV0016587,C00234,2025-07-09,5033.11,Mid-market,0,0.1754858809327745,8
INV0003400,C01217,2025-06-18,207.07,SMB,1,0.17510850476384357,8
INV0007710,C00522,2025-12-30,4654.23,Enterprise,0,0.1751024347845764,8
INV0009646,C00252,2025-09-18,1603.19,SMB,0,0.17504000073441087,8
INV0001221,C00514,2025-08-11,3397.19,SMB,1,0.17498795308257717,8
INV0014127,C02168,2025-06-06,1679.96,SMB,1,0.1747845573012554,8
INV0003058,C00159,2025-11-22,3558.21,SMB,0,0.17476126460475402,8
INV0011016,C02300,2025-10-22,1412.2,SMB,0,0.17474901962386896,8
INV0009771,C01802,2025-08-24,5232.36,Enterprise,0,0.17472323717109486,8
INV0017333,C00273,2025-11-24,2051.58,SMB,0,0.1746371178259125,8
INV0006310,C01083,2025-10-24,31297.51,SMB,0,0.1746368761589188,8
INV0012711,C00524,2025-10-26,2562.29,SMB,0,0.1745932338612243,8
INV0014217,C00254,2025-09-25,362.49,SMB,0,0.1745328051508154,8
INV0010281,C01571,2025-09-03,1859.99,SMB,0,0.17453183579534412,8
INV0012456,C02445,2025-10-17,13300.26,Mid-market,1,0.1743740940423797,8
INV0017786,C01516,2025-09-08,948.74,SMB,1,0.1743737249344529,8
INV0015759,C00159,2025-09-27,1522.68,SMB,0,0.17436818515459468,8
INV0017221,C02470,2025-10-31,3830.7,Mid-market,0,0.17434025154127591,8
INV0005552,C01547,2025-09-12,4367.55,SMB,1,0.17425534997776174,8
INV0006153,C01072,2025-06-09,3974.11,SMB,0,0.17418516135735906,8
INV0012705,C01673,2025-08-17,2036.67,SMB,0,0.1741654713246343,8
INV0019630,C01000,2025-06-21,3950.31,SMB,0,0.17414935880225513,8
INV0009549,C02367,2025-06-19,2023.2,SMB,0,0.17410086313896164,8
INV0002577,C00991,2025-12-11,653.64,Mid-market,0,0.17395999255298242,8
INV0015861,C00987,2025-12-05,863.4,Mid-market,0,0.17391116538931495,8
INV0013384,C02168,2025-07-03,179.64,SMB,1,0.17382350637541355,8
INV0002499,C01039,2025-12-21,865.55,SMB,0,0.17375684599300523,8
INV0014687,C00026,2025-11-29,26501.2,SMB,0,0.1736501609967986,8
INV0011482,C00694,2025-08-31,1651.39,Mid-market,0,0.1736446616717046,8
INV0001886,C01347,2025-06-03,7990.94,SMB,0,0.17342830335371526,8
INV0016844,C00255,2025-09-24,795.52,SMB,1,0.17331598625775868,8
INV0013326,C01708,2025-09-26,5320.59,Enterprise,0,0.17329757370030419,8
INV0003800,C00648,2025-09-02,6483.31,SMB,1,0.17322420606896327,8
INV0007541,C01024,2025-09-19,1185.63,SMB,0,0.1730046673394115,8
INV0005293,C01990,2025-08-17,1144.74,SMB,1,0.17300437357472526,8
INV0005402,C00561,2025-11-20,6108.06,SMB,0,0.17298102976376087,8
INV0009517,C02167,2025-12-10,1067.32,SMB,0,0.17297505622637496,8
INV0019166,C00899,2025-10-10,2071.68,SMB,0,0.17287977700719254,8
INV0010435,C01900,2025-09-22,1325.59,SMB,0,0.17285300587345948,8
INV0016907,C01024,2025-10-22,865.78,SMB,1,0.17272925807666248,8
INV0009287,C01823,2025-09-22,2381.06,SMB,0,0.17265665661251983,8
INV0004706,C00767,2025-11-09,788.68,SMB,0,0.17264016405356264,8
INV0002489,C02235,2025-12-01,35857.99,Enterprise,0,0.17261002463721678,8
INV0001300,C00240,2025-10-08,883.57,SMB,0,0.17244260231194597,8
INV0003834,C01169,2025-10-16,1537.4,SMB,1,0.17238361055086754,8
INV0016893,C00636,2025-06-17,2298.55,Mid-market,0,0.17236874713485462,8
INV0010499,C01496,2025-07-24,27922.46,Enterprise,0,0.17227000616652732,8
INV0015163,C02455,2025-12-12,2555.7,Enterprise,0,0.17214383119609533,8
INV0002631,C00269,2025-09-13,1217.12,Mid-market,0,0.17209169236926797,8
INV0015984,C01068,2025-06-27,8289.54,Enterprise,0,0.17206700602368608,8
INV0019831,C01059,2025-10-18,2292.27,Mid-market,0,0.17197500540803703,8
INV0014153,C02443,2025-07-13,1969.21,Mid-market,1,0.171956755080096,8
INV0016603,C00405,2025-09-29,4702.85,SMB,0,0.1718598518631296,8
INV0006075,C02470,2025-08-30,1097.71,Mid-market,0,0.17161331889067366,8
INV0016892,C02395,2025-09-19,1203.96,Mid-market,0,0.17153037993413214,8
INV0008761,C02077,2025-12-14,2195.39,SMB,0,0.17151894716176697,8
INV0013787,C00282,2025-05-26,556.64,SMB,0,0.17150582160313496,8
INV0016382,C01978,2025-12-23,5746.23,SMB,0,0.17148704585858954,8
INV0015205,C02414,2025-08-31,3820.8,SMB,0,0.17143805796947317,8
INV0003734,C01718,2025-06-04,649.92,Mid-market,0,0.17137538674830796,8
INV0012825,C01887,2025-06-02,4135.08,SMB,0,0.17135478111033506,8
INV0000887,C02259,2025-06-17,7744.43,Mid-market,1,0.17128732043821746,8
INV0000623,C01954,2025-11-14,5855.97,SMB,0,0.17108497403804127,8
INV0010372,C02476,2025-12-27,2713.67,Mid-market,0,0.1710618199452377,8
INV0017527,C01463,2025-11-27,873.24,Mid-market,0,0.1708495754581403,8
INV0006049,C01781,2025-07-17,1836.51,Mid-market,0,0.17071102766304327,8
INV0018705,C02066,2025-06-25,1993.28,SMB,0,0.17070549289496353,8
INV0001549,C00271,2025-11-15,9014.64,SMB,0,0.17065848026934186,8
INV0014993,C00672,2025-11-28,12519.43,Mid-market,0,0.17049797994944887,8
INV0009906,C02398,2025-06-20,2016.18,Mid-market,0,0.17046352789380065,8
INV0003163,C02215,2025-09-05,3833.68,SMB,0,0.1704180806129555,8
INV0015673,C00001,2025-06-28,4949.02,Mid-market,0,0.17040192078574873,8
INV0009697,C00873,2025-06-23,2346.23,Mid-market,0,0.17030141369470736,8
INV0012575,C01722,2025-11-27,1018.62,SMB,0,0.17020191911677768,8
INV0012395,C00468,2025-06-05,2691.53,Mid-market,1,0.17016035783285283,8
INV0018032,C01636,2025-12-13,440.6,SMB,1,0.1700467572186358,8
INV0001902,C02302,2025-10-15,438.05,SMB,0,0.16996701342749354,8
INV0012050,C01440,2025-09-02,2893.41,SMB,0,0.16983913156095415,8
INV0006603,C02074,2025-06-07,370.07,SMB,0,0.16981380345351907,8
INV0017068,C01744,2025-08-08,1066.72,SMB,0,0.16963630643121086,8
INV0017579,C01571,2025-07-30,3839.58,SMB,1,0.16947893452324633,8
INV0006747,C02359,2025-06-07,2272.18,SMB,0,0.1694748986000894,8
INV0002943,C01463,2025-10-07,1436.65,Mid-market,1,0.16945697662619627,8
INV0005892,C01655,2025-09-21,481.59,SMB,1,0.16941620607083474,8
INV0003270,C01688,2025-06-01,480.94,SMB,0,0.16933409386348908,8
INV0004172,C02218,2025-10-12,1312.2,SMB,0,0.16932636022484526,8
INV0013277,C01362,2025-12-24,3582.6,Mid-market,1,0.16929904357686124,8
INV0014113,C00151,2025-06-13,54563.71,Enterprise,0,0.16922950754014815,8
INV0012554,C00316,2025-08-23,6535.71,SMB,0,0.16921317963612204,8
INV0010250,C01104,2025-12-19,2868.24,Mid-market,0,0.1690532268494273,8
INV0001789,C01525,2025-12-04,6886.7,SMB,1,0.16903127136892604,8
INV0010827,C02119,2025-08-06,1242.48,Mid-market,0,0.16899484494230607,8
INV0019058,C00153,2025-10-23,798.76,SMB,0,0.16898391624245765,8
INV0014529,C00441,2025-09-23,681.13,SMB,0,0.1689646041219807,8
INV0014806,C01186,2025-10-05,1665.78,Mid-market,0,0.16895032441908805,8
INV0010854,C00241,2025-10-31,8537.3,Enterprise,1,0.16879614565718032,8
INV0000555,C01801,2025-06-29,7749.18,SMB,0,0.1686821301055813,8
INV0014234,C00511,2025-08-20,2200.53,SMB,0,0.1685039364027391,8
INV0013697,C00812,2025-06-08,450.9,Mid-market,0,0.1684995848966204,8
INV0019725,C01092,2025-06-06,13037.78,Mid-market,0,0.16848776080078126,8
INV0014226,C01357,2025-10-15,1022.88,SMB,0,0.16840338047379255,8
INV0012690,C00055,2025-09-08,557.64,SMB,0,0.1683392298512887,8
INV0000493,C02467,2025-06-21,1710.05,SMB,0,0.1683364386973278,8
INV0013454,C02027,2025-12-20,1474.43,SMB,0,0.16833423417586685,8
INV0013358,C01083,2025-09-24,750.26,SMB,0,0.16828019559787094,8
INV0007154,C00260,2025-08-18,1706.93,SMB,0,0.16814287650213247,8
INV0007001,C01661,2025-08-01,1113.49,SMB,0,0.16812946058220377,8
INV0018347,C01388,2025-08-04,1295.12,Mid-market,0,0.16771134055494122,8
INV0004973,C02167,2025-08-23,1894.03,SMB,1,0.16748296866742343,8
INV0015232,C02147,2025-10-14,2955.77,SMB,0,0.16722780414248553,8
INV0009100,C00800,2025-10-27,367.08,SMB,0,0.16707554830635143,8
INV0009889,C02383,2025-12-06,336.95,SMB,0,0.167037172439117,8
INV0016470,C02468,2025-12-30,1298.78,SMB,0,0.16683620016834255,8
INV0012658,C00163,2025-10-11,2049.43,SMB,0,0.1667543779809071,8
INV0003411,C00049,2025-07-17,451.52,SMB,0,0.16670192176318752,8
INV0001895,C00964,2025-10-17,3416.42,Enterprise,0,0.16659997387843029,8
INV0012925,C01870,2025-07-09,5424.06,SMB,0,0.16654510960146954,8
INV0019910,C01547,2025-07-08,752.15,SMB,0,0.1665113274076401,8
INV0003513,C00483,2025-07-04,3747.53,Mid-market,0,0.1663651119978619,8
INV0011268,C02174,2025-12-27,4752.62,SMB,0,0.1663035636807139,8
INV0006698,C01991,2025-08-17,42961.19,Enterprise,0,0.16607870803253733,8
INV0006921,C02461,2025-12-06,2262.35,SMB,0,0.166006633517468,8
INV0019781,C00159,2025-06-21,1552.31,SMB,1,0.16598385868528392,8
INV0003191,C00375,2025-07-08,1480.87,SMB,1,0.1659683521592714,8
INV0000709,C00461,2025-11-16,1142.81,SMB,0,0.16591615473971708,8
INV0009359,C01025,2025-09-07,6807.27,Mid-market,0,0.16578781144333563,8
INV0007813,C00279,2025-09-04,1005.45,SMB,0,0.16560947825206754,8
INV0017433,C00644,2025-12-04,3550.15,SMB,1,0.16560220841696155,8
INV0004186,C01663,2025-07-27,870.13,SMB,0,0.1655248812868429,8
INV0018546,C01646,2025-10-22,2106.41,SMB,0,0.16541561451772963,8
INV0019934,C00985,2025-09-06,1153.8,SMB,0,0.16526201855887593,8
INV0002351,C00856,2025-07-06,1282.81,SMB,1,0.16521395591208038,8
INV0005572,C01069,2025-11-25,9425.17,Enterprise,0,0.1649862710003801,8
INV0011696,C00428,2025-11-10,2587.2,SMB,1,0.16497491882154453,8
INV0015533,C00972,2025-11-27,2523.25,SMB,0,0.1648969953212732,8
INV0010627,C02470,2025-11-24,9355.85,Mid-market,0,0.1648189985308715,8
INV0005201,C02020,2025-10-23,5686.51,SMB,0,0.16479635066009907,8
INV0000941,C00275,2025-06-21,2570.52,SMB,1,0.1645875441712733,8
INV0014426,C00055,2025-11-10,5623.56,SMB,0,0.16458717977807164,8
INV0008813,C00883,2025-08-24,1853.67,SMB,0,0.16451626600120736,8
INV0001764,C02194,2025-06-23,6156.22,SMB,0,0.1644612451437363,8
INV0018553,C00737,2025-07-21,1132.82,SMB,0,0.16425413462389818,8
INV0017566,C01441,2025-10-17,12286.39,Enterprise,0,0.16401000754198522,8
INV0017304,C00248,2025-12-22,1492.68,SMB,0,0.16395399930770913,8
INV0004929,C01637,2025-09-21,6062.35,Mid-market,0,0.16366499939895784,8
INV0009596,C00126,2025-11-09,4537.09,SMB,0,0.163638897391249,8
INV0010599,C01817,2025-08-21,595.69,SMB,0,0.1636265112499057,8
INV0019622,C01156,2025-12-22,2301.45,SMB,0,0.1635522367031338,8
INV0004995,C00652,2025-10-24,1350.73,SMB,0,0.16348324379403997,8
INV0006312,C01892,2025-09-17,57910.86,Enterprise,0,0.1634638278203174,8
INV0005976,C01609,2025-07-05,1388.6,Mid-market,0,0.16341110987561988,8
INV0001094,C01489,2025-11-14,1416.5,SMB,0,0.16340421606132546,8
INV0006776,C01488,2025-06-01,432.45,SMB,0,0.16334248122952622,8
INV0006401,C01397,2025-08-20,22070.18,Mid-market,0,0.16330663399176895,8
INV0014112,C01618,2025-08-05,3628.18,Mid-market,0,0.16328516004337057,8
INV0007993,C00799,2025-08-20,6983.18,Mid-market,0,0.16327132698021196,8
INV0018461,C00841,2025-11-11,569.81,SMB,0,0.16324440725746042,8
INV0000771,C01941,2025-11-02,996.58,Mid-market,0,0.1632283324920841,8
INV0005322,C01034,2025-06-02,5028.36,SMB,0,0.1630529241798409,8
INV0012166,C00337,2025-12-22,5830.89,SMB,0,0.16288976610614578,8
INV0000886,C01770,2025-10-16,8425.55,SMB,0,0.16282080569764476,8
INV0015357,C00510,2025-09-25,2619.93,SMB,0,0.1625001954593432,8
INV0018713,C02157,2025-06-17,13715.95,Enterprise,0,0.16228665139389775,8
INV0014020,C02139,2025-06-13,4444.44,SMB,0,0.16227053580961287,8
INV0007337,C00421,2025-12-23,1226.78,SMB,0,0.1622110290611523,8
INV0009237,C00375,2025-07-02,412.24,SMB,0,0.16207365410441857,8
INV0016063,C00403,2025-11-09,1569.92,Enterprise,0,0.16199920949107946,8
INV0007298,C01586,2025-06-22,10751.04,Mid-market,0,0.16181268505295804,8
INV0015833,C01288,2025-10-07,2401.77,SMB,0,0.1617506775179237,8
INV0006038,C01796,2025-08-08,784.67,SMB,0,0.16173757406436837,8
INV0010952,C00541,2025-07-25,6988.6,Mid-market,0,0.16168045238771453,8
INV0008413,C02230,2025-12-24,5910.18,SMB,1,0.16167561340220354,8
INV0003090,C01744,2025-10-30,113.22,SMB,0,0.16159317861375422,8
INV0012802,C00274,2025-08-18,3635.53,SMB,0,0.16157428910057658,8
INV0015504,C01414,2025-06-14,455.94,Mid-market,1,0.1615038351291072,8
INV0003850,C01207,2025-09-17,16549.0,Enterprise,0,0.1614308499143262,8
INV0015626,C01918,2025-08-12,1622.58,SMB,0,0.16122418495077978,8
INV0008464,C01509,2025-09-18,23417.86,Enterprise,1,0.1612094315530749,8
INV0014596,C01721,2025-11-18,5515.24,Mid-market,0,0.1610865496372068,8
INV0009397,C01563,2025-11-28,4856.74,Enterprise,1,0.16099461868722725,8
INV0009790,C01273,2025-07-22,1535.8,SMB,0,0.16094294205642196,8
INV0000541,C02328,2025-11-21,843.49,SMB,0,0.1608091902824338,8
INV0002238,C00028,2025-11-18,101130.01,Enterprise,0,0.1604396638385516,8
INV0012440,C00068,2025-11-14,17106.66,Mid-market,0,0.16040164512218028,8
INV0019947,C00686,2025-07-09,6542.44,Mid-market,0,0.1603703983435472,8
INV0007796,C00348,2025-08-19,450.53,SMB,0,0.16023328696991107,8
INV0018178,C00402,2025-06-21,2894.71,Mid-market,0,0.15999209000812412,8
INV0011810,C00499,2025-07-31,2256.07,Mid-market,0,0.1598850593164678,8
INV0017119,C01978,2025-08-14,1757.38,SMB,0,0.15986689838190982,8
INV0011981,C01211,2025-07-04,1916.79,SMB,0,0.15974687233340648,8
INV0011028,C02168,2025-05-30,856.97,SMB,0,0.15972730686896963,8
INV0017945,C00113,2025-11-25,5236.42,Enterprise,0,0.15971263802018582,8
INV0017667,C02212,2025-11-21,749.14,SMB,0,0.1593661982757079,8
INV0018909,C00741,2025-07-01,3729.06,SMB,0,0.1593109448382921,8
INV0018906,C01408,2025-07-14,1099.47,Enterprise,0,0.15930342238950204,8
INV0001226,C01072,2025-12-21,993.1,SMB,0,0.15929324246651697,8
INV0016557,C01928,2025-10-10,3515.17,Mid-market,0,0.1592668316406757,8
INV0011353,C00250,2025-07-09,12872.1,Enterprise,0,0.15923931490361024,8
INV0000619,C02167,2025-12-14,824.25,SMB,0,0.15922941583326675,8
INV0013405,C01702,2025-06-02,1454.97,SMB,0,0.1591702890391492,8
INV0007482,C02126,2025-10-18,421.95,SMB,0,0.159121329048761,8
INV0014375,C02482,2025-06-06,8149.52,Mid-market,0,0.15903027180619053,8
INV0014076,C01837,2025-09-14,75000.0,SMB,0,0.15902347475881312,8
INV0000209,C02253,2025-11-04,4161.37,Mid-market,0,0.15895621211152472,8
INV0017742,C02228,2025-12-24,961.16,SMB,0,0.1587818896121331,8
INV0016952,C00106,2025-06-07,463.13,Enterprise,0,0.15844285477380998,8
INV0016318,C00908,2025-12-04,1804.17,SMB,0,0.15828133766118413,8
INV0013712,C01632,2025-10-04,756.91,Mid-market,0,0.15816750409330835,8
INV0010127,C01001,2025-07-16,1464.58,SMB,0,0.15814812359298444,8
INV0013593,C00017,2025-10-21,349.62,SMB,0,0.15791408631602522,8
INV0017177,C00092,2025-12-19,1099.99,SMB,0,0.15786947938374118,8
INV0005861,C02440,2025-11-17,3424.87,Mid-market,0,0.15781712259037572,8
INV0003992,C00337,2025-12-16,2809.12,SMB,0,0.15768927042594055,8
INV0014306,C02292,2025-09-06,1459.22,SMB,1,0.15765916601731336,8
INV0005087,C00720,2025-11-20,686.37,Enterprise,0,0.15758231137945497,8
INV0019876,C01772,2025-11-15,13587.39,SMB,0,0.157573289571402,8
INV0019724,C00537,2025-08-06,12711.95,Enterprise,0,0.15737427198937376,8
INV0015770,C00901,2025-10-24,2185.9,SMB,0,0.15703570545001602,8
INV0005020,C00690,2025-10-08,1886.44,SMB,0,0.1569547585921563,8
INV0017514,C02028,2025-12-05,204.46,SMB,0,0.15687956650431742,8
INV0016364,C00938,2025-10-18,4360.3,Enterprise,0,0.15666411384040108,8
INV0007299,C01636,2025-09-27,1242.47,SMB,0,0.15663098623626937,8
INV0008134,C00998,2025-07-25,6830.24,Enterprise,0,0.15634012969173508,8
INV0006081,C02063,2025-07-16,3590.39,SMB,0,0.15630353637679092,8
INV0017230,C01708,2025-08-06,12958.51,Enterprise,1,0.1562962978344221,8
INV0002008,C02255,2025-06-02,2304.93,SMB,0,0.15621205917909278,8
INV0018772,C00914,2025-09-28,2605.12,Mid-market,0,0.15612490513765148,8
INV0003877,C00498,2025-09-05,3383.52,SMB,1,0.1559120197862574,8
INV0015028,C00045,2025-07-30,300.07,SMB,0,0.15585754535400556,8
INV0006716,C00456,2025-09-14,7587.94,Enterprise,0,0.15584863571181135,8
INV0014392,C00085,2025-07-31,4141.49,SMB,0,0.1558093615474532,8
INV0019168,C01688,2025-06-11,5059.37,SMB,1,0.1557826910413148,8
INV0018223,C00381,2025-11-28,964.56,SMB,0,0.15575328684745499,8
INV0015340,C02252,2025-10-14,9889.0,Enterprise,0,0.15571113711266044,8
INV0018672,C00368,2025-06-03,2924.21,SMB,0,0.1555585018491314,8
INV0008975,C00506,2025-12-24,1735.41,SMB,1,0.15546674312664774,8
INV0003425,C00118,2025-06-02,1546.04,SMB,0,0.15544622992057897,8
INV0019208,C00901,2025-12-18,1607.81,SMB,0,0.15526557217216422,8
INV0002492,C01485,2025-10-15,2032.23,Enterprise,0,0.1552073661772444,8
INV0019646,C00494,2025-11-05,6690.88,Mid-market,0,0.15514977937245608,8
INV0013067,C02205,2025-06-21,3935.58,Mid-market,0,0.15502650097923462,8
INV0012102,C00411,2025-05-29,2017.88,SMB,0,0.15502370457673714,8
INV0014066,C02475,2025-07-09,2613.47,Mid-market,1,0.1550069732223766,8
INV0008333,C00850,2025-07-18,4276.49,Mid-market,0,0.1548606425513826,8
INV0009629,C00483,2025-12-22,1385.2,Mid-market,0,0.15478705534068535,8
INV0007505,C01210,2025-12-10,13055.1,Mid-market,0,0.15475059087522527,8
INV0007632,C00900,2025-05-28,9498.22,Enterprise,0,0.15474513606469634,8
INV0004217,C01045,2025-12-17,5281.66,SMB,0,0.15470782524956586,8
INV0007151,C01688,2025-10-02,3130.21,SMB,0,0.15470109253398043,8
INV0001433,C00660,2025-11-30,13387.71,SMB,0,0.15469949135232447,8
INV0002043,C00590,2025-11-23,1672.01,SMB,0,0.1546485204867651,8
INV0008272,C00239,2025-12-24,21638.82,SMB,0,0.1545869383342116,8
INV0010392,C00918,2025-12-11,19513.29,Enterprise,0,0.15443682537922407,8
INV0015529,C01473,2025-12-11,1111.19,SMB,1,0.1544332756985316,8
INV0012520,C02218,2025-12-05,785.82,SMB,0,0.15439062684243055,8
INV0003929,C01862,2025-07-15,1712.71,Enterprise,0,0.15413575418458414,8
INV0008614,C01032,2025-11-20,16611.32,SMB,0,0.1541312798756643,8
INV0015452,C00922,2025-09-01,8756.22,Mid-market,0,0.15391679918323792,8
INV0007856,C01857,2025-07-11,353.35,SMB,0,0.1539026346869492,8
INV0019027,C02454,2025-06-27,698.31,Mid-market,0,0.15389873326153727,8
INV0007198,C01560,2025-11-15,1827.79,SMB,1,0.1538316827209548,8
INV0018125,C01798,2025-11-06,5351.25,Mid-market,0,0.15381324064004978,8
INV0006660,C00015,2025-10-21,5637.3,SMB,0,0.15376119771276076,8
INV0006399,C02001,2025-08-15,6133.97,Mid-market,0,0.15365907413136254,8
INV0007012,C00118,2025-12-12,483.83,SMB,0,0.15364644445908782,8
INV0013569,C01851,2025-07-21,14343.99,SMB,0,0.153602033824533,8
INV0003548,C01975,2025-07-03,1566.48,Mid-market,0,0.1535389020826168,8
INV0004312,C00430,2025-06-21,2637.23,SMB,0,0.15352752923249977,8
INV0012447,C00338,2025-06-24,6045.9,SMB,0,0.15352078325243387,8
INV0015008,C01104,2025-07-09,569.39,Mid-market,0,0.1533856625781791,8
INV0007688,C01497,2025-10-20,34362.87,Mid-market,0,0.153294018364062,8
INV0019677,C00631,2025-12-27,148.09,SMB,0,0.1532400415344566,8
INV0007487,C00288,2025-06-09,11215.8,SMB,0,0.15313861957721225,8
INV0017878,C01246,2025-08-23,427.46,SMB,0,0.15313843319257933,8
INV0012881,C00007,2025-10-21,207.09,Mid-market,0,0.15307725447197248,8
INV0008765,C00592,2025-12-20,782.6,SMB,1,0.15294489283195653,8
INV0009925,C02476,2025-06-18,3246.93,Mid-market,0,0.15290552134137295,8
INV0011912,C00983,2025-11-17,13915.96,SMB,0,0.15282213663873323,8
INV0011640,C00382,2025-08-31,30445.53,Mid-market,0,0.15282070780502188,8
INV0004084,C01988,2025-06-26,2958.04,Enterprise,0,0.15278785755626637,8
INV0003430,C01770,2025-08-20,17574.98,SMB,1,0.1523959470471322,8
INV0015879,C02097,2025-10-03,7172.68,SMB,0,0.15239318956149964,8
INV0019471,C00510,2025-10-23,6136.07,SMB,0,0.15235715678049291,8
INV0012734,C00999,2025-10-05,16293.88,Mid-market,1,0.15234435961815768,8
INV0005524,C00883,2025-11-21,2769.96,SMB,0,0.15223976186825847,8
INV0014836,C00649,2025-08-30,1251.48,SMB,0,0.15211635203316068,8
INV0012013,C00592,2025-09-12,645.09,SMB,0,0.15197587520543165,8
INV0014713,C02402,2025-12-18,2814.33,Mid-market,0,0.1519015958068081,8
INV0002834,C02031,2025-08-10,6290.51,Enterprise,0,0.15173971482061616,8
INV0009854,C02139,2025-10-31,1321.75,SMB,0,0.15164662193969172,8
INV0013635,C00687,2025-08-17,1715.44,SMB,0,0.15153050184889538,8
INV0014620,C00746,2025-08-19,821.75,SMB,0,0.15147077278421506,8
INV0014131,C02343,2025-10-27,268.56,SMB,0,0.15135539353540772,8
INV0018362,C01085,2025-08-08,9629.56,Mid-market,1,0.1513302463086144,8
INV0001753,C01015,2025-11-21,3784.93,SMB,0,0.1512329307166826,8
INV0001159,C02119,2025-09-04,1794.17,Mid-market,0,0.1511254274183685,8
INV0019828,C01978,2025-10-08,281.96,SMB,0,0.15101626926983622,8
INV0019955,C01910,2025-10-08,518.31,SMB,0,0.1509416811248231,8
INV0019790,C01034,2025-07-06,2051.33,SMB,0,0.15088757991631144,8
INV0018653,C02052,2025-11-08,1686.4,SMB,0,0.1508784649486821,8
INV0005287,C00365,2025-11-04,2749.89,Mid-market,0,0.15087729309514303,8
INV0015705,C02190,2025-09-24,5105.93,Mid-market,0,0.15086719870411835,8
INV0018836,C00312,2025-10-18,1143.6,Mid-market,0,0.1508640586123841,8
INV0005004,C02496,2025-11-27,6925.45,SMB,0,0.15071048097692483,8
INV0009502,C01253,2025-08-23,1897.98,SMB,1,0.1505898229734994,8
INV0000412,C00218,2025-07-05,2001.53,Mid-market,0,0.1505433356373986,8
INV0010008,C02184,2025-08-26,2320.21,Mid-market,0,0.15052982443569393,8
INV0014486,C00488,2025-10-06,5368.85,SMB,0,0.1505240588378055,8
INV0012079,C01356,2025-09-20,1027.07,SMB,1,0.15043180918671065,8
INV0013333,C01481,2025-09-13,1136.88,Mid-market,0,0.15041672234111347,8
INV0019901,C01629,2025-09-14,4301.13,Mid-market,0,0.15026083919562702,8
INV0006500,C01779,2025-12-10,2744.56,SMB,0,0.15016274850260797,8
INV0001969,C01551,2025-12-07,18085.35,Mid-market,0,0.15015852809896868,8
INV0012919,C01449,2025-11-14,1616.91,SMB,0,0.1500815844979925,8
INV0017720,C01783,2025-12-15,6400.66,SMB,0,0.15003732366564776,8
INV0010316,C00435,2025-09-21,987.15,Mid-market,0,0.15002827962211607,8
INV0015747,C01323,2025-12-17,492.76,Mid-market,0,0.14994131239737615,8
INV0008189,C02010,2025-10-04,936.08,SMB,0,0.14979787108848697,8
INV0003085,C01057,2025-09-05,1411.67,SMB,0,0.14970728446938816,8
INV0005894,C01627,2025-08-27,2390.44,SMB,0,0.14958138414342795,8
INV0001386,C00097,2025-10-30,2142.73,SMB,0,0.1494734235125853,8
INV0003232,C01887,2025-12-05,7453.92,SMB,0,0.14943279926882436,8
INV0015854,C01595,2025-08-11,7877.94,SMB,0,0.14937622628759692,8
INV0019086,C00653,2025-09-09,8334.62,Enterprise,0,0.1493534564232448,8
INV0000000,C00278,2025-10-28,3874.4,Mid-market,0,0.14934924774749103,8
INV0015011,C01777,2025-07-20,6466.97,Enterprise,0,0.14930722106242728,8
INV0003479,C01678,2025-09-25,3547.05,Mid-market,0,0.1492533435867644,8
INV0016469,C00904,2025-07-23,23228.28,Enterprise,0,0.14917447254229818,8
INV0007388,C00876,2025-08-08,2830.9,SMB,1,0.14910160971112735,8
INV0003731,C00114,2025-07-19,6548.18,SMB,0,0.148950480389669,8
INV0009700,C00136,2025-12-15,2640.36,SMB,0,0.14879287998492463,8
INV0009146,C01993,2025-06-18,6110.91,SMB,0,0.14876740897554377,8
INV0010027,C00799,2025-07-16,4814.04,Mid-market,0,0.1487549534908316,8
INV0010886,C00569,2025-10-08,14529.48,Enterprise,0,0.14868421729906448,8
INV0016697,C01389,2025-09-22,1801.93,SMB,1,0.1486692646764499,8
INV0005564,C02295,2025-09-23,1789.0,Mid-market,0,0.14866682378783969,8
INV0007551,C01249,2025-08-13,10323.58,Mid-market,0,0.14854091914334244,8
INV0008315,C01842,2025-07-14,2878.47,Mid-market,0,0.14845889742229315,8
INV0004684,C02213,2025-12-30,269.48,SMB,1,0.14833891927719436,8
INV0005826,C02088,2025-09-17,1882.83,Mid-market,0,0.1482485200582869,8
INV0003441,C00421,2025-07-12,4377.2,SMB,1,0.14817233471143187,8
INV0013801,C02341,2025-08-31,584.39,SMB,1,0.14799547684057804,8
INV0004643,C01923,2025-11-30,3296.41,Enterprise,0,0.14795294460680064,8
INV0019028,C00224,2025-09-01,1031.9,Mid-market,0,0.14791980886325984,9
INV0009550,C00219,2025-12-02,1195.94,SMB,0,0.1478068675261873,9
INV0009789,C00883,2025-06-21,2436.87,SMB,1,0.14775940145480687,9
INV0015192,C01394,2025-10-28,5582.44,SMB,0,0.1476501333662662,9
INV0003578,C01721,2025-08-19,2448.86,Mid-market,1,0.14763030923756618,9
INV0008154,C01176,2025-09-03,274.98,Mid-market,0,0.14757768907936977,9
INV0007149,C01337,2025-05-30,3109.84,SMB,0,0.14757135164311938,9
INV0018087,C00848,2025-12-22,748.38,SMB,0,0.14749258545700142,9
INV0016652,C00078,2025-06-10,2662.36,Mid-market,0,0.1474003522565158,9
INV0017210,C00429,2025-12-12,4511.55,Enterprise,0,0.1473559092730539,9
INV0016531,C02027,2025-06-19,215.24,SMB,0,0.14727007801355038,9
INV0007743,C02021,2025-11-28,1435.85,SMB,0,0.14726359719101806,9
INV0010722,C00546,2025-07-01,3046.9,Mid-market,0,0.14725880459079763,9
INV0010098,C02395,2025-10-23,4099.69,Mid-market,0,0.147160732504158,9
INV0011148,C00152,2025-11-12,2494.05,Enterprise,0,0.146779416953776,9
INV0014519,C00822,2025-12-30,1967.78,SMB,0,0.14677526415155645,9
INV0001403,C01843,2025-08-11,10669.59,Enterprise,0,0.1467642679176137,9
INV0006433,C01770,2025-08-22,2677.33,SMB,0,0.14671722864695788,9
INV0011924,C01110,2025-07-12,10595.98,SMB,0,0.1465750145686801,9
INV0009662,C02070,2025-10-31,1711.73,Enterprise,0,0.14642785841786843,9
INV0008706,C01502,2025-08-28,6683.0,Enterprise,0,0.14627694568116478,9
INV0010665,C01954,2025-06-14,608.77,SMB,0,0.14618864560686815,9
INV0010155,C01330,2025-12-30,10799.81,Mid-market,1,0.14618364502403836,9
INV0014550,C00850,2025-07-17,1141.41,Mid-market,0,0.14618086096250316,9
INV0018396,C01222,2025-07-30,1359.57,Mid-market,0,0.14601570635256544,9
INV0000514,C01497,2025-06-25,11873.81,Mid-market,0,0.14600607736821714,9
INV0009166,C02146,2025-08-07,1183.76,SMB,0,0.14599234413309248,9
INV0000779,C02037,2025-08-01,1918.37,SMB,0,0.1458548382958592,9
INV0017841,C01917,2025-12-09,5481.84,SMB,0,0.14577893515322676,9
INV0011603,C00670,2025-08-27,1472.56,SMB,0,0.14542071565620965,9
INV0004664,C01653,2025-06-12,3250.88,SMB,0,0.14539646204903997,9
INV0016434,C01066,2025-10-30,23590.33,Mid-market,0,0.14529691887367757,9
INV0014847,C01210,2025-11-20,2836.3,Mid-market,0,0.14518099007110233,9
INV0018297,C00337,2025-07-25,3742.25,SMB,1,0.1451793783734656,9
INV0018131,C02347,2025-09-29,957.59,SMB,1,0.14514119299489428,9
INV0007353,C00565,2025-06-05,13785.03,Enterprise,0,0.14506321742056055,9
INV0005649,C01332,2025-07-26,12434.2,SMB,0,0.1450579704847548,9
INV0016312,C02415,2025-06-11,1378.69,Mid-market,1,0.14505112599779008,9
INV0002717,C01602,2025-06-26,721.4,Mid-market,0,0.14503170158393605,9
INV0018143,C02143,2025-08-26,1505.76,SMB,1,0.14501434763017276,9
INV0004698,C02184,2025-09-12,655.26,Mid-market,0,0.14496090450631935,9
INV0010220,C00250,2025-06-26,14168.94,Enterprise,1,0.14464858493475652,9
INV0005475,C02490,2025-08-17,33938.97,Mid-market,0,0.14454489183943797,9
INV0003188,C01571,2025-09-12,16973.17,SMB,0,0.14447336347053563,9
INV0016346,C02157,2025-12-19,6870.78,Enterprise,0,0.14445330859821123,9
INV0014619,C02467,2025-09-12,567.05,SMB,0,0.14441853949771546,9
INV0018360,C01795,2025-11-07,1379.16,SMB,0,0.14437270378605035,9
INV0007905,C01572,2025-08-30,561.82,SMB,0,0.1443699491310599,9
INV0004958,C00148,2025-11-18,1412.17,Mid-market,0,0.144255749364506,9
INV0015400,C01417,2025-11-17,1176.8,SMB,0,0.14423886566372043,9
INV0007292,C02298,2025-09-25,11309.11,Mid-market,0,0.14420473222254776,9
INV0005992,C01627,2025-06-25,1103.23,SMB,0,0.14416652882551478,9
INV0014207,C01417,2025-12-14,840.32,SMB,0,0.1440990288868029,9
INV0016070,C01503,2025-10-14,1357.86,Mid-market,0,0.14392367737717052,9
INV0011020,C00624,2025-08-19,4684.63,Mid-market,1,0.14374909642045705,9
INV0014014,C00680,2025-12-21,1699.0,SMB,1,0.14362189244337084,9
INV0011042,C00872,2025-12-19,658.61,SMB,0,0.14359727503579528,9
INV0019945,C00016,2025-10-03,3072.71,SMB,0,0.14352767012837422,9
INV0005667,C01666,2025-07-09,16516.82,Mid-market,0,0.1435177123754569,9
INV0009478,C02066,2025-07-20,8450.42,SMB,0,0.14351346903731932,9
INV0015359,C01030,2025-12-09,5295.29,SMB,1,0.14343184148594132,9
INV0001296,C01599,2025-07-09,10677.27,SMB,0,0.14343065167344507,9
INV0003325,C00996,2025-10-04,3780.39,SMB,0,0.14306282822159358,9
INV0014929,C00287,2025-09-24,12766.9,Enterprise,0,0.143013946770572,9
INV0008285,C01129,2025-10-06,1232.69,SMB,0,0.1429725907997261,9
INV0006935,C01064,2025-11-27,3702.96,SMB,0,0.14271309017397857,9
INV0004934,C01177,2025-08-09,16911.52,Enterprise,1,0.14260176502386507,9
INV0006157,C02322,2025-07-28,2083.62,SMB,1,0.14259570661727564,9
INV0017131,C00234,2025-06-27,16947.02,Mid-market,1,0.1425383056536925,9
INV0007019,C00313,2025-09-20,6372.31,Enterprise,0,0.1425010195670303,9
INV0007859,C01066,2025-10-29,24480.56,Mid-market,0,0.14239519152007024,9
INV0013612,C02127,2025-08-01,1906.14,Enterprise,0,0.14228157608972797,9
INV0016596,C02228,2025-09-18,3793.26,SMB,0,0.1422725165691718,9
INV0015268,C01485,2025-11-18,1673.62,Enterprise,0,0.14226089887404147,9
INV0019763,C00660,2025-12-02,1265.46,SMB,0,0.14206082072332438,9
INV0018738,C01417,2025-09-19,100.0,SMB,0,0.1420476333816168,9
INV0019680,C01411,2025-06-12,604.48,SMB,0,0.14182390524630226,9
INV0011014,C01007,2025-11-14,462.69,Mid-market,1,0.1418082205924967,9
INV0008121,C01781,2025-06-04,814.33,Mid-market,1,0.1416302619806779,9
INV0013111,C01102,2025-11-06,941.91,SMB,0,0.14136838958584236,9
INV0009109,C00048,2025-07-02,2099.3,SMB,0,0.141345923660538,9
INV0009793,C00339,2025-12-26,21441.58,Enterprise,0,0.14128899610750809,9
INV0010835,C02081,2025-12-02,4253.77,Mid-market,0,0.14125488544402415,9
INV0015124,C01458,2025-12-03,30559.96,Enterprise,0,0.1410831049211763,9
INV0009300,C00138,2025-11-22,3718.63,Mid-market,0,0.14106266365558476,9
INV0019246,C01343,2025-11-09,3712.15,Enterprise,0,0.1410237324915424,9
INV0017379,C02084,2025-09-20,1622.82,SMB,0,0.1410232515251773,9
INV0004132,C01642,2025-10-11,2097.49,Mid-market,0,0.14087512585273937,9
INV0006115,C01516,2025-08-25,3110.51,SMB,0,0.14081089340910846,9
INV0014612,C01962,2025-11-07,13932.99,SMB,0,0.14076099243011927,9
INV0017743,C01853,2025-11-16,916.92,Mid-market,0,0.1405244157290209,9
INV0017902,C00546,2025-06-16,26506.94,Mid-market,1,0.14051116727562535,9
INV0015885,C02356,2025-10-05,4184.91,SMB,0,0.1403678766561137,9
INV0005058,C01702,2025-10-25,2252.32,SMB,0,0.14035873372308597,9
INV0005939,C01996,2025-09-15,6758.15,SMB,0,0.13984041448055104,9
INV0003507,C01548,2025-07-29,1707.05,SMB,0,0.1397106398050758,9
INV0002913,C02129,2025-05-27,2662.74,Mid-market,0,0.1396880188203477,9
INV0006104,C01736,2025-08-01,14546.35,Enterprise,0,0.1396080437265813,9
INV0005163,C01063,2025-11-06,1828.34,SMB,0,0.1394490068771571,9
INV0014786,C00991,2025-05-27,2915.37,Mid-market,0,0.13929936536900264,9
INV0002486,C00981,2025-11-30,5637.66,SMB,0,0.13925676760155614,9
INV0019759,C02482,2025-11-07,5559.67,Mid-market,0,0.1392491847183685,9
INV0003595,C01956,2025-07-08,1141.5,SMB,0,0.1392372041865938,9
INV0013975,C02256,2025-07-06,692.5,SMB,0,0.13923524778217877,9
INV0013661,C01142,2025-07-15,1315.03,SMB,0,0.1391598262276792,9
INV0006590,C01997,2025-07-10,18779.87,Mid-market,0,0.13894998494755942,9
INV0000959,C02301,2025-10-05,4927.65,Mid-market,0,0.1387903644867065,9
INV0006847,C00438,2025-09-01,3047.18,Mid-market,1,0.13871626043914723,9
INV0002587,C00264,2025-10-02,889.56,SMB,0,0.13863050773437163,9
INV0012092,C00710,2025-10-25,2569.99,SMB,0,0.13856436152258947,9
INV0011814,C02088,2025-06-07,4345.18,Mid-market,0,0.1385279523798037,9
INV0016076,C00160,2025-09-22,6071.26,Enterprise,0,0.13844952604647132,9
INV0008190,C01599,2025-08-28,3428.25,SMB,0,0.1384449912714882,9
INV0012442,C02037,2025-11-14,2162.2,SMB,1,0.13842022273404694,9
INV0017386,C01517,2025-10-01,594.22,SMB,1,0.13823692611128752,9
INV0006439,C00384,2025-10-10,1499.14,SMB,0,0.13814066310464124,9
INV0018700,C01086,2025-08-06,3088.14,Enterprise,0,0.1380283880409025,9
INV0005401,C02202,2025-12-05,16653.42,Mid-market,0,0.13802136135408288,9
INV0007814,C00637,2025-09-06,2295.33,SMB,1,0.13785939279476686,9
INV0001903,C00631,2025-09-09,2791.49,SMB,0,0.13783549843213438,9
INV0013843,C01059,2025-07-12,986.96,Mid-market,0,0.13780192946494932,9
INV0007040,C02023,2025-07-11,3179.99,Mid-market,1,0.13776801773672584,9
INV0017462,C02370,2025-09-09,7863.91,Enterprise,0,0.137558836153102,9
INV0016264,C02167,2025-07-01,2833.38,SMB,0,0.1375336288805294,9
INV0018704,C02202,2025-10-04,2176.34,Mid-market,0,0.13740217374143623,9
INV0006471,C00914,2025-12-08,10031.42,Mid-market,0,0.1373823573805715,9
INV0011742,C01241,2025-07-30,16536.97,Enterprise,0,0.137361493400097,9
INV0015670,C01076,2025-07-22,6250.38,Mid-market,1,0.1373391336047627,9
INV0013813,C02253,2025-08-08,7186.35,Mid-market,0,0.13732523212500156,9
INV0000568,C00154,2025-05-26,1724.33,Mid-market,0,0.1373241813517327,9
INV0014046,C01459,2025-08-23,20834.36,Enterprise,0,0.13719791947847987,9
INV0013550,C01017,2025-06-23,4346.06,Enterprise,0,0.13714618046505672,9
INV0015786,C02331,2025-10-21,589.79,SMB,0,0.13710257955691174,9
INV0009586,C00507,2025-09-22,21641.36,SMB,0,0.1370729441018851,9
INV0011564,C01634,2025-09-03,7253.91,Enterprise,1,0.1370534457489677,9
INV0011138,C01586,2025-07-28,1395.47,Mid-market,0,0.13704574241389175,9
INV0004789,C00295,2025-09-18,3784.36,SMB,0,0.1369728820399925,9
INV0002844,C02031,2025-08-22,8549.82,Enterprise,0,0.13679686764829435,9
INV0007367,C00703,2025-08-02,2750.9,Mid-market,0,0.1365845333423028,9
INV0016307,C01030,2025-10-21,2458.5,SMB,0,0.13657584068807851,9
INV0001248,C01821,2025-09-22,2645.05,Mid-market,0,0.13653217642341844,9
INV0002747,C01981,2025-08-19,1163.07,SMB,0,0.13630648546884275,9
INV0002007,C00878,2025-10-05,2469.68,Mid-market,0,0.13620539644949278,9
INV0006066,C00548,2025-07-16,8928.17,Enterprise,0,0.13601204991761673,9
INV0017641,C01224,2025-12-14,1871.27,Enterprise,0,0.1359904615580252,9
INV0017047,C01358,2025-10-01,3941.7,SMB,0,0.13597426223132492,9
INV0009514,C01503,2025-11-01,7519.91,Mid-market,0,0.13590339592076509,9
INV0011324,C01005,2025-12-25,2721.67,Mid-market,1,0.13568695075150444,9
INV0000036,C02482,2025-09-04,478.76,Mid-market,0,0.13556343593775005,9
INV0006305,C00382,2025-08-14,1953.96,Mid-market,0,0.1353549363666798,9
INV0002234,C01727,2025-08-30,2088.66,Mid-market,0,0.1352773287761978,9
INV0013257,C01029,2025-08-28,2330.87,SMB,0,0.13521060919281885,9
INV0009901,C01224,2025-10-24,3791.43,Enterprise,0,0.13490855773945934,9
INV0013212,C01121,2025-11-08,2821.76,SMB,0,0.13490406412036204,9
INV0018018,C02370,2025-07-14,5072.06,Enterprise,0,0.13488642522167682,9
INV0003754,C01083,2025-07-02,5455.49,SMB,0,0.1348767266447044,9
INV0012730,C01539,2025-10-15,7369.51,SMB,0,0.13480051481463834,9
INV0009426,C01324,2025-11-18,781.39,SMB,0,0.13470570208714,9
INV0016273,C00239,2025-09-04,3780.36,SMB,0,0.13469199618875982,9
INV0000468,C00587,2025-10-29,826.19,SMB,0,0.13454284136790315,9
INV0002261,C00971,2025-12-04,2176.63,SMB,0,0.1344944051147895,9
INV0007033,C00772,2025-06-14,2247.86,SMB,0,0.13442717008733185,9
INV0009172,C00962,2025-09-09,4845.77,SMB,0,0.13405470194643798,9
INV0010328,C00483,2025-11-14,2066.02,Mid-market,0,0.13394182379774563,9
INV0010982,C00637,2025-10-26,655.45,SMB,0,0.1336939912920569,9
INV0005984,C00672,2025-08-03,3302.46,Mid-market,1,0.13347536941389346,9
INV0000245,C02232,2025-06-09,2571.37,Mid-market,0,0.13340925278952276,9
INV0008576,C01560,2025-09-21,990.09,SMB,0,0.13318449619593004,9
INV0016338,C00883,2025-06-12,7880.73,SMB,0,0.13310433853902484,9
INV0011121,C01015,2025-11-18,655.8,SMB,0,0.13300517009103113,9
INV0011556,C00149,2025-09-30,1012.06,SMB,0,0.13269307121207277,9
INV0007713,C01721,2025-08-21,1075.0,Mid-market,0,0.13265895293157437,9
INV0019974,C02239,2025-06-07,11298.79,Enterprise,1,0.13246399143242443,9
INV0007969,C00494,2025-06-14,6229.72,Mid-market,0,0.1324122441448104,9
INV0017402,C01044,2025-07-16,9082.37,Mid-market,0,0.13240526250428633,9
INV0014791,C00135,2025-10-03,1147.19,Mid-market,0,0.1323582906039917,9
INV0013231,C02131,2025-10-07,3418.66,Mid-market,0,0.1323541657396363,9
INV0012946,C01853,2025-10-28,5670.99,Mid-market,0,0.1322453624909491,9
INV0006326,C01089,2025-10-11,1488.5,Mid-market,0,0.13214399199319873,9
INV0005310,C01129,2025-08-12,4059.16,SMB,0,0.13207424283485106,9
INV0000033,C01460,2025-11-28,1415.42,SMB,0,0.1319274629001298,9
INV0005243,C00537,2025-07-19,5392.05,Enterprise,0,0.13190010474506475,9
INV0014855,C01457,2025-07-07,1982.45,Mid-market,0,0.13180114017120534,9
INV0015701,C01244,2025-10-21,602.32,Mid-market,1,0.13179419928800207,9
INV0011292,C01551,2025-06-03,4238.95,Mid-market,0,0.13136864077472604,9
INV0005776,C02341,2025-12-24,1047.36,SMB,0,0.13136004080190083,9
INV0014145,C01257,2025-08-06,5828.49,Enterprise,0,0.13132125969472025,9
INV0009606,C02461,2025-10-09,282.99,SMB,0,0.13124877282612907,9
INV0002841,C00817,2025-11-03,1265.46,SMB,0,0.13115927220495402,9
INV0012630,C01109,2025-07-16,13767.65,Enterprise,0,0.13101132853063047,9
INV0005362,C01833,2025-11-23,2544.68,SMB,0,0.1309645673762709,9
INV0012318,C00879,2025-12-22,1981.8,SMB,1,0.130950756257068,9
INV0017997,C01929,2025-09-20,3934.35,Mid-market,1,0.1309482186790452,9
INV0008528,C02467,2025-06-02,1804.41,SMB,0,0.13092505114943584,9
INV0006614,C00438,2025-06-21,2142.42,Mid-market,0,0.1308917847003589,9
INV0004405,C01997,2025-06-21,2430.9,Mid-market,0,0.13056147503746507,9
INV0013036,C00062,2025-12-22,4508.64,Mid-market,0,0.13054938990199327,9
INV0009207,C00688,2025-11-30,317.89,SMB,0,0.13043909515529153,9
INV0015378,C00242,2025-06-27,2060.41,Enterprise,0,0.1304064738881513,9
INV0003330,C01794,2025-11-06,862.78,Enterprise,0,0.1301025788006043,9
INV0005669,C00695,2025-07-14,19371.28,Mid-market,0,0.13007495430643504,9
INV0013426,C02000,2025-07-09,2049.87,SMB,0,0.129923736615707,9
INV0012906,C00758,2025-06-23,14366.76,Mid-market,0,0.12989276474465397,9
INV0017763,C00129,2025-06-12,1044.99,SMB,0,0.1298733683671344,9
INV0002170,C01458,2025-06-12,17899.49,Enterprise,0,0.1298401616020406,9
INV0019426,C01599,2025-08-11,3228.87,SMB,0,0.12979035224345511,9
INV0006653,C00435,2025-08-18,1190.83,Mid-market,1,0.1297583463372047,9
INV0010737,C02414,2025-09-05,1476.84,SMB,0,0.12973516830926865,9
INV0012862,C02491,2025-11-14,6224.4,Mid-market,0,0.1294901507480908,9
INV0016310,C01595,2025-09-19,883.91,SMB,0,0.12944226408455947,9
INV0010773,C00129,2025-11-22,7527.13,SMB,0,0.12927931089334138,9
INV0001703,C02484,2025-08-19,404.89,SMB,0,0.12921462071729994,9
INV0016489,C01497,2025-11-10,944.69,Mid-market,0,0.12921200223920426,9
INV0002855,C02236,2025-09-11,3608.31,Mid-market,0,0.12917827665600307,9
INV0018851,C00529,2025-10-01,1811.6,SMB,0,0.12908492961557963,9
INV0003924,C01954,2025-07-06,6251.03,SMB,0,0.1286625677615909,9
INV0019885,C00177,2025-09-27,1728.2,SMB,0,0.12864357632817353,9
INV0017199,C02147,2025-07-16,447.0,SMB,0,0.12864066890971154,9
INV0019806,C02023,2025-06-23,11701.65,Mid-market,0,0.12847365288081836,9
INV0013570,C00496,2025-10-23,1349.33,Mid-market,0,0.1282995662013129,9
INV0002237,C01259,2025-05-31,5298.96,SMB,0,0.1282342958405283,9
INV0013307,C02141,2025-06-10,13553.97,Mid-market,0,0.12816170979986116,9
INV0010509,C02224,2025-06-10,22301.87,Enterprise,0,0.12809440482516746,9
INV0001856,C02445,2025-11-14,3205.0,Mid-market,0,0.12799165599651266,9
INV0019119,C02497,2025-11-08,5054.99,SMB,0,0.12795728359641773,9
INV0007362,C00186,2025-09-11,9155.3,SMB,0,0.1279436806047252,9
INV0005986,C01945,2025-08-23,44582.21,Enterprise,0,0.12783192646999159,9
INV0000963,C00572,2025-08-06,4287.06,Mid-market,0,0.12762682296537844,9
INV0011146,C00938,2025-11-17,15694.22,Enterprise,0,0.12760120378463094,9
INV0011654,C02023,2025-07-31,3979.7,Mid-market,0,0.1275749771971849,9
INV0004793,C01853,2025-08-05,894.59,Mid-market,0,0.1274665475335301,9
INV0013619,C00278,2025-12-18,32206.56,Mid-market,0,0.1273810584856903,9
INV0007741,C02451,2025-05-26,746.43,SMB,0,0.127344087878988,9
INV0009160,C00301,2025-09-02,1598.02,SMB,0,0.1271506235873299,9
INV0000989,C00902,2025-06-05,9091.3,SMB,0,0.12697758404573659,9
INV0008592,C00179,2025-11-08,4665.29,Enterprise,0,0.12694688579886362,9
INV0013053,C01483,2025-09-06,995.6,SMB,0,0.1267960849889671,9
INV0004337,C02255,2025-10-01,3074.73,SMB,1,0.12677750004468882,9
INV0001592,C00690,2025-07-04,6273.72,SMB,0,0.12677436021513105,9
INV0011452,C00722,2025-06-02,2124.25,Mid-market,0,0.12673472465232596,9
INV0003099,C00209,2025-10-05,7692.12,Enterprise,0,0.12670072729066884,9
INV0003096,C02301,2025-12-21,3238.81,Mid-market,0,0.12653021945587664,9
INV0017672,C00169,2025-06-08,2646.97,SMB,1,0.12644060726501166,9
INV0014808,C01489,2025-12-07,303.0,SMB,0,0.12628981934650155,9
INV0006073,C01072,2025-08-20,2137.59,SMB,1,0.12624656196362188,9
INV0006456,C01575,2025-07-20,316.18,SMB,0,0.12596194965552265,9
INV0013279,C02123,2025-07-22,4670.32,SMB,0,0.1258888918975026,9
INV0015321,C01998,2025-07-22,2454.15,SMB,0,0.12587626032721705,9
INV0015222,C00070,2025-08-19,17068.12,SMB,0,0.12580585789365878,9
INV0011815,C01604,2025-07-28,9854.77,Enterprise,0,0.125655028597101,9
INV0014473,C00102,2025-12-14,3259.21,SMB,0,0.12561863480111896,9
INV0019276,C00337,2025-10-18,585.56,SMB,0,0.12511847790151998,9
INV0001387,C01204,2025-09-15,1575.0,Mid-market,0,0.12511833890059088,9
INV0012084,C01933,2025-12-08,394.15,SMB,0,0.12505660399958082,9
INV0016337,C01170,2025-11-29,11516.01,Mid-market,1,0.1250482065508143,9
INV0010133,C01298,2025-09-02,2669.73,Mid-market,0,0.12492209151338514,9
INV0010168,C01962,2025-06-17,995.71,SMB,0,0.12475727664288813,9
INV0003442,C00987,2025-08-29,1934.45,Mid-market,0,0.12475125939807204,9
INV0007991,C01898,2025-10-05,4827.25,Enterprise,0,0.12452328551235638,9
INV0004117,C01200,2025-10-10,1116.59,SMB,0,0.12428973589271367,9
INV0006069,C01795,2025-12-03,5267.57,SMB,0,0.12421797160876467,9
INV0011084,C02445,2025-09-05,974.36,Mid-market,0,0.12415884452839923,9
INV0001302,C02363,2025-11-05,5584.85,SMB,0,0.1240754270198132,9
INV0007850,C01694,2025-10-15,2012.73,SMB,1,0.12402027039849246,9
INV0019139,C01029,2025-06-11,564.58,SMB,0,0.12382627010582344,9
INV0003131,C01546,2025-11-11,1621.16,SMB,0,0.12371452895239803,9
INV0016108,C01002,2025-09-04,7696.01,Enterprise,0,0.1236050901678724,9
INV0013065,C00998,2025-09-17,18827.93,Enterprise,1,0.12358760750521895,9
INV0008088,C01463,2025-10-23,15420.37,Mid-market,0,0.12358105310941236,9
INV0000575,C00958,2025-07-31,20646.07,Enterprise,0,0.1233090039690153,9
INV0014377,C01805,2025-09-17,981.17,Mid-market,1,0.12315377548550031,9
INV0013175,C00499,2025-09-06,16241.12,Mid-market,0,0.12277563185342875,9
INV0003200,C00028,2025-09-26,7704.74,Enterprise,0,0.12261827616143593,9
INV0008780,C00792,2025-06-16,659.34,SMB,0,0.12254571085464619,9
INV0003576,C01361,2025-12-14,3783.21,SMB,0,0.12249081664363325,9
INV0009117,C00679,2025-12-28,138.3,SMB,0,0.12225495995195225,9
INV0019265,C01438,2025-09-07,48337.45,Enterprise,0,0.12225471165461693,9
INV0001180,C00848,2025-08-23,4662.87,SMB,0,0.12211430534818847,9
INV0002409,C02049,2025-10-19,1034.26,Mid-market,0,0.12208840048773113,9
INV0000636,C00154,2025-08-14,1781.25,Mid-market,0,0.12200022631247368,9
INV0015780,C02444,2025-12-08,1070.22,SMB,0,0.12193504497294697,9
INV0014835,C02250,2025-11-21,4583.22,SMB,0,0.12190164173795608,9
INV0011258,C02395,2025-06-13,39540.25,Mid-market,0,0.1218761375921554,9
INV0009995,C01057,2025-06-06,439.11,SMB,0,0.12183573069552431,9
INV0004815,C02115,2025-12-12,706.18,SMB,0,0.1217382274264858,9
INV0016011,C00655,2025-09-25,4429.82,SMB,0,0.12171844773529142,9
INV0009870,C02234,2025-09-29,5200.1,SMB,0,0.12164660800952694,9
INV0018691,C01827,2025-10-10,1725.41,Mid-market,0,0.12157392622378414,9
INV0015976,C02143,2025-07-18,2757.6,SMB,0,0.12156738370919348,9
INV0005264,C02024,2025-06-24,633.99,SMB,0,0.121559511190729,9
INV0000012,C00593,2025-11-24,1744.2,SMB,0,0.12145362083011021,9
INV0016864,C00896,2025-07-27,1437.3,Mid-market,0,0.12141416267856206,9
INV0017624,C01063,2025-11-03,267.96,SMB,0,0.12137215139485828,9
INV0008291,C00932,2025-12-07,649.6,Mid-market,0,0.12135037098811363,9
INV0019798,C01004,2025-08-07,1519.02,Mid-market,1,0.12121699720405964,9
INV0004518,C01077,2025-08-18,1563.47,Mid-market,0,0.12120046501298824,9
INV0014926,C00535,2025-09-21,1795.2,Mid-market,0,0.12118587234721562,9
INV0002963,C01026,2025-06-07,17611.13,Mid-market,0,0.12116460752354481,9
INV0001190,C02139,2025-07-05,345.84,SMB,1,0.12116366827387273,9
INV0000996,C01668,2025-07-17,13445.95,SMB,0,0.12107123172485358,9
INV0007497,C00301,2025-09-21,1014.92,SMB,1,0.12098851386350581,9
INV0003948,C01077,2025-08-29,31906.3,Mid-market,0,0.12087649444372801,9
INV0009439,C00064,2025-09-07,1136.26,Mid-market,0,0.1208096366495768,9
INV0019002,C00436,2025-09-22,9652.02,Mid-market,0,0.12079176553552633,9
INV0006795,C00352,2025-09-05,2906.0,SMB,0,0.12073305183525672,9
INV0006907,C01428,2025-10-24,3006.88,Mid-market,1,0.1206928308616715,9
INV0002104,C02182,2025-10-27,5100.79,SMB,0,0.1205959596872942,9
INV0004540,C01842,2025-08-28,2010.78,Mid-market,0,0.12053823569989312,9
INV0013692,C00023,2025-10-03,1299.34,Mid-market,0,0.12052107435465462,9
INV0008725,C00954,2025-08-15,5368.12,Mid-market,1,0.12044637844747241,9
INV0009030,C01044,2025-12-18,8651.88,Mid-market,1,0.12033351753348796,9
INV0002828,C00200,2025-07-02,5851.42,Mid-market,0,0.12025947862126916,9
INV0004944,C00924,2025-11-04,5216.25,Mid-market,0,0.12019459807471541,9
INV0015283,C01770,2025-07-10,1329.08,SMB,0,0.12014492530353524,9
INV0008675,C02470,2025-07-27,966.38,Mid-market,0,0.12009838051408232,9
INV0001752,C00123,2025-11-10,843.78,Mid-market,0,0.12006845866285153,9
INV0018449,C00149,2025-08-25,2967.43,SMB,0,0.11999444314736488,9
INV0005242,C00870,2025-09-17,20110.42,SMB,0,0.1199813026578656,9
INV0013315,C02380,2025-05-31,6051.23,Mid-market,0,0.11996232940211463,9
INV0003844,C00260,2025-06-12,1657.67,SMB,1,0.11989944131919485,9
INV0001980,C02143,2025-12-29,2081.69,SMB,0,0.11977323658409694,9
INV0013391,C02038,2025-12-20,242.78,SMB,1,0.1197520276367509,9
INV0004837,C02444,2025-07-04,1659.3,SMB,0,0.11966965607324262,9
INV0014852,C01761,2025-10-01,3123.88,SMB,1,0.11963337934170774,9
INV0004133,C02182,2025-06-09,19189.82,SMB,0,0.11954326515362122,9
INV0016003,C00290,2025-10-19,1440.77,Mid-market,0,0.11954073289657119,9
INV0006974,C00800,2025-10-05,423.16,SMB,0,0.11952440263157484,9
INV0013557,C00420,2025-12-22,801.96,SMB,0,0.11941800922942207,9
INV0006280,C02213,2025-05-30,866.93,SMB,0,0.1194111846575418,9
INV0004896,C00764,2025-06-09,8189.43,Mid-market,0,0.11928301092817384,9
INV0013891,C00017,2025-11-24,65805.82,SMB,0,0.11921956796371788,9
INV0009508,C02184,2025-10-08,7013.88,Mid-market,0,0.11915220660830825,9
INV0009811,C01204,2025-07-29,4763.73,Mid-market,0,0.11902787018990513,9
INV0010391,C02322,2025-09-13,1183.4,SMB,0,0.11897605503833698,9
INV0019354,C00631,2025-05-27,10938.92,SMB,0,0.11882518965215871,9
INV0013414,C01046,2025-07-02,3891.83,SMB,0,0.11880904454780182,9
INV0017440,C01376,2025-09-01,1224.33,Mid-market,0,0.11877586584774068,9
INV0017174,C00200,2025-12-08,5238.91,Mid-market,0,0.11872608148685636,9
INV0014711,C00836,2025-09-03,1573.1,SMB,0,0.11852510544223857,9
INV0011023,C01795,2025-08-07,3349.68,SMB,0,0.11849905289558844,9
INV0004732,C01246,2025-11-28,1068.04,SMB,0,0.1183946166247492,9
INV0007326,C00243,2025-11-22,553.55,SMB,0,0.11831951608687703,9
INV0016959,C01899,2025-12-22,22508.38,Enterprise,0,0.11830225653761885,9
INV0011906,C00635,2025-11-03,3170.58,Mid-market,0,0.11779924592490174,9
INV0010120,C00541,2025-12-15,7641.94,Mid-market,0,0.11778703757690252,9
INV0013009,C00118,2025-07-25,1297.0,SMB,0,0.11774362429602944,9
INV0006585,C01917,2025-09-16,1519.38,SMB,1,0.11765053319671485,9
INV0006420,C00913,2025-09-30,3000.12,SMB,0,0.11762463498574771,9
INV0012762,C01492,2025-07-11,335.32,Mid-market,0,0.11750234849481977,9
INV0009429,C01004,2025-09-26,13233.52,Mid-market,0,0.11749035983751784,9
INV0003826,C02151,2025-12-08,18513.92,Enterprise,0,0.11747382407022107,9
INV0001748,C00208,2025-10-19,566.18,Mid-market,0,0.1172403647169761,9
INV0004237,C01954,2025-08-21,1544.24,SMB,0,0.11713764618388642,9
INV0018764,C00913,2025-10-12,2925.96,SMB,0,0.1171071220369839,9
INV0004454,C01301,2025-08-24,1700.49,SMB,0,0.11710478889877432,9
INV0007476,C01324,2025-09-30,3478.51,SMB,0,0.11709673255601441,9
INV0014294,C00809,2025-12-24,3143.35,Mid-market,1,0.11701704024890845,9
INV0019570,C01290,2025-11-07,3136.68,Mid-market,0,0.1169214186361038,9
INV0018752,C01653,2025-06-05,956.63,SMB,0,0.11691065980323334,9
INV0009719,C01774,2025-06-19,1690.31,Enterprise,0,0.11690176452229457,9
INV0005051,C00229,2025-11-09,1550.73,SMB,0,0.11664142865038957,9
INV0006661,C00983,2025-07-14,1859.89,SMB,1,0.11663261144134994,9
INV0003054,C00688,2025-09-24,2419.98,SMB,0,0.1165377965248022,9
INV0006021,C00178,2025-06-13,819.98,SMB,0,0.116373536475021,9
INV0013553,C01842,2025-06-13,3228.61,Mid-market,1,0.11631565919783067,9
INV0014937,C00615,2025-11-09,274.28,SMB,0,0.11620840016883478,9
INV0009803,C01156,2025-10-19,1528.77,SMB,0,0.11619421318446108,9
INV0000463,C00886,2025-07-16,4348.26,Mid-market,1,0.11615760089383743,9
INV0006540,C01729,2025-11-11,1172.05,SMB,0,0.1161329398181898,9
INV0013383,C02322,2025-11-07,1438.29,SMB,0,0.11611305267104387,9
INV0011553,C01857,2025-10-29,2304.2,SMB,0,0.11601247709982428,9
INV0009082,C01054,2025-10-16,3587.49,Mid-market,0,0.11599898691136247,9
INV0010136,C00169,2025-10-20,222.65,SMB,0,0.11589462500664145,9
INV0015430,C01745,2025-10-24,1595.61,Enterprise,0,0.11582279432309614,9
INV0013954,C01779,2025-11-07,1345.41,SMB,0,0.11573760218320392,9
INV0008575,C00719,2025-06-15,382.28,Mid-market,0,0.11570869428172242,9
INV0015552,C00725,2025-10-16,4410.93,SMB,0,0.11569154791651763,9
INV0002991,C01528,2025-07-11,1738.17,SMB,0,0.11559028983737486,9
INV0018272,C01301,2025-11-10,994.57,SMB,0,0.11555052317976802,9
INV0018374,C02073,2025-06-04,3223.06,SMB,0,0.11554343058068312,9
INV0006287,C01069,2025-11-08,12235.75,Enterprise,0,0.11554022542218599,9
INV0000570,C00748,2025-11-15,1228.03,SMB,0,0.11530925645394348,9
INV0012171,C01157,2025-12-01,7413.03,Mid-market,1,0.11525264298146705,9
INV0005746,C00351,2025-07-28,4787.31,SMB,0,0.11518977352236007,9
INV0014700,C00515,2025-12-16,754.8,SMB,0,0.115165315702202,9
INV0001287,C00494,2025-09-16,1013.31,Mid-market,1,0.11509969729050967,9
INV0010545,C02173,2025-09-07,1693.05,Mid-market,0,0.11499466374492609,9
INV0013581,C00035,2025-08-12,4017.63,SMB,0,0.11498142161984046,9
INV0004422,C01851,2025-08-07,926.75,SMB,0,0.11496863573297761,9
INV0002614,C00085,2025-06-06,1449.19,SMB,0,0.11495284886312171,9
INV0016502,C00694,2025-11-10,3171.82,Mid-market,0,0.11495075618635729,9
INV0001052,C00836,2025-12-28,890.73,SMB,1,0.11485518172935875,9
INV0008322,C01753,2025-06-20,5181.23,Mid-market,0,0.11476033890678836,9
INV0016160,C01546,2025-12-14,1263.86,SMB,0,0.11474526746558147,10
INV0006086,C00848,2025-06-29,2834.52,SMB,0,0.11465011845774506,10
INV0017619,C00699,2025-08-04,3713.66,Mid-market,0,0.1146438215905522,10
INV0010275,C00461,2025-08-02,2326.04,SMB,0,0.11446310748406636,10
INV0008515,C01997,2025-06-26,6601.98,Mid-market,0,0.11438315523588251,10
INV0014281,C01546,2025-09-25,1447.99,SMB,0,0.11421944901412369,10
INV0009983,C02216,2025-11-13,27313.13,Enterprise,0,0.11421050797168493,10
INV0000141,C02335,2025-09-17,808.07,SMB,0,0.11417242055857495,10
INV0007381,C01983,2025-07-04,3554.38,Mid-market,0,0.11413277659115746,10
INV0004066,C02473,2025-10-04,840.25,SMB,0,0.11371240294428041,10
INV0002784,C01059,2025-09-24,1407.12,Mid-market,0,0.11370108653871944,10
INV0006834,C02183,2025-08-16,3931.61,SMB,0,0.11362303001883417,10
INV0008010,C01492,2025-09-25,411.45,Mid-market,0,0.11346359660102462,10
INV0007239,C00878,2025-08-04,951.13,Mid-market,0,0.11321475861541247,10
INV0013303,C00743,2025-07-06,4234.58,SMB,0,0.11320438761325403,10
INV0011087,C00615,2025-07-01,1610.15,SMB,0,0.11318477175837953,10
INV0013320,C02183,2025-07-21,2109.7,SMB,0,0.11317812077438935,10
INV0010430,C01133,2025-09-03,3398.64,SMB,1,0.11312843440288863,10
INV0016519,C01026,2025-12-28,4659.22,Mid-market,0,0.11308824005262909,10
INV0006860,C00809,2025-10-24,3810.83,Mid-market,0,0.11287927910629417,10
INV0007392,C02094,2025-09-08,32522.77,Enterprise,0,0.11284875541708568,10
INV0009712,C00958,2025-12-12,3908.4,Enterprise,1,0.11275870424735779,10
INV0006282,C00092,2025-08-15,2528.8,SMB,0,0.11273278358009953,10
INV0010036,C01702,2025-10-15,4654.5,SMB,0,0.11273207656236832,10
INV0010820,C00056,2025-11-30,11616.72,Mid-market,0,0.11265234616134873,10
INV0017654,C01514,2025-11-13,8190.14,Enterprise,0,0.11252403558436601,10
INV0001926,C00209,2025-09-21,11876.92,Enterprise,0,0.11234873024843584,10
INV0017324,C00924,2025-12-14,3308.4,Mid-market,0,0.11222112643916658,10
INV0013941,C01599,2025-10-21,1587.37,SMB,0,0.11216669632337323,10
INV0018598,C00268,2025-11-27,11551.61,Mid-market,0,0.11202768869897599,10
INV0003056,C01046,2025-12-30,1638.49,SMB,0,0.11182369359693264,10
INV0007457,C00273,2025-11-06,784.92,SMB,0,0.11174322390350315,10
INV0012957,C01497,2025-06-08,6318.21,Mid-market,0,0.11156699557045445,10
INV0019410,C00273,2025-07-15,143.43,SMB,0,0.11147487130171263,10
INV0005521,C01100,2025-09-28,20223.64,Mid-market,0,0.11129722850633562,10
INV0007567,C01195,2025-06-18,3237.34,SMB,0,0.11122604802002573,10
INV0009636,C01085,2025-11-03,5380.88,Mid-market,0,0.11114576087074864,10
INV0003242,C01003,2025-09-06,5832.06,Mid-market,0,0.11101708549573497,10
INV0001362,C02343,2025-09-03,1743.56,SMB,1,0.11100844597491888,10
INV0002453,C01394,2025-06-27,5492.1,SMB,0,0.11097069008099665,10
INV0013005,C01451,2025-07-17,584.78,SMB,1,0.11092625642237311,10
INV0016321,C01102,2025-06-15,1189.03,SMB,0,0.11082365449358271,10
INV0018142,C01342,2025-06-20,56974.76,Enterprise,0,0.11076462184811675,10
INV0008898,C01022,2025-08-11,1755.69,SMB,0,0.11065668937389472,10
INV0006096,C02451,2025-11-07,2059.91,SMB,1,0.11061944441248969,10
INV0016067,C00794,2025-07-26,1604.94,Mid-market,0,0.1104745263223928,10
INV0005023,C01985,2025-08-03,910.0,Mid-market,0,0.11038660849452855,10
INV0000772,C01108,2025-08-14,3825.7,Enterprise,0,0.11036508431687866,10
INV0007715,C01659,2025-06-17,3593.0,Mid-market,0,0.1100777943148828,10
INV0014804,C01487,2025-07-23,1749.13,SMB,0,0.11002301167320128,10
INV0011332,C00943,2025-11-14,4240.98,Mid-market,0,0.10990067673223251,10
INV0014715,C01711,2025-06-28,1414.32,SMB,0,0.10985457940889067,10
INV0017698,C00107,2025-07-22,1983.87,Mid-market,1,0.10980751473212748,10
INV0005469,C01483,2025-12-14,3297.06,SMB,0,0.10962407594857879,10
INV0017886,C01436,2025-07-31,6098.23,Mid-market,0,0.10935903185722726,10
INV0013057,C00396,2025-12-05,4364.13,SMB,0,0.10930434755049602,10
INV0000694,C02491,2025-08-11,1527.53,Mid-market,0,0.10896529673700955,10
INV0010921,C00129,2025-10-02,7019.19,SMB,0,0.10879832226194039,10
INV0011604,C00809,2025-06-11,4285.78,Mid-market,0,0.10875617183802352,10
INV0003402,C01609,2025-05-30,6757.58,Mid-market,0,0.10874285680449436,10
INV0009315,C00059,2025-05-26,9287.05,Enterprise,0,0.10855375230470889,10
INV0009663,C02363,2025-09-06,2184.78,SMB,0,0.10842471893269612,10
INV0003318,C02004,2025-09-16,2124.68,SMB,1,0.10837235840642824,10
INV0000083,C02301,2025-08-26,9832.49,Mid-market,0,0.10833043557288867,10
INV0012943,C00592,2025-07-11,4898.5,SMB,0,0.10821308867776064,10
INV0003510,C00746,2025-11-07,1729.1,SMB,0,0.10820270992989332,10
INV0017347,C01168,2025-09-30,2229.13,SMB,0,0.10811576341886049,10
INV0019195,C01993,2025-10-21,1157.15,SMB,0,0.10811288353828033,10
INV0007277,C01226,2025-07-23,13470.19,Enterprise,0,0.10804208736366512,10
INV0014821,C01682,2025-06-28,1673.19,SMB,0,0.10802165909646268,10
INV0018513,C02298,2025-10-31,431.29,Mid-market,0,0.10791932598688718,10
INV0009217,C01053,2025-12-14,3397.06,Mid-market,0,0.10785616141502992,10
INV0015761,C02023,2025-11-17,26335.36,Mid-market,0,0.10784001013503262,10
INV0009752,C00633,2025-07-27,1381.36,Enterprise,0,0.10760175970401174,10
INV0012481,C02301,2025-08-25,2112.49,Mid-market,0,0.10748365092010462,10
INV0003185,C00315,2025-09-17,1015.0,Mid-market,0,0.1074613476411736,10
INV0018816,C02004,2025-10-27,1224.37,SMB,1,0.10737445258441174,10
INV0001237,C01647,2025-10-30,1145.54,Mid-market,0,0.1072564517543522,10
INV0015537,C01118,2025-06-29,2790.97,Mid-market,1,0.10720930483060366,10
INV0014250,C01560,2025-11-27,5493.68,SMB,0,0.1071871723094973,10
INV0010186,C02206,2025-08-11,415.36,Mid-market,0,0.10716771220001077,10
INV0019279,C01895,2025-11-17,4470.75,SMB,0,0.10712738166288142,10
INV0000534,C02324,2025-09-29,245.22,SMB,0,0.10705546842270879,10
INV0013924,C02455,2025-12-18,11221.04,Enterprise,0,0.10678670547893487,10
INV0014672,C00675,2025-12-27,6962.2,SMB,0,0.10658222626109903,10
INV0014010,C00904,2025-10-19,2855.67,Enterprise,0,0.10651678024098316,10
INV0013880,C02368,2025-07-16,3042.63,Enterprise,1,0.10649807647926748,10
INV0005384,C01533,2025-07-03,934.04,Mid-market,0,0.10634534862022237,10
INV0014957,C01816,2025-10-28,6393.27,Mid-market,0,0.10619061834546166,10
INV0019013,C00712,2025-07-05,1422.12,SMB,0,0.10618332570868882,10
INV0008404,C01432,2025-11-22,1984.39,SMB,0,0.10612703762705249,10
INV0011961,C01022,2025-10-31,1763.63,SMB,0,0.1061038275602701,10
INV0012006,C00044,2025-08-26,9820.88,Enterprise,1,0.10599585743473895,10
INV0004200,C01434,2025-06-29,8635.31,Mid-market,0,0.10598245351878609,10
INV0005194,C00164,2025-11-30,7128.35,Enterprise,0,0.10586106435668888,10
INV0000925,C00449,2025-10-03,613.78,Mid-market,0,0.1057906159420543,10
INV0005247,C00309,2025-08-01,2095.35,SMB,0,0.10572111922554539,10
INV0014570,C02239,2025-10-30,7160.37,Enterprise,0,0.10565441923086481,10
INV0014428,C02435,2025-10-09,3289.72,SMB,0,0.10539478899871835,10
INV0004314,C00062,2025-11-20,10877.18,Mid-market,0,0.10519497716371703,10
INV0010739,C00438,2025-06-27,623.36,Mid-market,0,0.10517821227933163,10
INV0009258,C01434,2025-08-10,2073.48,Mid-market,0,0.10514767361192799,10
INV0008267,C01086,2025-07-03,7703.11,Enterprise,0,0.10510953936661076,10
INV0018826,C00281,2025-12-29,5970.15,Mid-market,0,0.10508913535781672,10
INV0004275,C00933,2025-06-11,27611.31,Enterprise,0,0.10502683219626241,10
INV0017492,C00072,2025-08-16,10817.02,Mid-market,0,0.10496402441143335,10
INV0003920,C02241,2025-06-04,1585.81,SMB,0,0.10464035621125706,10
INV0019903,C01158,2025-08-19,12652.69,Enterprise,0,0.1046041314180289,10
INV0008257,C00188,2025-10-02,10366.3,Mid-market,0,0.10444952791014694,10
INV0002557,C02037,2025-12-07,2110.97,SMB,1,0.10443927079399706,10
INV0014853,C01652,2025-09-01,1404.36,SMB,0,0.10439212083060986,10
INV0000998,C00245,2025-07-19,543.48,SMB,0,0.10438021371866646,10
INV0008500,C01930,2025-10-13,1632.47,Mid-market,0,0.10424260583348006,10
INV0002730,C00281,2025-05-31,2638.91,Mid-market,0,0.1042342830018945,10
INV0010471,C01997,2025-08-17,4027.24,Mid-market,0,0.10414721002711044,10
INV0013443,C01665,2025-10-01,766.87,SMB,0,0.10341587786767588,10
INV0002060,C00633,2025-06-10,13552.2,Enterprise,0,0.10341500824160792,10
INV0000001,C00268,2025-06-13,8016.0,Mid-market,0,0.10340975229117692,10
INV0011580,C01504,2025-11-30,9155.58,Mid-market,0,0.10339725705901172,10
INV0015099,C01046,2025-10-08,3497.47,SMB,1,0.10327557387354441,10
INV0011036,C02019,2025-06-01,8728.56,Mid-market,0,0.10283142645920672,10
INV0012791,C01956,2025-07-01,3923.28,SMB,0,0.10271167946547632,10
INV0012816,C02324,2025-09-23,384.45,SMB,0,0.10269878149252322,10
INV0009267,C00265,2025-12-14,29534.17,Enterprise,0,0.10263098072129108,10
INV0007711,C01156,2025-12-17,1159.93,SMB,0,0.10251490816405845,10
INV0009851,C00048,2025-09-12,100.0,SMB,0,0.10211338205993757,10
INV0016855,C01158,2025-11-25,25099.66,Enterprise,0,0.10194320770993504,10
INV0010336,C01041,2025-12-13,729.99,SMB,0,0.10191217646269358,10
INV0004910,C01195,2025-10-16,1306.48,SMB,0,0.10180038276156056,10
INV0001588,C00264,2025-11-17,1026.27,SMB,0,0.10172684936428816,10
INV0008846,C00743,2025-05-31,5390.19,SMB,0,0.10169217239305665,10
INV0013225,C01595,2025-10-08,4988.5,SMB,0,0.10164887765717871,10
INV0007573,C01899,2025-11-04,30910.87,Enterprise,0,0.10151557867031488,10
INV0018314,C01647,2025-12-17,1545.21,Mid-market,1,0.10143709026490037,10
INV0011977,C00245,2025-06-05,2920.77,SMB,0,0.1013903132837408,10
INV0000301,C01259,2025-09-18,864.76,SMB,0,0.10138269997395645,10
INV0011385,C02072,2025-09-20,2807.01,SMB,0,0.1012671506434588,10
INV0015749,C02111,2025-10-13,6282.13,SMB,0,0.10124879093915644,10
INV0012055,C02484,2025-07-07,2540.75,SMB,0,0.10117943500900196,10
INV0018821,C02010,2025-12-13,1960.58,SMB,0,0.10096874902320843,10
INV0004605,C00123,2025-11-01,2356.18,Mid-market,0,0.10089965453535327,10
INV0014487,C00177,2025-07-15,14880.04,SMB,0,0.10085149377351044,10
INV0015456,C02091,2025-09-05,709.63,Mid-market,1,0.10076386032545342,10
INV0003931,C00544,2025-06-22,943.19,Mid-market,0,0.10069097726561538,10
INV0016984,C02497,2025-10-28,7090.21,SMB,0,0.10067231827477796,10
INV0015677,C01244,2025-10-07,6571.75,Mid-market,0,0.10059333908278424,10
INV0001304,C02268,2025-06-03,2044.27,Mid-market,0,0.10054393795214066,10
INV0013988,C01376,2025-09-23,821.15,Mid-market,0,0.10052878602169367,10
INV0019987,C01029,2025-07-31,1580.82,SMB,0,0.10040454853822303,10
INV0012699,C00178,2025-08-31,2727.37,SMB,0,0.10034519669754319,10
INV0002728,C00848,2025-08-23,510.5,SMB,0,0.10025142958582632,10
INV0012706,C02294,2025-06-09,2762.88,Mid-market,1,0.10016223846285532,10
INV0009929,C01003,2025-07-09,6374.1,Mid-market,0,0.10007355215658012,10
INV0001557,C00241,2025-07-27,43018.46,Enterprise,0,0.10005708997807564,10
INV0000945,C00589,2025-09-08,4653.91,Mid-market,0,0.09993483598209625,10
INV0006455,C01495,2025-08-20,6162.55,SMB,0,0.09984690845270273,10
INV0011965,C00268,2025-07-07,4559.56,Mid-market,0,0.09973508048788604,10
INV0018976,C01896,2025-07-19,4470.58,Mid-market,0,0.09972649162020815,10
INV0001580,C01002,2025-12-25,2255.74,Enterprise,0,0.09971193255727005,10
INV0005794,C00612,2025-12-08,5177.29,Mid-market,0,0.09966092809628443,10
INV0011381,C01870,2025-06-18,1273.7,SMB,1,0.09964659091707616,10
INV0015516,C02049,2025-06-29,7262.57,Mid-market,0,0.09959896445345034,10
INV0007550,C01250,2025-12-27,474.25,SMB,1,0.09959594030168611,10
INV0009619,C01324,2025-06-07,1434.22,SMB,0,0.09952992743932447,10
INV0001391,C01249,2025-12-12,3691.37,Mid-market,0,0.09934365351435578,10
INV0007945,C02115,2025-12-25,100.0,SMB,0,0.09933584058371703,10
INV0007109,C02010,2025-12-13,1501.29,SMB,0,0.09928668458661499,10
INV0013820,C01727,2025-10-27,1368.88,Mid-market,0,0.09921351011734215,10
INV0001013,C02232,2025-05-26,1452.69,Mid-market,0,0.09917055349415804,10
INV0018118,C01431,2025-09-05,427.43,SMB,0,0.0990101712033487,10
INV0000668,C02445,2025-12-23,2512.04,Mid-market,0,0.09877126505294793,10
INV0016035,C01174,2025-06-24,20176.22,Mid-market,0,0.09852507944288252,10
INV0010712,C00248,2025-09-23,1433.5,SMB,0,0.09850017759492913,10
INV0010200,C01578,2025-10-26,390.11,SMB,0,0.09843341070022765,10
INV0009821,C02123,2025-07-08,972.56,SMB,0,0.0984031935193496,10
INV0017485,C01899,2025-07-15,31173.23,Enterprise,1,0.09830370509722494,10
INV0005422,C02352,2025-07-01,935.38,Mid-market,0,0.09827163974248783,10
INV0005108,C02315,2025-06-09,381.54,Mid-market,0,0.09825972020138692,10
INV0014028,C00988,2025-10-20,6260.98,SMB,0,0.09813701404476413,10
INV0006493,C01795,2025-07-08,1986.96,SMB,0,0.09803172551752125,10
INV0018686,C02241,2025-07-05,936.49,SMB,0,0.09802094601151345,10
INV0018699,C00576,2025-09-03,1146.48,Mid-market,1,0.09795513973070158,10
INV0012638,C00988,2025-09-17,4949.97,SMB,0,0.09793155775614282,10
INV0018019,C00155,2025-09-04,1846.61,Mid-market,0,0.09791316360813569,10
INV0016107,C02193,2025-08-02,1416.09,Mid-market,0,0.09776172313323925,10
INV0001951,C01495,2025-07-15,2502.7,SMB,0,0.097706346848426,10
INV0011543,C02022,2025-12-24,2517.96,SMB,0,0.09756658485463765,10
INV0017298,C02183,2025-11-16,3238.74,SMB,0,0.09753599218273105,10
INV0018827,C01463,2025-11-21,2059.47,Mid-market,0,0.0975032924970059,10
INV0001328,C01195,2025-12-11,5448.75,SMB,0,0.09749754375411875,10
INV0012224,C00035,2025-11-23,799.65,SMB,0,0.09746010688867074,10
INV0006556,C00521,2025-07-07,8155.04,Mid-market,0,0.09738601966651184,10
INV0017541,C00836,2025-10-09,2118.63,SMB,0,0.09725820385350303,10
INV0014009,C00430,2025-06-03,1387.04,SMB,1,0.09711186947725718,10
INV0018505,C01983,2025-11-25,4669.1,Mid-market,0,0.09701245793784101,10
INV0016711,C00672,2025-12-10,1155.42,Mid-market,0,0.09682292904244298,10
INV0017098,C01246,2025-07-26,580.02,SMB,0,0.0968186196528375,10
INV0019929,C00273,2025-07-03,294.48,SMB,1,0.0965478201702148,10
INV0013088,C02493,2025-06-28,1755.88,Mid-market,0,0.09639110792771863,10
INV0016714,C01076,2025-09-01,2212.27,Mid-market,0,0.09621055826076146,10
INV0004521,C00635,2025-07-12,27435.1,Mid-market,0,0.09603719541165279,10
INV0005361,C01290,2025-07-07,2616.2,Mid-market,0,0.09601120096857094,10
INV0014946,C00111,2025-11-16,2205.87,Mid-market,0,0.09592894335589687,10
INV0002690,C00589,2025-08-29,2239.92,Mid-market,1,0.09590238440425712,10
INV0011697,C01382,2025-10-30,200.0,Mid-market,0,0.09587502250412186,10
INV0011926,C00373,2025-07-13,4204.69,Mid-market,0,0.09564277830601564,10
INV0018389,C00605,2025-12-20,54571.0,Mid-market,0,0.09564031017787608,10
INV0015809,C01745,2025-08-31,10194.2,Enterprise,0,0.09561849191996724,10
INV0014571,C01611,2025-06-29,47861.14,Enterprise,0,0.09559798120416975,10
INV0011530,C00295,2025-08-27,1717.82,SMB,0,0.0954279850980222,10
INV0002422,C01145,2025-11-22,3564.42,Enterprise,0,0.09532677704325157,10
INV0017482,C01795,2025-06-17,3707.74,SMB,0,0.09530150196065068,10
INV0017591,C02057,2025-06-27,3540.34,Mid-market,0,0.0952929064792865,10
INV0005604,C01790,2025-08-18,14660.26,Mid-market,0,0.09494726920104551,10
INV0009945,C01164,2025-09-25,1482.02,Mid-market,0,0.09493040643942173,10
INV0006984,C01293,2025-09-10,8234.75,SMB,0,0.0949267060534361,10
INV0010049,C02183,2025-12-26,1707.84,SMB,0,0.09489642717933605,10
INV0005911,C00044,2025-06-26,7516.04,Enterprise,0,0.09487180774819991,10
INV0012421,C00373,2025-08-06,3635.33,Mid-market,0,0.09486172973519304,10
INV0007253,C01204,2025-10-25,8658.11,Mid-market,0,0.09485668683152476,10
INV0006306,C00396,2025-12-19,3200.58,SMB,0,0.09485345234353441,10
INV0006027,C00987,2025-09-29,1163.83,Mid-market,0,0.0946556892664729,10
INV0010064,C02315,2025-09-27,4040.75,Mid-market,0,0.09460506966322031,10
INV0005031,C00309,2025-10-24,2410.12,SMB,0,0.09457439290379036,10
INV0017969,C02370,2025-09-29,27837.15,Enterprise,0,0.0944574773826177,10
INV0001948,C02472,2025-11-05,8677.35,Mid-market,0,0.09426901916625183,10
INV0004127,C02234,2025-10-15,4905.86,SMB,0,0.09413289060741463,10
INV0001978,C00411,2025-12-14,1090.41,SMB,0,0.09409179109801961,10
INV0005795,C01604,2025-07-12,2524.55,Enterprise,1,0.09395482082221777,10
INV0012049,C01226,2025-06-08,2789.23,Enterprise,0,0.09386391810162954,10
INV0017946,C01487,2025-06-08,947.62,SMB,0,0.09376508492101188,10
INV0017748,C01747,2025-11-13,11185.01,Enterprise,0,0.09373436155206458,10
INV0019843,C02345,2025-07-14,2736.9,Mid-market,0,0.09352708032622102,10
INV0003307,C00521,2025-06-03,4971.08,Mid-market,0,0.09345771670363777,10
INV0002438,C01933,2025-11-17,3334.07,SMB,0,0.09340687627451207,10
INV0000018,C01923,2025-11-28,15397.99,Enterprise,0,0.09330247306609281,10
INV0017727,C00292,2025-08-01,28659.81,SMB,0,0.09329797937981595,10
INV0012804,C00435,2025-07-04,10994.17,Mid-market,0,0.09326264035148893,10
INV0005463,C00758,2025-12-03,1924.58,Mid-market,1,0.09322590661994173,10
INV0009362,C00896,2025-08-12,346.64,Mid-market,0,0.09306373851169056,10
INV0009264,C02182,2025-12-09,5632.21,SMB,0,0.09296184943162068,10
INV0012002,C00183,2025-09-11,4364.55,Mid-market,0,0.09293506906025603,10
INV0016022,C01497,2025-09-04,13442.2,Mid-market,0,0.09287579957109394,10
INV0011818,C01896,2025-06-02,3426.47,Mid-market,0,0.0928579454960337,10
INV0013097,C01089,2025-12-10,6801.58,Mid-market,0,0.09282206894194638,10
INV0017399,C00496,2025-06-14,3529.47,Mid-market,0,0.09278651422993824,10
INV0010129,C01711,2025-09-07,430.15,SMB,0,0.09272956512621262,10
INV0002661,C01983,2025-08-31,902.37,Mid-market,0,0.09268734210707859,10
INV0013987,C01375,2025-12-10,19304.16,Enterprise,0,0.09228915771690341,10
INV0003198,C01266,2025-08-03,1298.25,Enterprise,1,0.09216308180495589,10
INV0001911,C00593,2025-11-17,767.67,SMB,0,0.09214203375469258,10
INV0003995,C00563,2025-07-18,649.13,SMB,0,0.09214071314765067,10
INV0016935,C01022,2025-10-21,4973.59,SMB,0,0.09212905153123015,10
INV0009869,C01936,2025-08-12,5099.43,SMB,0,0.09206539087935406,10
INV0014353,C00294,2025-09-29,3217.43,Mid-market,0,0.09182055992665741,10
INV0002738,C01621,2025-08-20,46626.22,Enterprise,0,0.09171036927408832,10
INV0016481,C00722,2025-06-22,1433.41,Mid-market,0,0.09169791868387521,10
INV0013324,C01504,2025-09-18,14353.66,Mid-market,0,0.09159508151472204,10
INV0003769,C01495,2025-12-24,7431.79,SMB,0,0.09155021993252026,10
INV0011687,C02345,2025-07-13,299.88,Mid-market,0,0.0915342954055178,10
INV0013239,C02234,2025-08-20,686.92,SMB,0,0.09152116571698322,10
INV0007496,C01375,2025-07-05,10820.77,Enterprise,0,0.09148515933034505,10
INV0019201,C01054,2025-06-26,5610.88,Mid-market,0,0.09147263774888621,10
INV0012117,C00485,2025-10-12,2497.95,Mid-market,0,0.09146319923495824,10
INV0002012,C00793,2025-09-24,11193.03,Enterprise,0,0.09135299203164389,10
INV0015904,C02236,2025-06-07,1662.72,Mid-market,1,0.09116820546123151,10
INV0004834,C02315,2025-08-30,567.8,Mid-market,0,0.0910746435313314,10
INV0002435,C01753,2025-10-20,3549.03,Mid-market,1,0.09100287846226038,10
INV0009746,C00135,2025-08-03,3017.5,Mid-market,0,0.09080630728504409,10
INV0019281,C01928,2025-06-04,1621.39,Mid-market,0,0.09080403079692581,10
INV0003470,C01298,2025-11-03,4157.66,Mid-market,0,0.09050036132946832,10
INV0009290,C00169,2025-08-22,675.79,SMB,0,0.09041372931332226,10
INV0004460,C00384,2025-06-30,2651.65,SMB,1,0.0903024980894752,10
INV0009859,C02294,2025-09-29,1835.3,Mid-market,0,0.09027091004362257,10
INV0011062,C01428,2025-10-30,2057.11,Mid-market,0,0.09025742727331208,10
INV0004219,C01745,2025-09-02,10948.64,Enterprise,0,0.09023195464288104,10
INV0009368,C01772,2025-11-18,543.85,SMB,0,0.09017781840962805,10
INV0016474,C01191,2025-06-13,9912.32,Enterprise,0,0.09009146368152099,10
INV0006688,C01660,2025-06-13,4082.9,Mid-market,0,0.08998580419737426,10
INV0000531,C00877,2025-06-06,4210.35,Enterprise,0,0.08980973865486827,10
INV0003386,C00794,2025-07-20,1235.74,Mid-market,0,0.08964494803721874,10
INV0000565,C02444,2025-05-31,442.57,SMB,0,0.08956448040805512,10
INV0003838,C00938,2025-06-27,50163.0,Enterprise,0,0.0895558535023632,10
INV0013431,C00203,2025-12-22,4250.94,Mid-market,0,0.08952678904868254,10
INV0014445,C01436,2025-12-20,16067.76,Mid-market,1,0.08925821380815833,10
INV0006851,C00135,2025-09-06,7381.72,Mid-market,0,0.08900850361418668,10
INV0004715,C01997,2025-09-17,343.44,Mid-market,0,0.0889854026593161,10
INV0009874,C01634,2025-07-29,1925.57,Enterprise,0,0.0885718966978534,10
INV0015511,C00404,2025-06-05,682.34,Mid-market,0,0.08849161740095106,10
INV0011300,C00669,2025-10-22,3081.31,Mid-market,0,0.08848418929723624,10
INV0018536,C02239,2025-07-12,30575.73,Enterprise,0,0.08848022609147099,10
INV0014683,C01718,2025-10-11,17157.91,Mid-market,0,0.08814636618122274,10
INV0009168,C01207,2025-11-27,7213.09,Enterprise,0,0.08807548184571355,10
INV0013955,C00517,2025-10-26,2642.62,Mid-market,0,0.08777011947516739,10
INV0014707,C00373,2025-11-04,1524.19,Mid-market,0,0.08731129565797882,10
INV0016558,C00641,2025-07-02,18026.86,Enterprise,0,0.08730218726578137,10
INV0006164,C00061,2025-12-21,909.52,Mid-market,0,0.08720296643120216,10
INV0018724,C01157,2025-11-17,7872.27,Mid-market,0,0.08706056541781762,10
INV0005961,C01330,2025-07-07,287.54,Mid-market,0,0.08701551458048255,10
INV0000280,C00672,2025-08-27,736.67,Mid-market,1,0.08694357985723183,10
INV0017277,C00043,2025-08-09,951.11,Mid-market,0,0.08693255048529101,10
INV0007925,C02190,2025-11-23,3161.54,Mid-market,0,0.08618015491651558,10
INV0017375,C01244,2025-12-16,2856.78,Mid-market,1,0.08604696636295014,10
INV0015788,C02019,2025-07-26,9794.1,Mid-market,0,0.08601010375504071,10
INV0011555,C01351,2025-11-02,18457.19,Mid-market,0,0.08586430696560668,10
INV0009823,C01465,2025-10-27,3452.78,Mid-market,0,0.08579025248031726,10
INV0014179,C00499,2025-06-16,4627.63,Mid-market,0,0.0856241403635219,10
INV0014058,C00499,2025-12-03,4938.52,Mid-market,1,0.08541507672270504,10
INV0006314,C00703,2025-09-11,11177.61,Mid-market,0,0.08540364388098376,10
INV0000854,C00072,2025-07-02,2611.32,Mid-market,0,0.08539659883173309,10
INV0005483,C01720,2025-09-29,7638.61,Enterprise,0,0.0850776609488185,10
INV0013250,C01177,2025-05-26,2187.55,Enterprise,0,0.08491572109165811,10
INV0000950,C00832,2025-08-25,2892.32,Mid-market,0,0.08482063199079772,10
INV0008434,C01660,2025-12-21,7274.27,Mid-market,1,0.08472935207207655,10
INV0013507,C01084,2025-11-01,7489.49,Enterprise,1,0.08434858732719144,10
INV0006731,C02159,2025-11-15,18477.98,Enterprise,0,0.0842471296080182,10
INV0016375,C00155,2025-08-11,1328.31,Mid-market,0,0.0839645066588747,10
INV0011485,C01003,2025-12-19,1300.88,Mid-market,0,0.08395370089044153,10
INV0006928,C02361,2025-11-26,2130.38,Mid-market,1,0.08346247406969921,10
INV0001660,C02493,2025-11-17,3979.2,Mid-market,0,0.08337581965635767,10
INV0002213,C02236,2025-12-24,793.65,Mid-market,0,0.08236513466374966,10
INV0003021,C01720,2025-11-11,6925.07,Enterprise,0,0.08210855941167876,10
INV0007757,C01602,2025-07-27,22553.4,Mid-market,1,0.08198795451875229,10
INV0016702,C01089,2025-10-10,981.05,Mid-market,0,0.08198252163627866,10
INV0002509,C01753,2025-10-29,1591.53,Mid-market,0,0.08187591393279392,10
INV0019860,C01940,2025-10-26,3418.6,Mid-market,0,0.08183160009052441,10
INV0010936,C01174,2025-07-20,1155.85,Mid-market,0,0.0817178072901752,10
INV0019633,C02368,2025-11-08,51795.59,Enterprise,0,0.08139614596265941,10
INV0003932,C02380,2025-11-08,12037.65,Mid-market,0,0.08126671352464408,10
INV0013500,C02239,2025-07-18,7493.55,Enterprise,0,0.08075606367295554,10
INV0002289,C01686,2025-12-18,17947.23,Enterprise,0,0.08065267855219045,10
INV0003184,C00294,2025-11-08,7422.93,Mid-market,0,0.08047057836147968,10
INV0012697,C00246,2025-08-21,5420.54,Mid-market,0,0.08039972226059423,10
INV0016299,C00877,2025-07-12,5619.59,Enterprise,1,0.08017772095172178,10
INV0009225,C01841,2025-08-23,6290.13,Enterprise,0,0.07961582431374561,10
INV0019516,C01923,2025-08-22,475.44,Enterprise,0,0.07958143728005339,10
INV0016508,C01004,2025-11-16,5969.62,Mid-market,0,0.07953087504956394,10
INV0019683,C02293,2025-10-28,3899.43,Mid-market,0,0.07888595728636631,10
INV0017987,C02026,2025-08-27,15076.69,Mid-market,0,0.07871701339334453,10
INV0014099,C00485,2025-06-27,1402.92,Mid-market,0,0.07857391336986892,10
INV0010709,C01730,2025-06-11,28310.16,Enterprise,0,0.07850355793964592,10
INV0010630,C01850,2025-09-04,10039.43,Mid-market,0,0.07828868336710092,10
INV0005204,C02159,2025-09-30,2541.21,Enterprise,0,0.07827888467518831,10
INV0014759,C01841,2025-09-02,13780.02,Enterprise,0,0.07826590540294584,10
INV0011561,C00313,2025-06-30,8019.28,Enterprise,0,0.07809837070522214,10
INV0010881,C02088,2025-09-05,1151.32,Mid-market,1,0.07801564560729267,10
INV0007188,C01362,2025-05-27,1251.44,Mid-market,0,0.07770063388320975,10
INV0003891,C01504,2025-10-19,788.6,Mid-market,0,0.07753255787415686,10
INV0007249,C02110,2025-08-28,43154.0,Enterprise,0,0.07688723030967223,10
INV0018550,C00578,2025-11-09,200.0,Mid-market,0,0.07668317452832957,10
INV0012115,C01309,2025-10-28,11739.22,Enterprise,0,0.0766403231338795,10
INV0011228,C01602,2025-07-18,1340.25,Mid-market,0,0.07650016847464625,10
INV0001654,C02239,2025-10-06,4946.32,Enterprise,0,0.07634200456391865,10
INV0008102,C01224,2025-12-23,20627.86,Enterprise,0,0.07613119073274043,10
INV0007976,C01174,2025-08-13,2193.83,Mid-market,0,0.07610746989267746,10
INV0016098,C01642,2025-09-10,4808.17,Mid-market,0,0.074914406732967,10
INV0015772,C01582,2025-06-06,10385.41,Mid-market,0,0.07488129950028816,10
INV0013007,C00072,2025-08-29,10814.73,Mid-market,0,0.07374273900687381,10
INV0011249,C00246,2025-09-14,5981.01,Mid-market,0,0.0731812303897087,10
INV0002702,C01351,2025-11-06,1141.74,Mid-market,0,0.0730942315271329,10
INV0012904,C01757,2025-07-05,4825.75,Enterprise,0,0.0725510291169017,10
INV0006082,C00183,2025-09-09,3928.09,Mid-market,0,0.07239246425111803,10
INV0007395,C00148,2025-12-25,4762.78,Mid-market,1,0.0722667063659357,10
INV0009844,C01177,2025-09-06,2468.45,Enterprise,0,0.07210213042149771,10
INV0017959,C02309,2025-07-19,2811.59,Mid-market,0,0.07170191034605262,10
INV0011309,C02293,2025-08-16,1657.86,Mid-market,0,0.07161350144531844,10
INV0006985,C02057,2025-12-27,27364.66,Mid-market,0,0.07056350738833592,10
INV0016904,C01257,2025-07-24,5530.72,Enterprise,0,0.07013800243179386,10
INV0014515,C00044,2025-12-06,28380.77,Enterprise,0,0.06961028596741305,10
INV0005390,C00473,2025-09-02,3797.42,Mid-market,0,0.06922591555046992,10
INV0001455,C01003,2025-12-11,5926.17,Mid-market,0,0.06915784723625698,10
INV0004683,C00594,2025-12-23,675.07,Mid-market,0,0.0688872436969856,10
INV0015170,C02164,2025-12-17,638.15,Mid-market,0,0.06756794735622204,10
INV0007288,C00496,2025-09-14,1989.89,Mid-market,0,0.06747737185494385,10
INV0018342,C02315,2025-09-27,5271.39,Mid-market,0,0.0673617575729436,10
INV0013521,C00473,2025-07-10,17260.42,Mid-market,0,0.06693962591398156,10
INV0017932,C02376,2025-11-17,15777.68,Mid-market,0,0.06661969970077489,10
INV0013434,C00499,2025-09-12,353.33,Mid-market,0,0.06607385801557482,10
INV0018416,C02019,2025-06-27,3297.67,Mid-market,0,0.06604743352230145,10
INV0015402,C00672,2025-10-18,2164.94,Mid-market,0,0.0660236681900261,10
INV0012785,C00291,2025-09-16,50271.34,Enterprise,0,0.06516015188111238,10
INV0013777,C01265,2025-10-13,7907.65,Enterprise,0,0.06503784265883093,10
INV0016016,C02320,2025-06-20,7855.38,Enterprise,0,0.0650369967749738,10
INV0009383,C01445,2025-07-10,9215.11,Enterprise,0,0.06455035050097742,10
INV0002997,C01730,2025-12-03,5082.83,Enterprise,1,0.06335643423069215,10
INV0016064,C00810,2025-10-06,2598.67,Enterprise,0,0.06272006334409676,10
INV0018860,C00059,2025-06-17,1991.52,Enterprise,0,0.0610526818558496,10
INV0001191,C00059,2025-11-13,2451.4,Enterprise,0,0.060570972458480914,10
INV0013259,C01757,2025-06-11,10303.07,Enterprise,0,0.05946140940043522,10
INV0005179,C01002,2025-12-22,22972.45,Enterprise,0,0.05886907389849795,10
INV0008185,C00059,2025-11-11,3133.3,Enterprise,0,0.05871434408801196,10
INV0009657,C02276,2025-11-04,19796.18,Enterprise,0,0.0535765022548464,10
INV0006553,C00476,2025-06-30,5953.25,Enterprise,0,0.052134240708883936,10
