PUF_ID,segment
10350,Ahorradores en desarrollo
7740,Vulnerables reactivos
13699,Ahorradores en desarrollo
7375,Ahorradores en desarrollo
10910,Informados inconsistentes
11079,Ahorradores en desarrollo
7741,Vulnerables reactivos
8303,Ahorradores en desarrollo
9688,Ahorradores en desarrollo
13180,Resilientes planificadores
10127,Resilientes planificadores
7852,Informados inconsistentes
7376,Vulnerables reactivos
8304,Resilientes planificadores
11726,Ahorradores en desarrollo
11221,Vulnerables reactivos
8121,Vulnerables reactivos
8122,Resilientes planificadores
12990,Informados inconsistentes
10548,Vulnerables reactivos
13389,Ahorradores en desarrollo
10351,Resilientes planificadores
13255,Vulnerables reactivos
7853,Informados inconsistentes
12675,Resilientes planificadores
11353,Resilientes planificadores
9433,Resilientes planificadores
12518,Informados inconsistentes
10549,Informados inconsistentes
8518,Vulnerables reactivos
11727,Vulnerables reactivos
10911,Ahorradores en desarrollo
8945,Vulnerables reactivos
11354,Informados inconsistentes
12162,Vulnerables reactivos
7854,Vulnerables reactivos
11080,Vulnerables reactivos
10757,Resilientes planificadores
10758,Resilientes planificadores
10128,Informados inconsistentes
12639,Resilientes planificadores
14399,Ahorradores en desarrollo
10352,Ahorradores en desarrollo
12163,Vulnerables reactivos
10353,Ahorradores en desarrollo
8305,Resilientes planificadores
9182,Vulnerables reactivos
8946,Vulnerables reactivos
14079,Vulnerables reactivos
13243,Resilientes planificadores
9183,Ahorradores en desarrollo
12560,Informados inconsistentes
11222,Informados inconsistentes
11081,Resilientes planificadores
8947,Resilientes planificadores
8306,Resilientes planificadores
9915,Resilientes planificadores
8712,Ahorradores en desarrollo
12710,Resilientes planificadores
10129,Resilientes planificadores
11082,Resilientes planificadores
12298,Ahorradores en desarrollo
10759,Resilientes planificadores
9184,Ahorradores en desarrollo
8713,Ahorradores en desarrollo
9434,Ahorradores en desarrollo
10912,Informados inconsistentes
10130,Ahorradores en desarrollo
8308,Resilientes planificadores
10550,Informados inconsistentes
8714,Ahorradores en desarrollo
7314,Resilientes planificadores
14099,Resilientes planificadores
7315,Ahorradores en desarrollo
12751,Vulnerables reactivos
11499,Ahorradores en desarrollo
8948,Resilientes planificadores
11223,Resilientes planificadores
14078,Resilientes planificadores
10551,Ahorradores en desarrollo
7994,Resilientes planificadores
8949,Resilientes planificadores
7995,Informados inconsistentes
10552,Informados inconsistentes
11224,Resilientes planificadores
8519,Resilientes planificadores
7225,Resilientes planificadores
9916,Ahorradores en desarrollo
11225,Resilientes planificadores
10131,Ahorradores en desarrollo
9435,Resilientes planificadores
8715,Ahorradores en desarrollo
11226,Informados inconsistentes
13232,Resilientes planificadores
11925,Vulnerables reactivos
8310,Ahorradores en desarrollo
11831,Ahorradores en desarrollo
9436,Vulnerables reactivos
12015,Resilientes planificadores
12780,Ahorradores en desarrollo
8950,Resilientes planificadores
11227,Resilientes planificadores
9437,Resilientes planificadores
10554,Ahorradores en desarrollo
10132,Ahorradores en desarrollo
11083,Vulnerables reactivos
7380,Resilientes planificadores
8520,Vulnerables reactivos
12752,Informados inconsistentes
10760,Ahorradores en desarrollo
12235,Resilientes planificadores
9438,Resilientes planificadores
7316,Informados inconsistentes
12354,Vulnerables reactivos
12640,Informados inconsistentes
8716,Informados inconsistentes
12299,Resilientes planificadores
8311,Resilientes planificadores
13637,Informados inconsistentes
8951,Informados inconsistentes
9185,Vulnerables reactivos
13478,Resilientes planificadores
9439,Resilientes planificadores
9917,Ahorradores en desarrollo
8717,Ahorradores en desarrollo
9186,Resilientes planificadores
10761,Resilientes planificadores
9689,Vulnerables reactivos
9440,Resilientes planificadores
8952,Informados inconsistentes
13656,Informados inconsistentes
13367,Ahorradores en desarrollo
12935,Vulnerables reactivos
7382,Resilientes planificadores
12300,Ahorradores en desarrollo
12753,Ahorradores en desarrollo
11832,Resilientes planificadores
13051,Informados inconsistentes
8312,Resilientes planificadores
14093,Informados inconsistentes
8521,Informados inconsistentes
13953,Vulnerables reactivos
11926,Resilientes planificadores
9918,Vulnerables reactivos
13330,Vulnerables reactivos
9919,Vulnerables reactivos
8718,Informados inconsistentes
8522,Resilientes planificadores
9441,Informados inconsistentes
9442,Informados inconsistentes
7318,Ahorradores en desarrollo
13908,Vulnerables reactivos
7855,Informados inconsistentes
11085,Informados inconsistentes
10555,Ahorradores en desarrollo
12355,Vulnerables reactivos
11833,Vulnerables reactivos
12016,Ahorradores en desarrollo
8523,Resilientes planificadores
11228,Vulnerables reactivos
9690,Ahorradores en desarrollo
13917,Vulnerables reactivos
9187,Resilientes planificadores
12419,Vulnerables reactivos
7856,Resilientes planificadores
11500,Vulnerables reactivos
8953,Vulnerables reactivos
13146,Ahorradores en desarrollo
12301,Resilientes planificadores
13722,Resilientes planificadores
8313,Ahorradores en desarrollo
11086,Vulnerables reactivos
9920,Ahorradores en desarrollo
11355,Informados inconsistentes
12302,Ahorradores en desarrollo
8719,Vulnerables reactivos
12869,Informados inconsistentes
9691,Ahorradores en desarrollo
14196,Informados inconsistentes
8314,Ahorradores en desarrollo
12164,Ahorradores en desarrollo
11728,Ahorradores en desarrollo
12641,Ahorradores en desarrollo
10762,Informados inconsistentes
12519,Resilientes planificadores
10133,Vulnerables reactivos
12356,Resilientes planificadores
8524,Informados inconsistentes
8720,Vulnerables reactivos
11087,Resilientes planificadores
8525,Resilientes planificadores
7857,Vulnerables reactivos
13619,Informados inconsistentes
9692,Ahorradores en desarrollo
9188,Ahorradores en desarrollo
13643,Resilientes planificadores
10134,Resilientes planificadores
9189,Resilientes planificadores
11088,Ahorradores en desarrollo
8954,Resilientes planificadores
8123,Vulnerables reactivos
8315,Ahorradores en desarrollo
10354,Informados inconsistentes
9190,Informados inconsistentes
13674,Resilientes planificadores
10135,Informados inconsistentes
8721,Informados inconsistentes
9921,Ahorradores en desarrollo
9922,Resilientes planificadores
7858,Resilientes planificadores
7996,Ahorradores en desarrollo
13052,Resilientes planificadores
7859,Ahorradores en desarrollo
12711,Resilientes planificadores
9923,Vulnerables reactivos
8526,Vulnerables reactivos
12852,Resilientes planificadores
13172,Vulnerables reactivos
12420,Resilientes planificadores
11356,Resilientes planificadores
11834,Vulnerables reactivos
10556,Informados inconsistentes
14390,Informados inconsistentes
12421,Resilientes planificadores
9191,Informados inconsistentes
14293,Vulnerables reactivos
9192,Ahorradores en desarrollo
11357,Resilientes planificadores
8955,Ahorradores en desarrollo
10763,Informados inconsistentes
9443,Ahorradores en desarrollo
7860,Ahorradores en desarrollo
12357,Informados inconsistentes
9193,Informados inconsistentes
10913,Informados inconsistentes
8722,Informados inconsistentes
9693,Ahorradores en desarrollo
11358,Vulnerables reactivos
8723,Ahorradores en desarrollo
12165,Vulnerables reactivos
10557,Informados inconsistentes
8316,Resilientes planificadores
7319,Ahorradores en desarrollo
10914,Vulnerables reactivos
10558,Ahorradores en desarrollo
9194,Resilientes planificadores
8724,Resilientes planificadores
7998,Resilientes planificadores
8124,Resilientes planificadores
10915,Ahorradores en desarrollo
13104,Resilientes planificadores
9195,Ahorradores en desarrollo
8527,Resilientes planificadores
9444,Resilientes planificadores
11501,Ahorradores en desarrollo
8956,Ahorradores en desarrollo
10764,Resilientes planificadores
7385,Resilientes planificadores
8528,Vulnerables reactivos
14397,Ahorradores en desarrollo
8317,Ahorradores en desarrollo
8125,Ahorradores en desarrollo
8529,Ahorradores en desarrollo
12973,Informados inconsistentes
12017,Ahorradores en desarrollo
14187,Vulnerables reactivos
10765,Vulnerables reactivos
7386,Ahorradores en desarrollo
11835,Ahorradores en desarrollo
12096,Ahorradores en desarrollo
12475,Informados inconsistentes
13405,Ahorradores en desarrollo
9196,Informados inconsistentes
7999,Ahorradores en desarrollo
13262,Ahorradores en desarrollo
8725,Resilientes planificadores
11359,Resilientes planificadores
13747,Resilientes planificadores
13350,Informados inconsistentes
11089,Resilientes planificadores
9445,Resilientes planificadores
14379,Resilientes planificadores
11502,Resilientes planificadores
8000,Ahorradores en desarrollo
8126,Resilientes planificadores
12899,Resilientes planificadores
14126,Informados inconsistentes
13865,Ahorradores en desarrollo
13600,Resilientes planificadores
13957,Resilientes planificadores
13613,Resilientes planificadores
13923,Ahorradores en desarrollo
13844,Vulnerables reactivos
13878,Resilientes planificadores
13769,Resilientes planificadores
14331,Resilientes planificadores
13658,Vulnerables reactivos
13529,Resilientes planificadores
14357,Informados inconsistentes
13973,Ahorradores en desarrollo
14224,Vulnerables reactivos
13604,Vulnerables reactivos
13882,Ahorradores en desarrollo
13615,Ahorradores en desarrollo
13593,Vulnerables reactivos
13480,Ahorradores en desarrollo
14066,Informados inconsistentes
13969,Resilientes planificadores
13967,Ahorradores en desarrollo
13413,Informados inconsistentes
13868,Resilientes planificadores
13845,Informados inconsistentes
13934,Resilientes planificadores
13640,Vulnerables reactivos
13585,Resilientes planificadores
13451,Ahorradores en desarrollo
13840,Resilientes planificadores
14168,Ahorradores en desarrollo
12974,Ahorradores en desarrollo
14009,Informados inconsistentes
12936,Resilientes planificadores
14031,Informados inconsistentes
13870,Ahorradores en desarrollo
13021,Informados inconsistentes
13926,Vulnerables reactivos
13444,Ahorradores en desarrollo
13790,Informados inconsistentes
13573,Resilientes planificadores
14242,Ahorradores en desarrollo
13542,Ahorradores en desarrollo
13181,Ahorradores en desarrollo
13519,Informados inconsistentes
13560,Resilientes planificadores
14309,Resilientes planificadores
13833,Ahorradores en desarrollo
13824,Ahorradores en desarrollo
13834,Ahorradores en desarrollo
14037,Ahorradores en desarrollo
13512,Resilientes planificadores
13762,Informados inconsistentes
12305,Resilientes planificadores
13187,Resilientes planificadores
13437,Informados inconsistentes
13842,Ahorradores en desarrollo
13910,Ahorradores en desarrollo
13841,Resilientes planificadores
13925,Resilientes planificadores
14029,Ahorradores en desarrollo
11503,Resilientes planificadores
14321,Ahorradores en desarrollo
13831,Resilientes planificadores
13860,Resilientes planificadores
14125,Informados inconsistentes
10916,Informados inconsistentes
13201,Resilientes planificadores
14049,Resilientes planificadores
14028,Resilientes planificadores
13504,Informados inconsistentes
13943,Vulnerables reactivos
11504,Vulnerables reactivos
13609,Ahorradores en desarrollo
13283,Resilientes planificadores
13695,Ahorradores en desarrollo
13835,Ahorradores en desarrollo
14330,Ahorradores en desarrollo
13099,Resilientes planificadores
13188,Ahorradores en desarrollo
13697,Ahorradores en desarrollo
14040,Resilientes planificadores
11090,Vulnerables reactivos
13854,Resilientes planificadores
12520,Vulnerables reactivos
11229,Vulnerables reactivos
13830,Resilientes planificadores
13650,Resilientes planificadores
11621,Ahorradores en desarrollo
12358,Informados inconsistentes
14044,Ahorradores en desarrollo
13105,Ahorradores en desarrollo
11622,Ahorradores en desarrollo
10559,Resilientes planificadores
12811,Ahorradores en desarrollo
13008,Ahorradores en desarrollo
13401,Resilientes planificadores
14388,Vulnerables reactivos
13991,Ahorradores en desarrollo
13452,Informados inconsistentes
13836,Ahorradores en desarrollo
14343,Informados inconsistentes
13267,Informados inconsistentes
10560,Vulnerables reactivos
13363,Resilientes planificadores
13832,Resilientes planificadores
14010,Ahorradores en desarrollo
13736,Resilientes planificadores
13863,Resilientes planificadores
13632,Vulnerables reactivos
13758,Informados inconsistentes
14215,Ahorradores en desarrollo
13446,Vulnerables reactivos
13373,Informados inconsistentes
13754,Informados inconsistentes
13336,Ahorradores en desarrollo
14113,Informados inconsistentes
12922,Ahorradores en desarrollo
14171,Ahorradores en desarrollo
13381,Ahorradores en desarrollo
11928,Vulnerables reactivos
8319,Ahorradores en desarrollo
13608,Informados inconsistentes
14023,Ahorradores en desarrollo
13679,Vulnerables reactivos
12853,Vulnerables reactivos
11836,Ahorradores en desarrollo
8320,Vulnerables reactivos
13390,Informados inconsistentes
14311,Vulnerables reactivos
13827,Ahorradores en desarrollo
14032,Ahorradores en desarrollo
14317,Ahorradores en desarrollo
13853,Resilientes planificadores
13947,Vulnerables reactivos
13223,Vulnerables reactivos
11091,Ahorradores en desarrollo
13485,Informados inconsistentes
14021,Ahorradores en desarrollo
11230,Informados inconsistentes
14351,Informados inconsistentes
12900,Ahorradores en desarrollo
9924,Vulnerables reactivos
12097,Ahorradores en desarrollo
9197,Ahorradores en desarrollo
13843,Ahorradores en desarrollo
12166,Informados inconsistentes
13904,Ahorradores en desarrollo
14381,Vulnerables reactivos
14114,Ahorradores en desarrollo
14033,Ahorradores en desarrollo
13862,Vulnerables reactivos
14366,Informados inconsistentes
12781,Vulnerables reactivos
14194,Ahorradores en desarrollo
14314,Informados inconsistentes
13456,Ahorradores en desarrollo
13660,Ahorradores en desarrollo
13749,Ahorradores en desarrollo
13875,Resilientes planificadores
8127,Resilientes planificadores
8957,Vulnerables reactivos
9695,Informados inconsistentes
8958,Vulnerables reactivos
13847,Ahorradores en desarrollo
8321,Resilientes planificadores
7863,Ahorradores en desarrollo
11360,Resilientes planificadores
13898,Ahorradores en desarrollo
12598,Vulnerables reactivos
9696,Ahorradores en desarrollo
8128,Ahorradores en desarrollo
14246,Ahorradores en desarrollo
8959,Resilientes planificadores
9925,Ahorradores en desarrollo
13247,Ahorradores en desarrollo
9697,Resilientes planificadores
11929,Resilientes planificadores
11231,Resilientes planificadores
11930,Resilientes planificadores
8002,Resilientes planificadores
8960,Resilientes planificadores
7394,Resilientes planificadores
10136,Informados inconsistentes
11837,Ahorradores en desarrollo
12306,Ahorradores en desarrollo
8003,Resilientes planificadores
8727,Resilientes planificadores
9926,Resilientes planificadores
10137,Informados inconsistentes
8961,Resilientes planificadores
12561,Vulnerables reactivos
11623,Ahorradores en desarrollo
10355,Informados inconsistentes
11092,Ahorradores en desarrollo
8962,Ahorradores en desarrollo
13045,Informados inconsistentes
11361,Resilientes planificadores
11931,Ahorradores en desarrollo
13046,Ahorradores en desarrollo
10561,Resilientes planificadores
11093,Resilientes planificadores
8322,Ahorradores en desarrollo
12562,Resilientes planificadores
8728,Ahorradores en desarrollo
10138,Informados inconsistentes
8729,Ahorradores en desarrollo
11932,Resilientes planificadores
10562,Resilientes planificadores
7269,Informados inconsistentes
14115,Ahorradores en desarrollo
10139,Resilientes planificadores
9927,Ahorradores en desarrollo
10563,Resilientes planificadores
9928,Ahorradores en desarrollo
8530,Informados inconsistentes
11362,Ahorradores en desarrollo
8323,Vulnerables reactivos
12018,Resilientes planificadores
11094,Vulnerables reactivos
8129,Informados inconsistentes
9198,Resilientes planificadores
9199,Ahorradores en desarrollo
10356,Resilientes planificadores
11095,Vulnerables reactivos
8324,Vulnerables reactivos
13592,Ahorradores en desarrollo
11729,Ahorradores en desarrollo
9699,Informados inconsistentes
12236,Resilientes planificadores
8730,Resilientes planificadores
12307,Resilientes planificadores
13434,Ahorradores en desarrollo
7395,Ahorradores en desarrollo
8963,Resilientes planificadores
9200,Informados inconsistentes
8004,Ahorradores en desarrollo
13629,Vulnerables reactivos
9201,Resilientes planificadores
12521,Ahorradores en desarrollo
10140,Ahorradores en desarrollo
8130,Vulnerables reactivos
8731,Resilientes planificadores
8325,Informados inconsistentes
10564,Ahorradores en desarrollo
11363,Ahorradores en desarrollo
11505,Resilientes planificadores
12599,Ahorradores en desarrollo
11096,Informados inconsistentes
13224,Resilientes planificadores
12476,Resilientes planificadores
7864,Vulnerables reactivos
11233,Resilientes planificadores
11838,Ahorradores en desarrollo
11730,Ahorradores en desarrollo
9929,Resilientes planificadores
8531,Resilientes planificadores
8964,Ahorradores en desarrollo
8733,Informados inconsistentes
14380,Informados inconsistentes
11506,Ahorradores en desarrollo
10917,Informados inconsistentes
11507,Resilientes planificadores
10141,Resilientes planificadores
11731,Resilientes planificadores
11732,Vulnerables reactivos
11364,Resilientes planificadores
10142,Ahorradores en desarrollo
7396,Ahorradores en desarrollo
7397,Ahorradores en desarrollo
8532,Resilientes planificadores
9202,Ahorradores en desarrollo
8734,Resilientes planificadores
14220,Ahorradores en desarrollo
11097,Resilientes planificadores
8533,Ahorradores en desarrollo
10357,Ahorradores en desarrollo
11098,Resilientes planificadores
8326,Resilientes planificadores
7398,Ahorradores en desarrollo
9203,Ahorradores en desarrollo
7865,Informados inconsistentes
8965,Ahorradores en desarrollo
8005,Ahorradores en desarrollo
7399,Resilientes planificadores
12237,Informados inconsistentes
7743,Resilientes planificadores
11234,Ahorradores en desarrollo
12678,Ahorradores en desarrollo
9700,Resilientes planificadores
9930,Ahorradores en desarrollo
12600,Vulnerables reactivos
7125,Ahorradores en desarrollo
11235,Resilientes planificadores
13334,Ahorradores en desarrollo
8966,Resilientes planificadores
13053,Ahorradores en desarrollo
12308,Informados inconsistentes
9448,Ahorradores en desarrollo
13147,Resilientes planificadores
12522,Ahorradores en desarrollo
12167,Vulnerables reactivos
9931,Ahorradores en desarrollo
12830,Ahorradores en desarrollo
9204,Resilientes planificadores
8131,Informados inconsistentes
10358,Ahorradores en desarrollo
13599,Informados inconsistentes
12422,Resilientes planificadores
11099,Informados inconsistentes
14301,Resilientes planificadores
11933,Resilientes planificadores
10359,Resilientes planificadores
12423,Ahorradores en desarrollo
8967,Resilientes planificadores
13780,Informados inconsistentes
12563,Ahorradores en desarrollo
13022,Informados inconsistentes
10143,Ahorradores en desarrollo
11236,Ahorradores en desarrollo
10360,Ahorradores en desarrollo
11508,Resilientes planificadores
8735,Ahorradores en desarrollo
8132,Resilientes planificadores
9205,Resilientes planificadores
8968,Ahorradores en desarrollo
7866,Resilientes planificadores
9449,Ahorradores en desarrollo
9701,Resilientes planificadores
8969,Ahorradores en desarrollo
8327,Resilientes planificadores
13086,Vulnerables reactivos
11839,Informados inconsistentes
10144,Ahorradores en desarrollo
8970,Informados inconsistentes
10565,Informados inconsistentes
13233,Informados inconsistentes
9206,Ahorradores en desarrollo
13119,Resilientes planificadores
9702,Resilientes planificadores
8006,Resilientes planificadores
13415,Resilientes planificadores
10918,Ahorradores en desarrollo
8133,Resilientes planificadores
8736,Informados inconsistentes
13761,Resilientes planificadores
10566,Ahorradores en desarrollo
10919,Resilientes planificadores
8328,Resilientes planificadores
8971,Resilientes planificadores
8007,Ahorradores en desarrollo
8737,Resilientes planificadores
13588,Resilientes planificadores
14261,Informados inconsistentes
10362,Informados inconsistentes
10766,Vulnerables reactivos
13320,Resilientes planificadores
12937,Resilientes planificadores
9703,Resilientes planificadores
10363,Ahorradores en desarrollo
11934,Resilientes planificadores
9207,Resilientes planificadores
10567,Vulnerables reactivos
9450,Resilientes planificadores
12564,Vulnerables reactivos
11100,Informados inconsistentes
13590,Vulnerables reactivos
11237,Ahorradores en desarrollo
8534,Informados inconsistentes
10767,Resilientes planificadores
12523,Informados inconsistentes
7270,Ahorradores en desarrollo
9704,Resilientes planificadores
11238,Resilientes planificadores
10364,Resilientes planificadores
9208,Informados inconsistentes
10145,Informados inconsistentes
11101,Ahorradores en desarrollo
12309,Ahorradores en desarrollo
8738,Ahorradores en desarrollo
9209,Ahorradores en desarrollo
13752,Ahorradores en desarrollo
12524,Ahorradores en desarrollo
11840,Informados inconsistentes
13148,Resilientes planificadores
8972,Ahorradores en desarrollo
10768,Ahorradores en desarrollo
9210,Ahorradores en desarrollo
10568,Resilientes planificadores
10365,Ahorradores en desarrollo
9932,Ahorradores en desarrollo
8134,Informados inconsistentes
7321,Ahorradores en desarrollo
11624,Resilientes planificadores
10366,Ahorradores en desarrollo
10146,Informados inconsistentes
12019,Vulnerables reactivos
9211,Vulnerables reactivos
11841,Resilientes planificadores
11625,Resilientes planificadores
9212,Resilientes planificadores
9451,Resilientes planificadores
9452,Resilientes planificadores
8535,Resilientes planificadores
13657,Vulnerables reactivos
9705,Resilientes planificadores
8973,Resilientes planificadores
14320,Informados inconsistentes
9453,Resilientes planificadores
11842,Ahorradores en desarrollo
12901,Ahorradores en desarrollo
12854,Informados inconsistentes
9933,Ahorradores en desarrollo
8329,Vulnerables reactivos
8330,Vulnerables reactivos
14367,Informados inconsistentes
10147,Resilientes planificadores
11102,Informados inconsistentes
13447,Ahorradores en desarrollo
11509,Ahorradores en desarrollo
13901,Ahorradores en desarrollo
10920,Ahorradores en desarrollo
12168,Resilientes planificadores
7322,Vulnerables reactivos
13856,Informados inconsistentes
10769,Informados inconsistentes
11843,Resilientes planificadores
10569,Resilientes planificadores
10570,Resilientes planificadores
8008,Resilientes planificadores
12975,Informados inconsistentes
10367,Ahorradores en desarrollo
11626,Informados inconsistentes
7867,Ahorradores en desarrollo
11627,Resilientes planificadores
10921,Vulnerables reactivos
9454,Informados inconsistentes
13792,Vulnerables reactivos
8739,Vulnerables reactivos
13076,Ahorradores en desarrollo
8009,Vulnerables reactivos
9707,Vulnerables reactivos
11935,Resilientes planificadores
12359,Informados inconsistentes
9934,Informados inconsistentes
9708,Resilientes planificadores
12812,Ahorradores en desarrollo
13806,Ahorradores en desarrollo
10148,Vulnerables reactivos
11239,Resilientes planificadores
11628,Vulnerables reactivos
13782,Vulnerables reactivos
10770,Vulnerables reactivos
12169,Vulnerables reactivos
10571,Resilientes planificadores
8974,Resilientes planificadores
10368,Ahorradores en desarrollo
11629,Ahorradores en desarrollo
8536,Resilientes planificadores
8010,Resilientes planificadores
14303,Ahorradores en desarrollo
12642,Vulnerables reactivos
9455,Informados inconsistentes
12424,Vulnerables reactivos
11365,Vulnerables reactivos
10149,Informados inconsistentes
13194,Informados inconsistentes
13009,Resilientes planificadores
8332,Resilientes planificadores
12960,Ahorradores en desarrollo
13871,Ahorradores en desarrollo
9456,Ahorradores en desarrollo
10150,Ahorradores en desarrollo
7868,Resilientes planificadores
9213,Ahorradores en desarrollo
11936,Resilientes planificadores
9457,Ahorradores en desarrollo
8740,Resilientes planificadores
8011,Ahorradores en desarrollo
9458,Ahorradores en desarrollo
11366,Vulnerables reactivos
14324,Informados inconsistentes
13251,Ahorradores en desarrollo
10369,Ahorradores en desarrollo
13483,Vulnerables reactivos
8741,Ahorradores en desarrollo
9935,Informados inconsistentes
12525,Ahorradores en desarrollo
10572,Resilientes planificadores
7745,Ahorradores en desarrollo
12712,Ahorradores en desarrollo
8975,Informados inconsistentes
8742,Vulnerables reactivos
13820,Vulnerables reactivos
10370,Ahorradores en desarrollo
11103,Vulnerables reactivos
11844,Resilientes planificadores
12098,Resilientes planificadores
14371,Resilientes planificadores
11630,Vulnerables reactivos
14327,Informados inconsistentes
11240,Informados inconsistentes
10573,Resilientes planificadores
14313,Ahorradores en desarrollo
7746,Informados inconsistentes
10371,Ahorradores en desarrollo
11104,Resilientes planificadores
13774,Informados inconsistentes
13263,Resilientes planificadores
12238,Ahorradores en desarrollo
8743,Informados inconsistentes
10574,Ahorradores en desarrollo
9709,Informados inconsistentes
9936,Informados inconsistentes
10152,Resilientes planificadores
13410,Informados inconsistentes
10372,Informados inconsistentes
9214,Informados inconsistentes
11937,Ahorradores en desarrollo
12902,Resilientes planificadores
11631,Resilientes planificadores
11938,Vulnerables reactivos
12170,Ahorradores en desarrollo
14312,Resilientes planificadores
10373,Resilientes planificadores
7323,Ahorradores en desarrollo
10575,Informados inconsistentes
8744,Ahorradores en desarrollo
9459,Resilientes planificadores
11105,Informados inconsistentes
10374,Ahorradores en desarrollo
13272,Informados inconsistentes
13355,Ahorradores en desarrollo
12020,Informados inconsistentes
13822,Vulnerables reactivos
12360,Resilientes planificadores
14163,Vulnerables reactivos
9460,Resilientes planificadores
10576,Vulnerables reactivos
14296,Resilientes planificadores
11241,Vulnerables reactivos
14322,Ahorradores en desarrollo
8135,Ahorradores en desarrollo
13764,Ahorradores en desarrollo
10771,Informados inconsistentes
13897,Resilientes planificadores
9461,Vulnerables reactivos
8537,Ahorradores en desarrollo
13411,Ahorradores en desarrollo
11733,Resilientes planificadores
12813,Vulnerables reactivos
9937,Informados inconsistentes
10772,Resilientes planificadores
8745,Resilientes planificadores
10773,Informados inconsistentes
9215,Resilientes planificadores
12903,Ahorradores en desarrollo
12171,Resilientes planificadores
12904,Resilientes planificadores
9462,Vulnerables reactivos
12713,Ahorradores en desarrollo
12870,Ahorradores en desarrollo
12172,Resilientes planificadores
9710,Ahorradores en desarrollo
8333,Vulnerables reactivos
13385,Ahorradores en desarrollo
8136,Ahorradores en desarrollo
8137,Ahorradores en desarrollo
8138,Ahorradores en desarrollo
12099,Ahorradores en desarrollo
10375,Ahorradores en desarrollo
14340,Resilientes planificadores
11511,Resilientes planificadores
10153,Resilientes planificadores
12782,Informados inconsistentes
9939,Vulnerables reactivos
10922,Ahorradores en desarrollo
9940,Resilientes planificadores
11734,Resilientes planificadores
12021,Vulnerables reactivos
13202,Ahorradores en desarrollo
10154,Ahorradores en desarrollo
8334,Resilientes planificadores
14306,Informados inconsistentes
13100,Resilientes planificadores
10577,Informados inconsistentes
9711,Vulnerables reactivos
9941,Ahorradores en desarrollo
10376,Informados inconsistentes
14326,Vulnerables reactivos
13727,Vulnerables reactivos
11106,Resilientes planificadores
13770,Informados inconsistentes
8335,Ahorradores en desarrollo
13628,Resilientes planificadores
9463,Resilientes planificadores
11632,Ahorradores en desarrollo
8976,Resilientes planificadores
14391,Informados inconsistentes
9942,Ahorradores en desarrollo
11845,Resilientes planificadores
12871,Resilientes planificadores
8012,Informados inconsistentes
8139,Ahorradores en desarrollo
10578,Resilientes planificadores
11367,Resilientes planificadores
11512,Informados inconsistentes
14315,Ahorradores en desarrollo
11513,Resilientes planificadores
11736,Resilientes planificadores
8746,Ahorradores en desarrollo
9712,Resilientes planificadores
9713,Informados inconsistentes
8538,Resilientes planificadores
7869,Ahorradores en desarrollo
13256,Vulnerables reactivos
10155,Informados inconsistentes
8747,Resilientes planificadores
11633,Informados inconsistentes
11514,Resilientes planificadores
8748,Informados inconsistentes
8140,Informados inconsistentes
7229,Resilientes planificadores
8539,Informados inconsistentes
8749,Vulnerables reactivos
10579,Resilientes planificadores
8977,Ahorradores en desarrollo
9464,Resilientes planificadores
8978,Resilientes planificadores
7405,Informados inconsistentes
11634,Resilientes planificadores
9216,Vulnerables reactivos
8336,Resilientes planificadores
14213,Ahorradores en desarrollo
10774,Resilientes planificadores
10580,Resilientes planificadores
9465,Resilientes planificadores
8540,Informados inconsistentes
10775,Vulnerables reactivos
13067,Vulnerables reactivos
9466,Resilientes planificadores
12526,Vulnerables reactivos
13252,Ahorradores en desarrollo
7870,Resilientes planificadores
9467,Ahorradores en desarrollo
8979,Ahorradores en desarrollo
12477,Ahorradores en desarrollo
8337,Ahorradores en desarrollo
14325,Resilientes planificadores
11939,Resilientes planificadores
9714,Ahorradores en desarrollo
9217,Resilientes planificadores
11846,Resilientes planificadores
7273,Ahorradores en desarrollo
13537,Informados inconsistentes
8141,Resilientes planificadores
7747,Informados inconsistentes
10377,Resilientes planificadores
10378,Ahorradores en desarrollo
7324,Vulnerables reactivos
8980,Vulnerables reactivos
8142,Resilientes planificadores
10581,Vulnerables reactivos
7871,Resilientes planificadores
13505,Resilientes planificadores
11515,Resilientes planificadores
11368,Resilientes planificadores
12601,Ahorradores en desarrollo
9468,Resilientes planificadores
10582,Vulnerables reactivos
13417,Ahorradores en desarrollo
8541,Resilientes planificadores
7230,Ahorradores en desarrollo
7407,Ahorradores en desarrollo
11107,Resilientes planificadores
12643,Ahorradores en desarrollo
11737,Vulnerables reactivos
12361,Vulnerables reactivos
13641,Vulnerables reactivos
7748,Resilientes planificadores
8143,Ahorradores en desarrollo
14361,Resilientes planificadores
8338,Ahorradores en desarrollo
9469,Resilientes planificadores
10156,Ahorradores en desarrollo
8144,Informados inconsistentes
9218,Ahorradores en desarrollo
8339,Informados inconsistentes
12312,Ahorradores en desarrollo
7749,Ahorradores en desarrollo
9943,Ahorradores en desarrollo
9715,Vulnerables reactivos
10776,Ahorradores en desarrollo
13023,Informados inconsistentes
11516,Resilientes planificadores
9944,Vulnerables reactivos
10157,Vulnerables reactivos
10379,Resilientes planificadores
12313,Resilientes planificadores
9219,Resilientes planificadores
14360,Ahorradores en desarrollo
9716,Resilientes planificadores
13173,Resilientes planificadores
9717,Ahorradores en desarrollo
11635,Resilientes planificadores
12022,Vulnerables reactivos
11940,Resilientes planificadores
7408,Vulnerables reactivos
9718,Ahorradores en desarrollo
12362,Informados inconsistentes
10380,Resilientes planificadores
12023,Ahorradores en desarrollo
12602,Vulnerables reactivos
11369,Ahorradores en desarrollo
7872,Ahorradores en desarrollo
9945,Resilientes planificadores
11847,Informados inconsistentes
11108,Resilientes planificadores
13462,Resilientes planificadores
10923,Resilientes planificadores
9946,Resilientes planificadores
11242,Vulnerables reactivos
14144,Resilientes planificadores
13318,Informados inconsistentes
11738,Vulnerables reactivos
8750,Ahorradores en desarrollo
11636,Ahorradores en desarrollo
9470,Ahorradores en desarrollo
13418,Resilientes planificadores
9471,Resilientes planificadores
7167,Informados inconsistentes
8013,Vulnerables reactivos
9472,Ahorradores en desarrollo
12478,Ahorradores en desarrollo
9220,Resilientes planificadores
10158,Ahorradores en desarrollo
10159,Vulnerables reactivos
7750,Resilientes planificadores
13182,Resilientes planificadores
8014,Resilientes planificadores
8145,Ahorradores en desarrollo
10924,Resilientes planificadores
8340,Ahorradores en desarrollo
13645,Informados inconsistentes
9473,Ahorradores en desarrollo
11739,Ahorradores en desarrollo
13438,Ahorradores en desarrollo
8543,Resilientes planificadores
10381,Resilientes planificadores
8751,Vulnerables reactivos
10925,Resilientes planificadores
11109,Informados inconsistentes
13024,Informados inconsistentes
10160,Ahorradores en desarrollo
9474,Resilientes planificadores
12024,Ahorradores en desarrollo
8015,Ahorradores en desarrollo
11517,Vulnerables reactivos
7409,Ahorradores en desarrollo
9221,Ahorradores en desarrollo
10382,Vulnerables reactivos
9475,Resilientes planificadores
10777,Ahorradores en desarrollo
13928,Resilientes planificadores
8982,Informados inconsistentes
9222,Ahorradores en desarrollo
13369,Vulnerables reactivos
11848,Resilientes planificadores
11849,Resilientes planificadores
10161,Resilientes planificadores
11110,Informados inconsistentes
12565,Informados inconsistentes
10926,Ahorradores en desarrollo
8016,Ahorradores en desarrollo
14153,Ahorradores en desarrollo
12025,Ahorradores en desarrollo
8544,Vulnerables reactivos
10583,Resilientes planificadores
9223,Resilientes planificadores
10162,Vulnerables reactivos
10383,Ahorradores en desarrollo
13356,Vulnerables reactivos
13659,Vulnerables reactivos
14030,Vulnerables reactivos
13729,Resilientes planificadores
13448,Resilientes planificadores
12426,Informados inconsistentes
8146,Ahorradores en desarrollo
13888,Vulnerables reactivos
14006,Informados inconsistentes
13106,Informados inconsistentes
13691,Informados inconsistentes
9224,Ahorradores en desarrollo
9947,Informados inconsistentes
10778,Informados inconsistentes
11243,Informados inconsistentes
11244,Ahorradores en desarrollo
13801,Vulnerables reactivos
8018,Ahorradores en desarrollo
10779,Resilientes planificadores
12831,Resilientes planificadores
13725,Informados inconsistentes
13278,Ahorradores en desarrollo
8147,Vulnerables reactivos
8546,Vulnerables reactivos
10384,Resilientes planificadores
12527,Vulnerables reactivos
11370,Resilientes planificadores
9720,Resilientes planificadores
9948,Ahorradores en desarrollo
8019,Resilientes planificadores
13120,Resilientes planificadores
10780,Ahorradores en desarrollo
9949,Resilientes planificadores
9950,Informados inconsistentes
8547,Ahorradores en desarrollo
11518,Informados inconsistentes
11941,Resilientes planificadores
8752,Ahorradores en desarrollo
13575,Resilientes planificadores
10584,Vulnerables reactivos
10927,Ahorradores en desarrollo
11245,Ahorradores en desarrollo
14288,Ahorradores en desarrollo
13225,Resilientes planificadores
14285,Ahorradores en desarrollo
12905,Ahorradores en desarrollo
10585,Informados inconsistentes
13189,Vulnerables reactivos
13522,Ahorradores en desarrollo
7233,Vulnerables reactivos
8753,Vulnerables reactivos
12427,Informados inconsistentes
10163,Resilientes planificadores
10928,Vulnerables reactivos
10164,Resilientes planificadores
11371,Resilientes planificadores
13525,Informados inconsistentes
10165,Ahorradores en desarrollo
10929,Ahorradores en desarrollo
11111,Informados inconsistentes
8754,Ahorradores en desarrollo
13703,Resilientes planificadores
8148,Vulnerables reactivos
11112,Informados inconsistentes
8020,Informados inconsistentes
9721,Informados inconsistentes
8755,Resilientes planificadores
10166,Resilientes planificadores
7274,Resilientes planificadores
10586,Ahorradores en desarrollo
13662,Informados inconsistentes
10587,Ahorradores en desarrollo
10385,Ahorradores en desarrollo
11519,Ahorradores en desarrollo
14359,Resilientes planificadores
13570,Informados inconsistentes
14378,Resilientes planificadores
13935,Ahorradores en desarrollo
7751,Resilientes planificadores
8341,Informados inconsistentes
13985,Vulnerables reactivos
13248,Ahorradores en desarrollo
13621,Resilientes planificadores
10930,Informados inconsistentes
7200,Informados inconsistentes
13745,Informados inconsistentes
9722,Vulnerables reactivos
8342,Ahorradores en desarrollo
13237,Informados inconsistentes
10167,Informados inconsistentes
7201,Informados inconsistentes
13234,Resilientes planificadores
8343,Resilientes planificadores
10168,Ahorradores en desarrollo
10169,Ahorradores en desarrollo
14090,Resilientes planificadores
8984,Resilientes planificadores
14085,Resilientes planificadores
13494,Resilientes planificadores
9225,Informados inconsistentes
12528,Vulnerables reactivos
7275,Informados inconsistentes
11246,Vulnerables reactivos
14295,Vulnerables reactivos
11520,Vulnerables reactivos
9226,Resilientes planificadores
10170,Ahorradores en desarrollo
8756,Informados inconsistentes
8344,Informados inconsistentes
10931,Informados inconsistentes
14283,Informados inconsistentes
13719,Resilientes planificadores
10782,Ahorradores en desarrollo
7325,Vulnerables reactivos
7326,Resilientes planificadores
13502,Informados inconsistentes
12026,Resilientes planificadores
8345,Vulnerables reactivos
8346,Resilientes planificadores
7327,Ahorradores en desarrollo
12174,Vulnerables reactivos
9723,Vulnerables reactivos
10386,Resilientes planificadores
9476,Ahorradores en desarrollo
11942,Ahorradores en desarrollo
9951,Resilientes planificadores
13244,Ahorradores en desarrollo
13054,Resilientes planificadores
13602,Ahorradores en desarrollo
12872,Resilientes planificadores
8149,Resilientes planificadores
14342,Vulnerables reactivos
8757,Ahorradores en desarrollo
8347,Vulnerables reactivos
9724,Resilientes planificadores
8348,Vulnerables reactivos
8758,Resilientes planificadores
12991,Resilientes planificadores
13612,Informados inconsistentes
13549,Ahorradores en desarrollo
12529,Vulnerables reactivos
9227,Informados inconsistentes
11113,Resilientes planificadores
12923,Resilientes planificadores
14339,Informados inconsistentes
9228,Informados inconsistentes
10932,Vulnerables reactivos
12832,Resilientes planificadores
10933,Ahorradores en desarrollo
14298,Ahorradores en desarrollo
13726,Resilientes planificadores
10171,Vulnerables reactivos
14004,Ahorradores en desarrollo
8985,Resilientes planificadores
10387,Resilientes planificadores
10588,Resilientes planificadores
14291,Informados inconsistentes
12603,Ahorradores en desarrollo
10172,Resilientes planificadores
10589,Resilientes planificadores
8150,Resilientes planificadores
10934,Vulnerables reactivos
10590,Ahorradores en desarrollo
10388,Ahorradores en desarrollo
12906,Resilientes planificadores
13556,Ahorradores en desarrollo
10935,Ahorradores en desarrollo
11114,Resilientes planificadores
12314,Ahorradores en desarrollo
13155,Vulnerables reactivos
10783,Resilientes planificadores
10173,Informados inconsistentes
12175,Informados inconsistentes
7328,Ahorradores en desarrollo
14281,Vulnerables reactivos
14345,Resilientes planificadores
13055,Ahorradores en desarrollo
11740,Resilientes planificadores
12315,Informados inconsistentes
7414,Resilientes planificadores
12680,Informados inconsistentes
9477,Informados inconsistentes
10936,Ahorradores en desarrollo
7276,Informados inconsistentes
10174,Ahorradores en desarrollo
14255,Informados inconsistentes
9229,Resilientes planificadores
11850,Ahorradores en desarrollo
11247,Informados inconsistentes
10937,Resilientes planificadores
9725,Resilientes planificadores
9230,Ahorradores en desarrollo
10938,Resilientes planificadores
9952,Vulnerables reactivos
13245,Ahorradores en desarrollo
9726,Ahorradores en desarrollo
9478,Informados inconsistentes
13087,Resilientes planificadores
9953,Informados inconsistentes
12027,Informados inconsistentes
14290,Informados inconsistentes
7146,Ahorradores en desarrollo
13846,Vulnerables reactivos
8021,Vulnerables reactivos
11373,Resilientes planificadores
10939,Resilientes planificadores
13461,Resilientes planificadores
10591,Informados inconsistentes
9727,Vulnerables reactivos
12976,Resilientes planificadores
12783,Informados inconsistentes
12814,Resilientes planificadores
9479,Ahorradores en desarrollo
13538,Informados inconsistentes
10175,Resilientes planificadores
9728,Vulnerables reactivos
11637,Ahorradores en desarrollo
9231,Resilientes planificadores
9729,Vulnerables reactivos
12681,Informados inconsistentes
7874,Resilientes planificadores
10940,Ahorradores en desarrollo
10592,Vulnerables reactivos
10784,Informados inconsistentes
9232,Resilientes planificadores
9730,Ahorradores en desarrollo
8350,Resilientes planificadores
8986,Resilientes planificadores
11943,Resilientes planificadores
8759,Vulnerables reactivos
10785,Resilientes planificadores
10941,Ahorradores en desarrollo
8351,Ahorradores en desarrollo
11944,Ahorradores en desarrollo
9480,Ahorradores en desarrollo
10593,Resilientes planificadores
7202,Ahorradores en desarrollo
10389,Informados inconsistentes
13610,Resilientes planificadores
13464,Vulnerables reactivos
11638,Resilientes planificadores
8760,Resilientes planificadores
10942,Informados inconsistentes
12566,Resilientes planificadores
12644,Ahorradores en desarrollo
10786,Vulnerables reactivos
7277,Ahorradores en desarrollo
13375,Ahorradores en desarrollo
7278,Vulnerables reactivos
13130,Vulnerables reactivos
10594,Informados inconsistentes
9954,Ahorradores en desarrollo
8761,Informados inconsistentes
11374,Resilientes planificadores
10787,Informados inconsistentes
13190,Resilientes planificadores
8352,Ahorradores en desarrollo
10943,Ahorradores en desarrollo
14338,Resilientes planificadores
14178,Resilientes planificadores
11522,Vulnerables reactivos
11851,Ahorradores en desarrollo
12429,Resilientes planificadores
13546,Ahorradores en desarrollo
11115,Ahorradores en desarrollo
9481,Resilientes planificadores
7279,Informados inconsistentes
11741,Resilientes planificadores
8987,Resilientes planificadores
10176,Informados inconsistentes
14045,Vulnerables reactivos
10177,Resilientes planificadores
8353,Ahorradores en desarrollo
13402,Informados inconsistentes
8354,Informados inconsistentes
11523,Ahorradores en desarrollo
8151,Informados inconsistentes
9482,Informados inconsistentes
12028,Vulnerables reactivos
9233,Ahorradores en desarrollo
8549,Ahorradores en desarrollo
8550,Vulnerables reactivos
11742,Informados inconsistentes
9483,Ahorradores en desarrollo
8551,Ahorradores en desarrollo
10390,Informados inconsistentes
11524,Resilientes planificadores
8988,Resilientes planificadores
10788,Informados inconsistentes
9484,Resilientes planificadores
13212,Informados inconsistentes
12714,Vulnerables reactivos
13713,Vulnerables reactivos
11248,Ahorradores en desarrollo
9731,Resilientes planificadores
8355,Informados inconsistentes
11525,Ahorradores en desarrollo
13837,Resilientes planificadores
12029,Resilientes planificadores
7236,Informados inconsistentes
11375,Resilientes planificadores
8022,Informados inconsistentes
7237,Resilientes planificadores
11945,Resilientes planificadores
12430,Informados inconsistentes
8356,Resilientes planificadores
10391,Ahorradores en desarrollo
8357,Resilientes planificadores
8762,Resilientes planificadores
13300,Resilientes planificadores
11526,Resilientes planificadores
12030,Ahorradores en desarrollo
14308,Resilientes planificadores
11852,Ahorradores en desarrollo
13539,Informados inconsistentes
10944,Vulnerables reactivos
9485,Informados inconsistentes
11376,Ahorradores en desarrollo
10178,Informados inconsistentes
8358,Ahorradores en desarrollo
10179,Informados inconsistentes
13524,Informados inconsistentes
8552,Vulnerables reactivos
14011,Vulnerables reactivos
8152,Ahorradores en desarrollo
11249,Resilientes planificadores
12176,Informados inconsistentes
13803,Ahorradores en desarrollo
7752,Ahorradores en desarrollo
11377,Resilientes planificadores
10180,Resilientes planificadores
8553,Resilientes planificadores
9486,Resilientes planificadores
8763,Resilientes planificadores
8554,Resilientes planificadores
7415,Ahorradores en desarrollo
9732,Vulnerables reactivos
13907,Ahorradores en desarrollo
13213,Ahorradores en desarrollo
11639,Resilientes planificadores
9234,Resilientes planificadores
9955,Informados inconsistentes
7329,Ahorradores en desarrollo
8023,Ahorradores en desarrollo
11116,Ahorradores en desarrollo
8359,Resilientes planificadores
11250,Vulnerables reactivos
11378,Ahorradores en desarrollo
8764,Resilientes planificadores
13796,Ahorradores en desarrollo
9956,Ahorradores en desarrollo
10392,Resilientes planificadores
12431,Ahorradores en desarrollo
14377,Informados inconsistentes
8555,Informados inconsistentes
11251,Vulnerables reactivos
8153,Vulnerables reactivos
10789,Ahorradores en desarrollo
12363,Ahorradores en desarrollo
9957,Resilientes planificadores
11117,Ahorradores en desarrollo
12177,Resilientes planificadores
8024,Vulnerables reactivos
10181,Resilientes planificadores
9235,Ahorradores en desarrollo
12239,Informados inconsistentes
10393,Informados inconsistentes
12784,Informados inconsistentes
9236,Ahorradores en desarrollo
9958,Vulnerables reactivos
7203,Vulnerables reactivos
10182,Informados inconsistentes
13497,Resilientes planificadores
14350,Resilientes planificadores
11640,Ahorradores en desarrollo
11118,Informados inconsistentes
10394,Informados inconsistentes
13706,Ahorradores en desarrollo
8765,Informados inconsistentes
12682,Vulnerables reactivos
7753,Resilientes planificadores
14002,Ahorradores en desarrollo
8766,Vulnerables reactivos
12873,Resilientes planificadores
11379,Resilientes planificadores
11252,Resilientes planificadores
9959,Resilientes planificadores
13730,Informados inconsistentes
13301,Ahorradores en desarrollo
12432,Resilientes planificadores
10946,Resilientes planificadores
9960,Resilientes planificadores
9237,Resilientes planificadores
11380,Ahorradores en desarrollo
13284,Informados inconsistentes
8768,Ahorradores en desarrollo
13557,Ahorradores en desarrollo
14259,Informados inconsistentes
13818,Vulnerables reactivos
9487,Ahorradores en desarrollo
14316,Informados inconsistentes
7754,Resilientes planificadores
8769,Ahorradores en desarrollo
9488,Ahorradores en desarrollo
13203,Resilientes planificadores
12100,Ahorradores en desarrollo
11853,Ahorradores en desarrollo
10595,Informados inconsistentes
12364,Informados inconsistentes
13746,Informados inconsistentes
12874,Ahorradores en desarrollo
10395,Vulnerables reactivos
12178,Vulnerables reactivos
13195,Ahorradores en desarrollo
13025,Resilientes planificadores
8770,Resilientes planificadores
8771,Ahorradores en desarrollo
12645,Vulnerables reactivos
13273,Resilientes planificadores
11641,Resilientes planificadores
8989,Ahorradores en desarrollo
11743,Resilientes planificadores
11253,Ahorradores en desarrollo
13500,Informados inconsistentes
13779,Informados inconsistentes
13944,Vulnerables reactivos
11947,Ahorradores en desarrollo
13638,Ahorradores en desarrollo
11642,Ahorradores en desarrollo
11948,Ahorradores en desarrollo
8990,Informados inconsistentes
11119,Vulnerables reactivos
10596,Resilientes planificadores
13728,Resilientes planificadores
10183,Informados inconsistentes
13406,Resilientes planificadores
12316,Vulnerables reactivos
10184,Vulnerables reactivos
9238,Resilientes planificadores
12433,Resilientes planificadores
9961,Informados inconsistentes
13010,Ahorradores en desarrollo
12646,Ahorradores en desarrollo
12938,Resilientes planificadores
13852,Vulnerables reactivos
8154,Resilientes planificadores
8155,Informados inconsistentes
8360,Vulnerables reactivos
12785,Resilientes planificadores
14346,Ahorradores en desarrollo
10185,Vulnerables reactivos
12365,Ahorradores en desarrollo
9962,Informados inconsistentes
14376,Informados inconsistentes
12715,Ahorradores en desarrollo
12961,Informados inconsistentes
8156,Resilientes planificadores
10597,Resilientes planificadores
11643,Vulnerables reactivos
12833,Vulnerables reactivos
14239,Ahorradores en desarrollo
10947,Ahorradores en desarrollo
8991,Vulnerables reactivos
13107,Vulnerables reactivos
7168,Informados inconsistentes
12567,Resilientes planificadores
9489,Vulnerables reactivos
9490,Vulnerables reactivos
11744,Vulnerables reactivos
12101,Informados inconsistentes
12568,Resilientes planificadores
10186,Ahorradores en desarrollo
8362,Vulnerables reactivos
8992,Informados inconsistentes
10396,Informados inconsistentes
7418,Informados inconsistentes
9734,Vulnerables reactivos
12102,Vulnerables reactivos
10790,Resilientes planificadores
8363,Ahorradores en desarrollo
12103,Resilientes planificadores
9491,Ahorradores en desarrollo
7876,Ahorradores en desarrollo
11120,Resilientes planificadores
8556,Resilientes planificadores
13226,Informados inconsistentes
8772,Vulnerables reactivos
9239,Ahorradores en desarrollo
10187,Vulnerables reactivos
9240,Resilientes planificadores
11381,Resilientes planificadores
11745,Vulnerables reactivos
12569,Vulnerables reactivos
7755,Informados inconsistentes
10948,Resilientes planificadores
9492,Resilientes planificadores
10188,Ahorradores en desarrollo
13607,Resilientes planificadores
9493,Resilientes planificadores
12240,Informados inconsistentes
8993,Vulnerables reactivos
10791,Resilientes planificadores
10792,Ahorradores en desarrollo
10793,Resilientes planificadores
8773,Resilientes planificadores
10189,Informados inconsistentes
9494,Resilientes planificadores
8994,Ahorradores en desarrollo
13724,Ahorradores en desarrollo
12683,Ahorradores en desarrollo
12479,Ahorradores en desarrollo
9963,Resilientes planificadores
7756,Vulnerables reactivos
7757,Resilientes planificadores
10794,Ahorradores en desarrollo
8774,Resilientes planificadores
9241,Vulnerables reactivos
12179,Vulnerables reactivos
7420,Resilientes planificadores
7421,Vulnerables reactivos
12434,Ahorradores en desarrollo
13566,Informados inconsistentes
9242,Resilientes planificadores
14273,Vulnerables reactivos
9495,Ahorradores en desarrollo
9964,Ahorradores en desarrollo
8775,Ahorradores en desarrollo
12939,Resilientes planificadores
10397,Ahorradores en desarrollo
12104,Resilientes planificadores
10949,Ahorradores en desarrollo
11855,Ahorradores en desarrollo
14080,Ahorradores en desarrollo
9496,Vulnerables reactivos
12435,Ahorradores en desarrollo
10398,Ahorradores en desarrollo
10190,Ahorradores en desarrollo
11949,Ahorradores en desarrollo
12530,Ahorradores en desarrollo
12366,Informados inconsistentes
7877,Ahorradores en desarrollo
12436,Resilientes planificadores
8025,Ahorradores en desarrollo
11121,Ahorradores en desarrollo
12962,Ahorradores en desarrollo
11254,Resilientes planificadores
7758,Vulnerables reactivos
12963,Informados inconsistentes
13068,Resilientes planificadores
8995,Vulnerables reactivos
12180,Resilientes planificadores
10598,Informados inconsistentes
14279,Ahorradores en desarrollo
8364,Vulnerables reactivos
9497,Resilientes planificadores
10795,Informados inconsistentes
10192,Ahorradores en desarrollo
11122,Ahorradores en desarrollo
9243,Informados inconsistentes
8365,Vulnerables reactivos
10599,Ahorradores en desarrollo
11644,Resilientes planificadores
13741,Ahorradores en desarrollo
10399,Resilientes planificadores
9244,Vulnerables reactivos
9965,Vulnerables reactivos
10600,Informados inconsistentes
14354,Resilientes planificadores
9245,Resilientes planificadores
12940,Resilientes planificadores
9246,Resilientes planificadores
10796,Informados inconsistentes
13457,Resilientes planificadores
11856,Informados inconsistentes
11857,Vulnerables reactivos
12032,Ahorradores en desarrollo
14386,Ahorradores en desarrollo
11255,Vulnerables reactivos
8996,Informados inconsistentes
11383,Vulnerables reactivos
12105,Ahorradores en desarrollo
9966,Vulnerables reactivos
11123,Ahorradores en desarrollo
8026,Informados inconsistentes
10400,Vulnerables reactivos
9498,Ahorradores en desarrollo
11256,Resilientes planificadores
9735,Vulnerables reactivos
11384,Ahorradores en desarrollo
12033,Ahorradores en desarrollo
13732,Ahorradores en desarrollo
11858,Ahorradores en desarrollo
11645,Informados inconsistentes
7759,Ahorradores en desarrollo
10797,Vulnerables reactivos
11257,Resilientes planificadores
12570,Resilientes planificadores
10193,Resilientes planificadores
12716,Ahorradores en desarrollo
9736,Resilientes planificadores
13357,Ahorradores en desarrollo
9247,Resilientes planificadores
10194,Resilientes planificadores
7878,Resilientes planificadores
10401,Informados inconsistentes
10950,Ahorradores en desarrollo
13914,Ahorradores en desarrollo
8776,Ahorradores en desarrollo
11746,Resilientes planificadores
12941,Resilientes planificadores
8777,Informados inconsistentes
9499,Ahorradores en desarrollo
9967,Ahorradores en desarrollo
10798,Vulnerables reactivos
9500,Informados inconsistentes
13131,Ahorradores en desarrollo
8366,Ahorradores en desarrollo
11950,Resilientes planificadores
12106,Resilientes planificadores
8778,Vulnerables reactivos
8027,Ahorradores en desarrollo
10195,Informados inconsistentes
11527,Resilientes planificadores
8158,Ahorradores en desarrollo
8367,Resilientes planificadores
7330,Ahorradores en desarrollo
8159,Resilientes planificadores
13454,Informados inconsistentes
12480,Ahorradores en desarrollo
8779,Vulnerables reactivos
10196,Ahorradores en desarrollo
12368,Informados inconsistentes
12241,Resilientes planificadores
9248,Informados inconsistentes
10951,Informados inconsistentes
8160,Ahorradores en desarrollo
9501,Ahorradores en desarrollo
9502,Resilientes planificadores
8368,Informados inconsistentes
12604,Resilientes planificadores
13069,Resilientes planificadores
11646,Resilientes planificadores
11747,Ahorradores en desarrollo
7238,Ahorradores en desarrollo
11528,Resilientes planificadores
10601,Informados inconsistentes
8997,Informados inconsistentes
11859,Vulnerables reactivos
10799,Ahorradores en desarrollo
11529,Ahorradores en desarrollo
9737,Ahorradores en desarrollo
11385,Resilientes planificadores
9968,Ahorradores en desarrollo
10197,Resilientes planificadores
8998,Informados inconsistentes
8161,Informados inconsistentes
7425,Ahorradores en desarrollo
12107,Vulnerables reactivos
12605,Informados inconsistentes
12942,Vulnerables reactivos
8999,Ahorradores en desarrollo
10952,Informados inconsistentes
11124,Ahorradores en desarrollo
9503,Resilientes planificadores
9504,Informados inconsistentes
11647,Resilientes planificadores
7331,Ahorradores en desarrollo
9249,Ahorradores en desarrollo
11530,Informados inconsistentes
10953,Resilientes planificadores
11125,Informados inconsistentes
11258,Resilientes planificadores
8028,Ahorradores en desarrollo
12034,Informados inconsistentes
9000,Resilientes planificadores
9738,Informados inconsistentes
9969,Ahorradores en desarrollo
12035,Ahorradores en desarrollo
9505,Resilientes planificadores
11531,Vulnerables reactivos
9506,Resilientes planificadores
13246,Vulnerables reactivos
11951,Ahorradores en desarrollo
11126,Resilientes planificadores
12369,Ahorradores en desarrollo
14146,Informados inconsistentes
11386,Ahorradores en desarrollo
9507,Resilientes planificadores
10800,Vulnerables reactivos
11952,Resilientes planificadores
12717,Ahorradores en desarrollo
12242,Ahorradores en desarrollo
10198,Informados inconsistentes
10602,Vulnerables reactivos
12108,Vulnerables reactivos
13285,Vulnerables reactivos
10603,Informados inconsistentes
11860,Informados inconsistentes
13889,Informados inconsistentes
9970,Ahorradores en desarrollo
11532,Ahorradores en desarrollo
7148,Informados inconsistentes
10199,Vulnerables reactivos
12531,Resilientes planificadores
8370,Ahorradores en desarrollo
7879,Informados inconsistentes
8557,Ahorradores en desarrollo
12718,Resilientes planificadores
9001,Ahorradores en desarrollo
11387,Resilientes planificadores
8780,Resilientes planificadores
11127,Resilientes planificadores
10604,Resilientes planificadores
8558,Resilientes planificadores
9971,Resilientes planificadores
9972,Informados inconsistentes
13753,Ahorradores en desarrollo
10954,Informados inconsistentes
12943,Ahorradores en desarrollo
9739,Vulnerables reactivos
9740,Resilientes planificadores
12532,Informados inconsistentes
11259,Ahorradores en desarrollo
9508,Resilientes planificadores
9741,Informados inconsistentes
13108,Resilientes planificadores
13788,Vulnerables reactivos
9742,Informados inconsistentes
9003,Resilientes planificadores
12182,Vulnerables reactivos
11128,Resilientes planificadores
12243,Resilientes planificadores
12977,Resilientes planificadores
11953,Ahorradores en desarrollo
14123,Resilientes planificadores
11129,Vulnerables reactivos
12719,Ahorradores en desarrollo
12684,Ahorradores en desarrollo
9509,Vulnerables reactivos
11954,Informados inconsistentes
9004,Resilientes planificadores
7761,Resilientes planificadores
7880,Informados inconsistentes
13896,Resilientes planificadores
8371,Ahorradores en desarrollo
9250,Informados inconsistentes
10955,Resilientes planificadores
11130,Resilientes planificadores
8029,Informados inconsistentes
12685,Ahorradores en desarrollo
7426,Ahorradores en desarrollo
9005,Ahorradores en desarrollo
8559,Resilientes planificadores
8162,Ahorradores en desarrollo
11533,Ahorradores en desarrollo
11648,Ahorradores en desarrollo
11260,Vulnerables reactivos
8030,Ahorradores en desarrollo
9974,Vulnerables reactivos
11534,Informados inconsistentes
13445,Resilientes planificadores
12606,Informados inconsistentes
9510,Ahorradores en desarrollo
12647,Ahorradores en desarrollo
12944,Vulnerables reactivos
9251,Resilientes planificadores
9006,Resilientes planificadores
9975,Resilientes planificadores
8031,Ahorradores en desarrollo
10200,Ahorradores en desarrollo
9007,Ahorradores en desarrollo
9511,Ahorradores en desarrollo
8560,Resilientes planificadores
12481,Ahorradores en desarrollo
9252,Vulnerables reactivos
10402,Resilientes planificadores
12183,Ahorradores en desarrollo
8561,Resilientes planificadores
10956,Vulnerables reactivos
11261,Resilientes planificadores
9253,Resilientes planificadores
12036,Informados inconsistentes
9976,Ahorradores en desarrollo
12648,Resilientes planificadores
10403,Ahorradores en desarrollo
8781,Informados inconsistentes
9977,Resilientes planificadores
13026,Ahorradores en desarrollo
11649,Ahorradores en desarrollo
9743,Ahorradores en desarrollo
8782,Ahorradores en desarrollo
12992,Ahorradores en desarrollo
8032,Vulnerables reactivos
14065,Ahorradores en desarrollo
12482,Resilientes planificadores
13469,Ahorradores en desarrollo
14278,Ahorradores en desarrollo
11262,Ahorradores en desarrollo
13122,Ahorradores en desarrollo
11748,Informados inconsistentes
10201,Informados inconsistentes
14393,Ahorradores en desarrollo
9978,Vulnerables reactivos
11749,Resilientes planificadores
11389,Resilientes planificadores
11390,Resilientes planificadores
7204,Ahorradores en desarrollo
9979,Resilientes planificadores
11650,Informados inconsistentes
8163,Resilientes planificadores
9008,Resilientes planificadores
13257,Vulnerables reactivos
11131,Ahorradores en desarrollo
12815,Vulnerables reactivos
7332,Vulnerables reactivos
10202,Informados inconsistentes
10203,Vulnerables reactivos
12318,Ahorradores en desarrollo
12483,Ahorradores en desarrollo
8783,Ahorradores en desarrollo
12370,Ahorradores en desarrollo
12437,Vulnerables reactivos
14276,Resilientes planificadores
11535,Ahorradores en desarrollo
12786,Vulnerables reactivos
12993,Vulnerables reactivos
11391,Ahorradores en desarrollo
7881,Ahorradores en desarrollo
9744,Resilientes planificadores
14375,Ahorradores en desarrollo
9512,Resilientes planificadores
11392,Resilientes planificadores
13654,Ahorradores en desarrollo
11750,Resilientes planificadores
11861,Resilientes planificadores
10957,Ahorradores en desarrollo
9513,Ahorradores en desarrollo
8784,Informados inconsistentes
12720,Resilientes planificadores
12184,Ahorradores en desarrollo
8562,Vulnerables reactivos
12571,Vulnerables reactivos
8785,Ahorradores en desarrollo
11651,Informados inconsistentes
12371,Ahorradores en desarrollo
9980,Informados inconsistentes
10801,Vulnerables reactivos
8563,Resilientes planificadores
9514,Vulnerables reactivos
8372,Ahorradores en desarrollo
11393,Ahorradores en desarrollo
9009,Ahorradores en desarrollo
14347,Vulnerables reactivos
11394,Resilientes planificadores
10204,Vulnerables reactivos
11862,Informados inconsistentes
12109,Vulnerables reactivos
12110,Informados inconsistentes
13883,Ahorradores en desarrollo
7149,Ahorradores en desarrollo
11395,Ahorradores en desarrollo
13056,Resilientes planificadores
11263,Resilientes planificadores
14337,Resilientes planificadores
12244,Ahorradores en desarrollo
10205,Resilientes planificadores
10206,Informados inconsistentes
10404,Informados inconsistentes
13383,Ahorradores en desarrollo
10802,Informados inconsistentes
13157,Resilientes planificadores
10803,Ahorradores en desarrollo
10959,Vulnerables reactivos
12111,Informados inconsistentes
9745,Vulnerables reactivos
8564,Informados inconsistentes
13351,Ahorradores en desarrollo
13492,Vulnerables reactivos
10405,Resilientes planificadores
12572,Resilientes planificadores
9515,Vulnerables reactivos
10406,Vulnerables reactivos
11652,Ahorradores en desarrollo
14141,Vulnerables reactivos
13793,Resilientes planificadores
10804,Resilientes planificadores
11863,Ahorradores en desarrollo
11955,Ahorradores en desarrollo
13771,Resilientes planificadores
8786,Resilientes planificadores
9981,Ahorradores en desarrollo
10207,Informados inconsistentes
13506,Ahorradores en desarrollo
9516,Vulnerables reactivos
9010,Ahorradores en desarrollo
10960,Ahorradores en desarrollo
11264,Resilientes planificadores
9011,Vulnerables reactivos
9012,Informados inconsistentes
8565,Informados inconsistentes
12484,Ahorradores en desarrollo
10961,Resilientes planificadores
9013,Ahorradores en desarrollo
8566,Informados inconsistentes
10208,Ahorradores en desarrollo
11396,Informados inconsistentes
8567,Ahorradores en desarrollo
10605,Ahorradores en desarrollo
11397,Vulnerables reactivos
11956,Resilientes planificadores
14056,Ahorradores en desarrollo
7239,Ahorradores en desarrollo
11398,Resilientes planificadores
9746,Ahorradores en desarrollo
13903,Resilientes planificadores
10209,Resilientes planificadores
10962,Vulnerables reactivos
13665,Informados inconsistentes
13705,Resilientes planificadores
12855,Ahorradores en desarrollo
11653,Ahorradores en desarrollo
9014,Ahorradores en desarrollo
13378,Ahorradores en desarrollo
9747,Informados inconsistentes
8787,Resilientes planificadores
11132,Resilientes planificadores
14277,Informados inconsistentes
11133,Resilientes planificadores
12607,Ahorradores en desarrollo
13398,Ahorradores en desarrollo
11537,Vulnerables reactivos
7762,Resilientes planificadores
13027,Informados inconsistentes
11134,Resilientes planificadores
9517,Informados inconsistentes
13877,Vulnerables reactivos
14269,Ahorradores en desarrollo
10606,Ahorradores en desarrollo
14107,Ahorradores en desarrollo
11265,Ahorradores en desarrollo
9015,Informados inconsistentes
12245,Ahorradores en desarrollo
12438,Vulnerables reactivos
8788,Resilientes planificadores
8569,Resilientes planificadores
11399,Informados inconsistentes
11865,Vulnerables reactivos
8789,Ahorradores en desarrollo
11400,Informados inconsistentes
8033,Resilientes planificadores
9748,Resilientes planificadores
8166,Informados inconsistentes
9749,Resilientes planificadores
12185,Informados inconsistentes
9016,Resilientes planificadores
9982,Ahorradores en desarrollo
11538,Ahorradores en desarrollo
7882,Vulnerables reactivos
12721,Vulnerables reactivos
9983,Informados inconsistentes
7883,Ahorradores en desarrollo
12246,Ahorradores en desarrollo
10210,Vulnerables reactivos
10607,Resilientes planificadores
12247,Informados inconsistentes
13911,Informados inconsistentes
13690,Informados inconsistentes
9254,Vulnerables reactivos
7240,Vulnerables reactivos
7431,Informados inconsistentes
11401,Ahorradores en desarrollo
10805,Ahorradores en desarrollo
14400,Ahorradores en desarrollo
10806,Resilientes planificadores
13204,Informados inconsistentes
10608,Ahorradores en desarrollo
8034,Ahorradores en desarrollo
8570,Ahorradores en desarrollo
12186,Vulnerables reactivos
8167,Vulnerables reactivos
11135,Resilientes planificadores
8168,Resilientes planificadores
9518,Informados inconsistentes
10963,Ahorradores en desarrollo
8790,Ahorradores en desarrollo
11402,Informados inconsistentes
10211,Vulnerables reactivos
8169,Resilientes planificadores
11266,Ahorradores en desarrollo
9255,Ahorradores en desarrollo
8373,Vulnerables reactivos
11136,Resilientes planificadores
12533,Ahorradores en desarrollo
10964,Informados inconsistentes
11403,Informados inconsistentes
14267,Ahorradores en desarrollo
7433,Resilientes planificadores
11267,Ahorradores en desarrollo
7884,Ahorradores en desarrollo
7763,Ahorradores en desarrollo
11268,Resilientes planificadores
10807,Ahorradores en desarrollo
13313,Ahorradores en desarrollo
10408,Resilientes planificadores
9984,Ahorradores en desarrollo
12040,Ahorradores en desarrollo
12187,Vulnerables reactivos
12372,Ahorradores en desarrollo
9985,Informados inconsistentes
13374,Resilientes planificadores
12686,Informados inconsistentes
10965,Informados inconsistentes
9986,Ahorradores en desarrollo
8170,Resilientes planificadores
10966,Informados inconsistentes
8791,Informados inconsistentes
10609,Resilientes planificadores
8571,Vulnerables reactivos
10610,Resilientes planificadores
11751,Vulnerables reactivos
8572,Ahorradores en desarrollo
13183,Informados inconsistentes
9257,Vulnerables reactivos
9017,Informados inconsistentes
9018,Vulnerables reactivos
9750,Vulnerables reactivos
9258,Ahorradores en desarrollo
10808,Ahorradores en desarrollo
9519,Ahorradores en desarrollo
12856,Ahorradores en desarrollo
9520,Vulnerables reactivos
8036,Resilientes planificadores
9751,Informados inconsistentes
12112,Informados inconsistentes
12248,Ahorradores en desarrollo
9259,Ahorradores en desarrollo
11539,Informados inconsistentes
10967,Ahorradores en desarrollo
13011,Vulnerables reactivos
11540,Ahorradores en desarrollo
12113,Resilientes planificadores
13436,Informados inconsistentes
10212,Ahorradores en desarrollo
10213,Ahorradores en desarrollo
12964,Resilientes planificadores
12534,Informados inconsistentes
12249,Informados inconsistentes
11541,Ahorradores en desarrollo
14263,Ahorradores en desarrollo
8171,Ahorradores en desarrollo
11957,Resilientes planificadores
10611,Vulnerables reactivos
10214,Resilientes planificadores
14173,Resilientes planificadores
7282,Ahorradores en desarrollo
12041,Ahorradores en desarrollo
10409,Resilientes planificadores
8792,Resilientes planificadores
9260,Resilientes planificadores
9521,Ahorradores en desarrollo
10215,Resilientes planificadores
8172,Informados inconsistentes
13029,Ahorradores en desarrollo
7283,Resilientes planificadores
11404,Vulnerables reactivos
14257,Informados inconsistentes
8173,Resilientes planificadores
10410,Resilientes planificadores
8174,Resilientes planificadores
7434,Vulnerables reactivos
11269,Vulnerables reactivos
7885,Ahorradores en desarrollo
11542,Resilientes planificadores
11654,Ahorradores en desarrollo
13731,Vulnerables reactivos
12319,Resilientes planificadores
7886,Ahorradores en desarrollo
8038,Resilientes planificadores
10612,Vulnerables reactivos
11137,Vulnerables reactivos
10968,Vulnerables reactivos
13815,Resilientes planificadores
7333,Vulnerables reactivos
12373,Vulnerables reactivos
7765,Resilientes planificadores
9752,Resilientes planificadores
8039,Ahorradores en desarrollo
8040,Ahorradores en desarrollo
14395,Ahorradores en desarrollo
12857,Informados inconsistentes
10216,Informados inconsistentes
12945,Informados inconsistentes
9522,Informados inconsistentes
13696,Ahorradores en desarrollo
12250,Vulnerables reactivos
8573,Vulnerables reactivos
9019,Informados inconsistentes
12754,Informados inconsistentes
10217,Informados inconsistentes
9753,Ahorradores en desarrollo
12755,Vulnerables reactivos
11655,Resilientes planificadores
13633,Ahorradores en desarrollo
10809,Informados inconsistentes
9754,Vulnerables reactivos
10411,Resilientes planificadores
8793,Ahorradores en desarrollo
13279,Informados inconsistentes
7284,Informados inconsistentes
12649,Vulnerables reactivos
9020,Vulnerables reactivos
8175,Ahorradores en desarrollo
11405,Resilientes planificadores
9987,Ahorradores en desarrollo
9261,Vulnerables reactivos
11270,Resilientes planificadores
9262,Vulnerables reactivos
10810,Ahorradores en desarrollo
11138,Vulnerables reactivos
9755,Resilientes planificadores
9021,Ahorradores en desarrollo
14254,Resilientes planificadores
8794,Resilientes planificadores
12320,Resilientes planificadores
8795,Ahorradores en desarrollo
11406,Ahorradores en desarrollo
12756,Resilientes planificadores
8176,Ahorradores en desarrollo
14368,Ahorradores en desarrollo
12114,Resilientes planificadores
10811,Resilientes planificadores
8796,Vulnerables reactivos
14226,Ahorradores en desarrollo
7887,Ahorradores en desarrollo
10412,Ahorradores en desarrollo
8797,Ahorradores en desarrollo
12251,Resilientes planificadores
11866,Ahorradores en desarrollo
8375,Resilientes planificadores
9022,Ahorradores en desarrollo
7241,Ahorradores en desarrollo
11656,Ahorradores en desarrollo
7766,Ahorradores en desarrollo
9523,Resilientes planificadores
10413,Vulnerables reactivos
8041,Informados inconsistentes
12757,Informados inconsistentes
12252,Ahorradores en desarrollo
9756,Informados inconsistentes
12946,Ahorradores en desarrollo
8042,Ahorradores en desarrollo
8177,Vulnerables reactivos
11271,Ahorradores en desarrollo
10969,Resilientes planificadores
7767,Resilientes planificadores
10218,Ahorradores en desarrollo
12253,Resilientes planificadores
10613,Informados inconsistentes
9524,Informados inconsistentes
12687,Resilientes planificadores
12439,Ahorradores en desarrollo
11867,Ahorradores en desarrollo
8376,Ahorradores en desarrollo
9023,Resilientes planificadores
9263,Resilientes planificadores
10970,Ahorradores en desarrollo
9264,Ahorradores en desarrollo
9024,Informados inconsistentes
11752,Resilientes planificadores
9025,Resilientes planificadores
8377,Vulnerables reactivos
10219,Informados inconsistentes
13551,Ahorradores en desarrollo
11407,Resilientes planificadores
8378,Resilientes planificadores
7768,Ahorradores en desarrollo
11868,Ahorradores en desarrollo
11657,Ahorradores en desarrollo
12688,Resilientes planificadores
9026,Resilientes planificadores
10220,Informados inconsistentes
14098,Resilientes planificadores
13797,Ahorradores en desarrollo
11272,Ahorradores en desarrollo
11408,Resilientes planificadores
12689,Resilientes planificadores
9265,Informados inconsistentes
12608,Informados inconsistentes
8178,Resilientes planificadores
13605,Informados inconsistentes
8179,Resilientes planificadores
12374,Ahorradores en desarrollo
12115,Resilientes planificadores
13702,Ahorradores en desarrollo
11409,Resilientes planificadores
12188,Ahorradores en desarrollo
12321,Informados inconsistentes
8574,Informados inconsistentes
8798,Resilientes planificadores
9027,Ahorradores en desarrollo
13873,Informados inconsistentes
9266,Ahorradores en desarrollo
11411,Resilientes planificadores
8180,Vulnerables reactivos
11543,Resilientes planificadores
13030,Ahorradores en desarrollo
9028,Vulnerables reactivos
9988,Informados inconsistentes
13635,Resilientes planificadores
11958,Informados inconsistentes
13292,Vulnerables reactivos
10812,Ahorradores en desarrollo
12690,Resilientes planificadores
11544,Resilientes planificadores
13163,Vulnerables reactivos
12440,Resilientes planificadores
10414,Resilientes planificadores
14249,Informados inconsistentes
12758,Ahorradores en desarrollo
11959,Ahorradores en desarrollo
11753,Informados inconsistentes
13384,Informados inconsistentes
12535,Vulnerables reactivos
9029,Ahorradores en desarrollo
9525,Informados inconsistentes
7769,Vulnerables reactivos
8181,Ahorradores en desarrollo
10221,Resilientes planificadores
11273,Resilientes planificadores
13088,Informados inconsistentes
11412,Informados inconsistentes
9267,Resilientes planificadores
11960,Vulnerables reactivos
13739,Ahorradores en desarrollo
12042,Vulnerables reactivos
9268,Vulnerables reactivos
11658,Ahorradores en desarrollo
12254,Vulnerables reactivos
11869,Resilientes planificadores
11545,Vulnerables reactivos
10813,Resilientes planificadores
12816,Ahorradores en desarrollo
7437,Informados inconsistentes
13470,Resilientes planificadores
14323,Resilientes planificadores
10415,Informados inconsistentes
14250,Resilientes planificadores
11546,Ahorradores en desarrollo
7335,Ahorradores en desarrollo
12817,Ahorradores en desarrollo
8379,Informados inconsistentes
8576,Ahorradores en desarrollo
9269,Informados inconsistentes
13101,Informados inconsistentes
8182,Ahorradores en desarrollo
13109,Informados inconsistentes
9526,Informados inconsistentes
13670,Vulnerables reactivos
12573,Vulnerables reactivos
10614,Resilientes planificadores
10416,Ahorradores en desarrollo
10222,Vulnerables reactivos
12759,Informados inconsistentes
11870,Ahorradores en desarrollo
9270,Ahorradores en desarrollo
9989,Resilientes planificadores
13268,Vulnerables reactivos
12787,Ahorradores en desarrollo
8184,Ahorradores en desarrollo
13459,Vulnerables reactivos
12760,Ahorradores en desarrollo
9030,Resilientes planificadores
10223,Vulnerables reactivos
9031,Vulnerables reactivos
11961,Ahorradores en desarrollo
9527,Informados inconsistentes
12788,Vulnerables reactivos
12189,Resilientes planificadores
9528,Resilientes planificadores
12322,Resilientes planificadores
13646,Resilientes planificadores
8185,Resilientes planificadores
8380,Resilientes planificadores
12375,Resilientes planificadores
8381,Ahorradores en desarrollo
12376,Ahorradores en desarrollo
9757,Ahorradores en desarrollo
10417,Resilientes planificadores
12116,Ahorradores en desarrollo
12043,Informados inconsistentes
12834,Resilientes planificadores
12190,Vulnerables reactivos
7770,Informados inconsistentes
8382,Resilientes planificadores
14268,Resilientes planificadores
11413,Resilientes planificadores
8043,Ahorradores en desarrollo
9032,Ahorradores en desarrollo
12323,Informados inconsistentes
10418,Informados inconsistentes
9271,Resilientes planificadores
8186,Resilientes planificadores
10419,Resilientes planificadores
8187,Vulnerables reactivos
10224,Informados inconsistentes
14245,Informados inconsistentes
13205,Informados inconsistentes
9758,Ahorradores en desarrollo
14005,Resilientes planificadores
10420,Informados inconsistentes
8044,Informados inconsistentes
12117,Ahorradores en desarrollo
9033,Resilientes planificadores
12789,Resilientes planificadores
8383,Resilientes planificadores
8045,Vulnerables reactivos
11414,Resilientes planificadores
13809,Ahorradores en desarrollo
13077,Resilientes planificadores
12118,Ahorradores en desarrollo
14328,Resilientes planificadores
8188,Vulnerables reactivos
8384,Resilientes planificadores
14014,Informados inconsistentes
12255,Resilientes planificadores
9034,Informados inconsistentes
7771,Resilientes planificadores
10225,Vulnerables reactivos
8799,Informados inconsistentes
8385,Ahorradores en desarrollo
8800,Ahorradores en desarrollo
12609,Ahorradores en desarrollo
10421,Resilientes planificadores
14251,Informados inconsistentes
9990,Resilientes planificadores
12610,Resilientes planificadores
9991,Resilientes planificadores
8189,Vulnerables reactivos
11962,Informados inconsistentes
10814,Informados inconsistentes
13149,Ahorradores en desarrollo
9759,Resilientes planificadores
8386,Ahorradores en desarrollo
8190,Ahorradores en desarrollo
8801,Informados inconsistentes
9529,Resilientes planificadores
8577,Ahorradores en desarrollo
10615,Vulnerables reactivos
7888,Informados inconsistentes
8802,Resilientes planificadores
10226,Resilientes planificadores
11547,Resilientes planificadores
7889,Resilientes planificadores
14244,Vulnerables reactivos
11548,Informados inconsistentes
13012,Ahorradores en desarrollo
11139,Resilientes planificadores
10227,Vulnerables reactivos
13386,Vulnerables reactivos
10971,Informados inconsistentes
9530,Informados inconsistentes
13432,Ahorradores en desarrollo
10972,Ahorradores en desarrollo
12441,Resilientes planificadores
13439,Resilientes planificadores
11871,Vulnerables reactivos
9035,Ahorradores en desarrollo
12119,Vulnerables reactivos
8191,Vulnerables reactivos
13932,Informados inconsistentes
13996,Informados inconsistentes
7772,Informados inconsistentes
11415,Ahorradores en desarrollo
12947,Vulnerables reactivos
10228,Resilientes planificadores
9760,Ahorradores en desarrollo
12120,Resilientes planificadores
8578,Resilientes planificadores
11872,Resilientes planificadores
12121,Resilientes planificadores
7205,Ahorradores en desarrollo
12907,Ahorradores en desarrollo
12122,Vulnerables reactivos
10815,Vulnerables reactivos
10422,Ahorradores en desarrollo
10423,Ahorradores en desarrollo
7890,Informados inconsistentes
13346,Ahorradores en desarrollo
12256,Ahorradores en desarrollo
8804,Resilientes planificadores
10816,Vulnerables reactivos
12442,Informados inconsistentes
8805,Informados inconsistentes
10424,Resilientes planificadores
14287,Ahorradores en desarrollo
8579,Resilientes planificadores
11274,Vulnerables reactivos
8806,Informados inconsistentes
12978,Informados inconsistentes
8387,Resilientes planificadores
8807,Resilientes planificadores
13361,Vulnerables reactivos
14289,Ahorradores en desarrollo
9762,Resilientes planificadores
8388,Vulnerables reactivos
14266,Ahorradores en desarrollo
14247,Informados inconsistentes
11416,Vulnerables reactivos
10817,Resilientes planificadores
9763,Informados inconsistentes
13755,Vulnerables reactivos
13499,Resilientes planificadores
8046,Vulnerables reactivos
10616,Resilientes planificadores
11659,Ahorradores en desarrollo
11754,Informados inconsistentes
14222,Informados inconsistentes
13601,Vulnerables reactivos
9272,Resilientes planificadores
12650,Resilientes planificadores
13440,Informados inconsistentes
12045,Resilientes planificadores
8047,Vulnerables reactivos
11755,Resilientes planificadores
11756,Ahorradores en desarrollo
14236,Vulnerables reactivos
10229,Ahorradores en desarrollo
10230,Vulnerables reactivos
9273,Resilientes planificadores
12324,Ahorradores en desarrollo
12924,Resilientes planificadores
9531,Ahorradores en desarrollo
10425,Ahorradores en desarrollo
13624,Vulnerables reactivos
14265,Vulnerables reactivos
10819,Ahorradores en desarrollo
11660,Resilientes planificadores
8580,Resilientes planificadores
10426,Resilientes planificadores
10973,Vulnerables reactivos
12443,Vulnerables reactivos
11417,Resilientes planificadores
10231,Vulnerables reactivos
13102,Ahorradores en desarrollo
7773,Informados inconsistentes
8808,Resilientes planificadores
9532,Informados inconsistentes
13387,Vulnerables reactivos
8389,Resilientes planificadores
12377,Ahorradores en desarrollo
13340,Ahorradores en desarrollo
10617,Informados inconsistentes
8193,Resilientes planificadores
8581,Ahorradores en desarrollo
13341,Ahorradores en desarrollo
9036,Ahorradores en desarrollo
13264,Ahorradores en desarrollo
9533,Ahorradores en desarrollo
10427,Ahorradores en desarrollo
12046,Ahorradores en desarrollo
10618,Resilientes planificadores
11418,Ahorradores en desarrollo
8582,Ahorradores en desarrollo
8390,Resilientes planificadores
8583,Vulnerables reactivos
11661,Resilientes planificadores
9274,Informados inconsistentes
14073,Ahorradores en desarrollo
9992,Resilientes planificadores
9275,Resilientes planificadores
8584,Ahorradores en desarrollo
9993,Resilientes planificadores
8391,Ahorradores en desarrollo
11662,Resilientes planificadores
9276,Informados inconsistentes
11419,Resilientes planificadores
9037,Vulnerables reactivos
10620,Informados inconsistentes
10820,Informados inconsistentes
13614,Vulnerables reactivos
13057,Ahorradores en desarrollo
12047,Informados inconsistentes
9764,Resilientes planificadores
10232,Resilientes planificadores
10621,Ahorradores en desarrollo
9995,Resilientes planificadores
8809,Resilientes planificadores
12948,Ahorradores en desarrollo
10821,Informados inconsistentes
12378,Resilientes planificadores
10974,Vulnerables reactivos
10233,Ahorradores en desarrollo
12257,Vulnerables reactivos
12536,Ahorradores en desarrollo
10822,Informados inconsistentes
8810,Informados inconsistentes
8585,Vulnerables reactivos
13577,Ahorradores en desarrollo
13778,Resilientes planificadores
11758,Resilientes planificadores
12191,Vulnerables reactivos
12258,Resilientes planificadores
11550,Informados inconsistentes
9534,Informados inconsistentes
11963,Vulnerables reactivos
13227,Resilientes planificadores
10975,Resilientes planificadores
7891,Vulnerables reactivos
9277,Resilientes planificadores
11964,Resilientes planificadores
8194,Vulnerables reactivos
12123,Ahorradores en desarrollo
8586,Vulnerables reactivos
7336,Resilientes planificadores
12925,Ahorradores en desarrollo
9765,Ahorradores en desarrollo
8587,Ahorradores en desarrollo
7892,Resilientes planificadores
9766,Resilientes planificadores
10622,Resilientes planificadores
13805,Resilientes planificadores
11875,Resilientes planificadores
9767,Informados inconsistentes
9996,Ahorradores en desarrollo
8048,Ahorradores en desarrollo
11140,Resilientes planificadores
13089,Resilientes planificadores
7337,Ahorradores en desarrollo
7893,Resilientes planificadores
9278,Resilientes planificadores
12858,Informados inconsistentes
8195,Ahorradores en desarrollo
10976,Vulnerables reactivos
8196,Informados inconsistentes
9768,Ahorradores en desarrollo
9535,Resilientes planificadores
8811,Resilientes planificadores
9769,Ahorradores en desarrollo
10428,Informados inconsistentes
10429,Vulnerables reactivos
14237,Vulnerables reactivos
8588,Resilientes planificadores
11876,Ahorradores en desarrollo
12379,Informados inconsistentes
11663,Informados inconsistentes
13269,Ahorradores en desarrollo
8392,Resilientes planificadores
7894,Resilientes planificadores
10823,Ahorradores en desarrollo
9279,Ahorradores en desarrollo
13711,Ahorradores en desarrollo
10623,Resilientes planificadores
9536,Ahorradores en desarrollo
11759,Vulnerables reactivos
12537,Resilientes planificadores
8393,Resilientes planificadores
9537,Resilientes planificadores
12325,Vulnerables reactivos
10977,Ahorradores en desarrollo
11420,Vulnerables reactivos
9538,Ahorradores en desarrollo
9539,Ahorradores en desarrollo
12538,Resilientes planificadores
7774,Ahorradores en desarrollo
9540,Resilientes planificadores
8812,Ahorradores en desarrollo
7286,Resilientes planificadores
13449,Ahorradores en desarrollo
10430,Informados inconsistentes
9038,Ahorradores en desarrollo
8813,Informados inconsistentes
12611,Ahorradores en desarrollo
13090,Resilientes planificadores
11421,Resilientes planificadores
10234,Ahorradores en desarrollo
9280,Resilientes planificadores
8394,Ahorradores en desarrollo
8395,Vulnerables reactivos
11275,Ahorradores en desarrollo
8396,Resilientes planificadores
8589,Vulnerables reactivos
10624,Resilientes planificadores
8397,Ahorradores en desarrollo
12908,Resilientes planificadores
9039,Vulnerables reactivos
8814,Informados inconsistentes
7444,Ahorradores en desarrollo
9770,Vulnerables reactivos
14001,Vulnerables reactivos
12444,Ahorradores en desarrollo
11965,Ahorradores en desarrollo
8049,Ahorradores en desarrollo
12445,Vulnerables reactivos
13058,Informados inconsistentes
9281,Ahorradores en desarrollo
10625,Ahorradores en desarrollo
13388,Vulnerables reactivos
9040,Resilientes planificadores
9771,Resilientes planificadores
8590,Ahorradores en desarrollo
11276,Resilientes planificadores
8591,Ahorradores en desarrollo
10824,Ahorradores en desarrollo
11760,Ahorradores en desarrollo
8398,Ahorradores en desarrollo
12875,Resilientes planificadores
12048,Resilientes planificadores
7445,Vulnerables reactivos
12192,Vulnerables reactivos
11966,Informados inconsistentes
12193,Informados inconsistentes
9541,Ahorradores en desarrollo
13150,Ahorradores en desarrollo
11551,Vulnerables reactivos
12194,Resilientes planificadores
8197,Informados inconsistentes
13070,Vulnerables reactivos
12723,Vulnerables reactivos
11761,Ahorradores en desarrollo
9041,Resilientes planificadores
12124,Resilientes planificadores
13763,Vulnerables reactivos
12574,Resilientes planificadores
11552,Resilientes planificadores
11422,Ahorradores en desarrollo
14229,Informados inconsistentes
7776,Resilientes planificadores
9542,Informados inconsistentes
9282,Informados inconsistentes
8592,Ahorradores en desarrollo
12485,Resilientes planificadores
10626,Ahorradores en desarrollo
13031,Vulnerables reactivos
11762,Informados inconsistentes
8399,Vulnerables reactivos
10627,Resilientes planificadores
13682,Resilientes planificadores
7287,Vulnerables reactivos
12380,Informados inconsistentes
12326,Resilientes planificadores
8593,Vulnerables reactivos
8594,Vulnerables reactivos
7896,Ahorradores en desarrollo
8815,Vulnerables reactivos
10235,Ahorradores en desarrollo
12446,Vulnerables reactivos
8595,Vulnerables reactivos
7777,Vulnerables reactivos
13606,Resilientes planificadores
8050,Resilientes planificadores
9997,Vulnerables reactivos
12260,Resilientes planificadores
9772,Ahorradores en desarrollo
9283,Ahorradores en desarrollo
10431,Ahorradores en desarrollo
11553,Ahorradores en desarrollo
11554,Resilientes planificadores
13228,Resilientes planificadores
7446,Ahorradores en desarrollo
13667,Ahorradores en desarrollo
12613,Ahorradores en desarrollo
9042,Resilientes planificadores
11664,Vulnerables reactivos
7447,Resilientes planificadores
11877,Vulnerables reactivos
9043,Resilientes planificadores
9044,Resilientes planificadores
13151,Informados inconsistentes
9543,Resilientes planificadores
13683,Informados inconsistentes
8816,Ahorradores en desarrollo
10432,Ahorradores en desarrollo
11763,Resilientes planificadores
11555,Ahorradores en desarrollo
10433,Ahorradores en desarrollo
9045,Resilientes planificadores
10826,Vulnerables reactivos
8400,Resilientes planificadores
11764,Informados inconsistentes
10434,Resilientes planificadores
9544,Ahorradores en desarrollo
9773,Informados inconsistentes
11765,Ahorradores en desarrollo
9284,Vulnerables reactivos
8401,Informados inconsistentes
10236,Resilientes planificadores
9998,Resilientes planificadores
14228,Informados inconsistentes
11141,Ahorradores en desarrollo
9999,Resilientes planificadores
9774,Resilientes planificadores
9775,Informados inconsistentes
13540,Vulnerables reactivos
12261,Vulnerables reactivos
14256,Ahorradores en desarrollo
12994,Vulnerables reactivos
12195,Informados inconsistentes
12876,Vulnerables reactivos
10000,Vulnerables reactivos
9776,Informados inconsistentes
13552,Ahorradores en desarrollo
11142,Informados inconsistentes
10628,Informados inconsistentes
12447,Vulnerables reactivos
12651,Informados inconsistentes
10237,Ahorradores en desarrollo
11766,Resilientes planificadores
12049,Ahorradores en desarrollo
7448,Vulnerables reactivos
8402,Resilientes planificadores
8596,Vulnerables reactivos
9777,Informados inconsistentes
12965,Ahorradores en desarrollo
10435,Resilientes planificadores
12652,Resilientes planificadores
12762,Ahorradores en desarrollo
11878,Informados inconsistentes
11143,Resilientes planificadores
9545,Informados inconsistentes
11967,Vulnerables reactivos
13302,Informados inconsistentes
14233,Ahorradores en desarrollo
12448,Resilientes planificadores
11665,Resilientes planificadores
11423,Ahorradores en desarrollo
10629,Resilientes planificadores
12262,Ahorradores en desarrollo
14234,Informados inconsistentes
13013,Resilientes planificadores
11556,Vulnerables reactivos
10979,Ahorradores en desarrollo
9285,Informados inconsistentes
12724,Resilientes planificadores
9286,Resilientes planificadores
10001,Resilientes planificadores
13280,Informados inconsistentes
7338,Ahorradores en desarrollo
9046,Informados inconsistentes
9546,Resilientes planificadores
10436,Ahorradores en desarrollo
7897,Vulnerables reactivos
12381,Vulnerables reactivos
10630,Ahorradores en desarrollo
11424,Ahorradores en desarrollo
10437,Resilientes planificadores
9287,Resilientes planificadores
8403,Resilientes planificadores
8817,Ahorradores en desarrollo
12486,Ahorradores en desarrollo
12877,Informados inconsistentes
13584,Ahorradores en desarrollo
12263,Ahorradores en desarrollo
11277,Vulnerables reactivos
10002,Ahorradores en desarrollo
12382,Resilientes planificadores
8818,Informados inconsistentes
11278,Ahorradores en desarrollo
9047,Vulnerables reactivos
9778,Resilientes planificadores
9779,Ahorradores en desarrollo
10438,Vulnerables reactivos
7898,Vulnerables reactivos
9780,Resilientes planificadores
7899,Ahorradores en desarrollo
8198,Ahorradores en desarrollo
9547,Resilientes planificadores
10439,Resilientes planificadores
12264,Ahorradores en desarrollo
8597,Ahorradores en desarrollo
9548,Resilientes planificadores
12196,Informados inconsistentes
7900,Ahorradores en desarrollo
10238,Resilientes planificadores
12653,Resilientes planificadores
9781,Vulnerables reactivos
10980,Informados inconsistentes
11557,Ahorradores en desarrollo
8199,Resilientes planificadores
12126,Ahorradores en desarrollo
9288,Ahorradores en desarrollo
12197,Resilientes planificadores
8404,Informados inconsistentes
13933,Resilientes planificadores
10631,Resilientes planificadores
9048,Resilientes planificadores
8598,Ahorradores en desarrollo
13078,Resilientes planificadores
9782,Ahorradores en desarrollo
10440,Resilientes planificadores
10003,Informados inconsistentes
13331,Resilientes planificadores
10441,Vulnerables reactivos
7339,Ahorradores en desarrollo
10442,Ahorradores en desarrollo
12539,Informados inconsistentes
13294,Resilientes planificadores
10981,Resilientes planificadores
10443,Informados inconsistentes
9783,Ahorradores en desarrollo
12979,Informados inconsistentes
11425,Ahorradores en desarrollo
14070,Ahorradores en desarrollo
9049,Resilientes planificadores
14238,Resilientes planificadores
8051,Vulnerables reactivos
10444,Informados inconsistentes
11558,Ahorradores en desarrollo
7243,Ahorradores en desarrollo
8052,Informados inconsistentes
9784,Ahorradores en desarrollo
9785,Ahorradores en desarrollo
7779,Informados inconsistentes
13686,Resilientes planificadores
12198,Resilientes planificadores
8405,Ahorradores en desarrollo
9289,Resilientes planificadores
13530,Ahorradores en desarrollo
11279,Informados inconsistentes
10004,Vulnerables reactivos
14243,Resilientes planificadores
14064,Vulnerables reactivos
8819,Resilientes planificadores
10005,Informados inconsistentes
11559,Ahorradores en desarrollo
12725,Ahorradores en desarrollo
7901,Ahorradores en desarrollo
10982,Ahorradores en desarrollo
14362,Resilientes planificadores
13850,Ahorradores en desarrollo
10239,Resilientes planificadores
12050,Informados inconsistentes
10983,Vulnerables reactivos
9051,Resilientes planificadores
11280,Ahorradores en desarrollo
14275,Resilientes planificadores
9786,Ahorradores en desarrollo
10445,Informados inconsistentes
7340,Vulnerables reactivos
14225,Informados inconsistentes
10446,Informados inconsistentes
8200,Ahorradores en desarrollo
12726,Informados inconsistentes
10984,Ahorradores en desarrollo
14193,Resilientes planificadores
7244,Informados inconsistentes
8201,Vulnerables reactivos
12487,Resilientes planificadores
8406,Ahorradores en desarrollo
12575,Ahorradores en desarrollo
7780,Vulnerables reactivos
8202,Resilientes planificadores
13158,Resilientes planificadores
8407,Ahorradores en desarrollo
12540,Informados inconsistentes
7902,Vulnerables reactivos
9290,Ahorradores en desarrollo
9787,Vulnerables reactivos
10633,Resilientes planificadores
9788,Ahorradores en desarrollo
11968,Vulnerables reactivos
8408,Ahorradores en desarrollo
8599,Resilientes planificadores
10447,Vulnerables reactivos
12878,Informados inconsistentes
7903,Resilientes planificadores
12541,Informados inconsistentes
8820,Informados inconsistentes
10240,Resilientes planificadores
11144,Informados inconsistentes
11145,Ahorradores en desarrollo
13152,Resilientes planificadores
9053,Ahorradores en desarrollo
8821,Resilientes planificadores
14355,Ahorradores en desarrollo
10241,Ahorradores en desarrollo
11560,Ahorradores en desarrollo
11561,Ahorradores en desarrollo
10448,Vulnerables reactivos
10634,Informados inconsistentes
8410,Informados inconsistentes
10006,Ahorradores en desarrollo
13370,Informados inconsistentes
11969,Ahorradores en desarrollo
13717,Ahorradores en desarrollo
13059,Resilientes planificadores
11282,Resilientes planificadores
8411,Informados inconsistentes
13253,Resilientes planificadores
8600,Informados inconsistentes
10985,Ahorradores en desarrollo
10635,Informados inconsistentes
7904,Vulnerables reactivos
12383,Vulnerables reactivos
12542,Vulnerables reactivos
8822,Resilientes planificadores
11426,Ahorradores en desarrollo
11970,Informados inconsistentes
10636,Informados inconsistentes
12384,Resilientes planificadores
10449,Ahorradores en desarrollo
12051,Resilientes planificadores
8205,Ahorradores en desarrollo
13123,Informados inconsistentes
9789,Informados inconsistentes
7905,Vulnerables reactivos
10242,Resilientes planificadores
9291,Ahorradores en desarrollo
10986,Informados inconsistentes
9292,Resilientes planificadores
10450,Resilientes planificadores
9293,Resilientes planificadores
9549,Ahorradores en desarrollo
9790,Ahorradores en desarrollo
12995,Resilientes planificadores
13308,Informados inconsistentes
10987,Resilientes planificadores
10451,Ahorradores en desarrollo
11146,Ahorradores en desarrollo
8412,Ahorradores en desarrollo
7451,Informados inconsistentes
10637,Resilientes planificadores
14223,Ahorradores en desarrollo
10638,Ahorradores en desarrollo
9550,Resilientes planificadores
10639,Resilientes planificadores
9551,Resilientes planificadores
8054,Resilientes planificadores
11147,Informados inconsistentes
12790,Resilientes planificadores
11666,Resilientes planificadores
10452,Informados inconsistentes
10007,Vulnerables reactivos
11667,Ahorradores en desarrollo
11562,Ahorradores en desarrollo
10008,Resilientes planificadores
12818,Ahorradores en desarrollo
10640,Vulnerables reactivos
13531,Ahorradores en desarrollo
10009,Vulnerables reactivos
9791,Informados inconsistentes
11879,Ahorradores en desarrollo
11427,Ahorradores en desarrollo
13427,Resilientes planificadores
11148,Ahorradores en desarrollo
12879,Ahorradores en desarrollo
11283,Resilientes planificadores
10642,Informados inconsistentes
13750,Ahorradores en desarrollo
9054,Ahorradores en desarrollo
11767,Informados inconsistentes
12819,Vulnerables reactivos
11428,Informados inconsistentes
7781,Informados inconsistentes
12949,Resilientes planificadores
12449,Vulnerables reactivos
12450,Vulnerables reactivos
10453,Ahorradores en desarrollo
12576,Vulnerables reactivos
9055,Ahorradores en desarrollo
13520,Ahorradores en desarrollo
8413,Ahorradores en desarrollo
11429,Resilientes planificadores
12488,Resilientes planificadores
11668,Ahorradores en desarrollo
9792,Vulnerables reactivos
11669,Ahorradores en desarrollo
12654,Ahorradores en desarrollo
13032,Resilientes planificadores
8602,Resilientes planificadores
9793,Ahorradores en desarrollo
11880,Ahorradores en desarrollo
8603,Resilientes planificadores
12265,Ahorradores en desarrollo
7906,Resilientes planificadores
8604,Ahorradores en desarrollo
10454,Resilientes planificadores
8414,Vulnerables reactivos
11284,Vulnerables reactivos
11149,Vulnerables reactivos
8605,Informados inconsistentes
11150,Ahorradores en desarrollo
7907,Resilientes planificadores
9552,Resilientes planificadores
10828,Vulnerables reactivos
10455,Ahorradores en desarrollo
11285,Ahorradores en desarrollo
10243,Resilientes planificadores
12199,Vulnerables reactivos
8055,Resilientes planificadores
10829,Ahorradores en desarrollo
9056,Vulnerables reactivos
7452,Ahorradores en desarrollo
10010,Resilientes planificadores
12052,Ahorradores en desarrollo
11286,Resilientes planificadores
9553,Ahorradores en desarrollo
11563,Vulnerables reactivos
9794,Ahorradores en desarrollo
7908,Resilientes planificadores
10643,Vulnerables reactivos
14370,Resilientes planificadores
11768,Vulnerables reactivos
7909,Vulnerables reactivos
12791,Vulnerables reactivos
13507,Ahorradores en desarrollo
9294,Ahorradores en desarrollo
9795,Informados inconsistentes
9295,Resilientes planificadores
11430,Vulnerables reactivos
9554,Ahorradores en desarrollo
10988,Vulnerables reactivos
10244,Ahorradores en desarrollo
12053,Resilientes planificadores
8606,Resilientes planificadores
11769,Resilientes planificadores
9296,Resilientes planificadores
10011,Vulnerables reactivos
11564,Resilientes planificadores
8415,Resilientes planificadores
11565,Informados inconsistentes
7910,Vulnerables reactivos
13258,Resilientes planificadores
13651,Resilientes planificadores
13474,Resilientes planificadores
10245,Informados inconsistentes
8607,Ahorradores en desarrollo
7341,Ahorradores en desarrollo
9555,Resilientes planificadores
13321,Vulnerables reactivos
8823,Resilientes planificadores
10830,Resilientes planificadores
10012,Resilientes planificadores
10246,Ahorradores en desarrollo
8206,Ahorradores en desarrollo
12880,Ahorradores en desarrollo
12727,Informados inconsistentes
12054,Ahorradores en desarrollo
12926,Vulnerables reactivos
14318,Ahorradores en desarrollo
13964,Vulnerables reactivos
11881,Informados inconsistentes
14074,Ahorradores en desarrollo
9057,Ahorradores en desarrollo
13526,Ahorradores en desarrollo
10644,Informados inconsistentes
9058,Ahorradores en desarrollo
7342,Resilientes planificadores
11287,Resilientes planificadores
12385,Ahorradores en desarrollo
12691,Resilientes planificadores
11567,Ahorradores en desarrollo
8824,Ahorradores en desarrollo
9059,Resilientes planificadores
12980,Ahorradores en desarrollo
14047,Informados inconsistentes
10013,Resilientes planificadores
9297,Resilientes planificadores
14307,Resilientes planificadores
11151,Informados inconsistentes
13857,Resilientes planificadores
7911,Resilientes planificadores
8416,Resilientes planificadores
12910,Informados inconsistentes
10989,Resilientes planificadores
10014,Ahorradores en desarrollo
13159,Resilientes planificadores
14160,Vulnerables reactivos
10831,Ahorradores en desarrollo
9060,Resilientes planificadores
9061,Informados inconsistentes
8608,Ahorradores en desarrollo
8825,Ahorradores en desarrollo
10015,Resilientes planificadores
9796,Ahorradores en desarrollo
12201,Ahorradores en desarrollo
7912,Resilientes planificadores
11670,Ahorradores en desarrollo
10456,Resilientes planificadores
8417,Resilientes planificadores
11971,Ahorradores en desarrollo
8207,Ahorradores en desarrollo
11671,Informados inconsistentes
10016,Resilientes planificadores
13376,Vulnerables reactivos
7782,Vulnerables reactivos
11288,Ahorradores en desarrollo
12927,Vulnerables reactivos
11152,Informados inconsistentes
9298,Ahorradores en desarrollo
12950,Ahorradores en desarrollo
11882,Resilientes planificadores
13314,Informados inconsistentes
12202,Informados inconsistentes
7913,Resilientes planificadores
11153,Resilientes planificadores
9556,Informados inconsistentes
7783,Informados inconsistentes
14186,Vulnerables reactivos
12655,Resilientes planificadores
8826,Resilientes planificadores
13408,Informados inconsistentes
11672,Resilientes planificadores
11154,Resilientes planificadores
7914,Resilientes planificadores
9798,Resilientes planificadores
13071,Resilientes planificadores
12489,Ahorradores en desarrollo
9062,Ahorradores en desarrollo
10247,Ahorradores en desarrollo
9557,Resilientes planificadores
7454,Ahorradores en desarrollo
11770,Informados inconsistentes
8827,Informados inconsistentes
8610,Resilientes planificadores
10645,Resilientes planificadores
12490,Informados inconsistentes
13206,Resilientes planificadores
10017,Ahorradores en desarrollo
9558,Resilientes planificadores
10832,Resilientes planificadores
9799,Vulnerables reactivos
12491,Ahorradores en desarrollo
13992,Ahorradores en desarrollo
11568,Informados inconsistentes
9299,Resilientes planificadores
10457,Informados inconsistentes
13669,Resilientes planificadores
11431,Resilientes planificadores
8056,Resilientes planificadores
11673,Ahorradores en desarrollo
9800,Vulnerables reactivos
10646,Vulnerables reactivos
12386,Vulnerables reactivos
12387,Vulnerables reactivos
10458,Informados inconsistentes
12055,Resilientes planificadores
7289,Ahorradores en desarrollo
12996,Resilientes planificadores
8419,Ahorradores en desarrollo
9300,Ahorradores en desarrollo
7915,Vulnerables reactivos
11569,Ahorradores en desarrollo
9301,Ahorradores en desarrollo
12327,Resilientes planificadores
9302,Ahorradores en desarrollo
7290,Ahorradores en desarrollo
11570,Resilientes planificadores
8057,Ahorradores en desarrollo
10647,Informados inconsistentes
9801,Ahorradores en desarrollo
11156,Ahorradores en desarrollo
10459,Vulnerables reactivos
9802,Resilientes planificadores
14208,Ahorradores en desarrollo
8828,Resilientes planificadores
8829,Ahorradores en desarrollo
8420,Vulnerables reactivos
12328,Resilientes planificadores
10018,Ahorradores en desarrollo
11157,Ahorradores en desarrollo
9303,Vulnerables reactivos
8830,Ahorradores en desarrollo
9559,Vulnerables reactivos
9304,Ahorradores en desarrollo
9063,Ahorradores en desarrollo
8611,Ahorradores en desarrollo
10833,Ahorradores en desarrollo
9064,Ahorradores en desarrollo
8612,Resilientes planificadores
13479,Informados inconsistentes
14264,Informados inconsistentes
7343,Vulnerables reactivos
9305,Ahorradores en desarrollo
9065,Informados inconsistentes
8613,Ahorradores en desarrollo
8614,Ahorradores en desarrollo
14176,Vulnerables reactivos
13238,Informados inconsistentes
8058,Resilientes planificadores
7784,Ahorradores en desarrollo
10834,Resilientes planificadores
13164,Resilientes planificadores
14210,Ahorradores en desarrollo
12451,Vulnerables reactivos
8831,Vulnerables reactivos
13274,Resilientes planificadores
11973,Resilientes planificadores
8421,Resilientes planificadores
10248,Informados inconsistentes
8208,Ahorradores en desarrollo
7209,Ahorradores en desarrollo
10019,Resilientes planificadores
7245,Informados inconsistentes
8422,Informados inconsistentes
8059,Ahorradores en desarrollo
13412,Vulnerables reactivos
8209,Ahorradores en desarrollo
10648,Informados inconsistentes
10460,Ahorradores en desarrollo
8832,Informados inconsistentes
13948,Resilientes planificadores
8060,Ahorradores en desarrollo
11883,Vulnerables reactivos
9560,Ahorradores en desarrollo
9803,Vulnerables reactivos
11289,Resilientes planificadores
10990,Informados inconsistentes
9804,Informados inconsistentes
11571,Ahorradores en desarrollo
7916,Informados inconsistentes
9306,Ahorradores en desarrollo
10249,Ahorradores en desarrollo
11674,Informados inconsistentes
11974,Ahorradores en desarrollo
10649,Vulnerables reactivos
9561,Vulnerables reactivos
8424,Ahorradores en desarrollo
11572,Resilientes planificadores
10650,Resilientes planificadores
9562,Resilientes planificadores
11432,Informados inconsistentes
9805,Ahorradores en desarrollo
13303,Ahorradores en desarrollo
11884,Resilientes planificadores
12056,Resilientes planificadores
8833,Resilientes planificadores
10461,Ahorradores en desarrollo
14218,Resilientes planificadores
12614,Informados inconsistentes
10835,Ahorradores en desarrollo
9066,Ahorradores en desarrollo
8061,Vulnerables reactivos
8210,Ahorradores en desarrollo
10991,Ahorradores en desarrollo
9307,Resilientes planificadores
12881,Informados inconsistentes
10020,Resilientes planificadores
8211,Resilientes planificadores
13687,Ahorradores en desarrollo
7291,Ahorradores en desarrollo
7917,Ahorradores en desarrollo
11675,Ahorradores en desarrollo
9806,Ahorradores en desarrollo
9308,Resilientes planificadores
8212,Resilientes planificadores
12203,Ahorradores en desarrollo
8425,Resilientes planificadores
10651,Resilientes planificadores
13110,Resilientes planificadores
12792,Informados inconsistentes
9067,Resilientes planificadores
11676,Resilientes planificadores
13891,Vulnerables reactivos
9564,Ahorradores en desarrollo
7246,Vulnerables reactivos
11885,Informados inconsistentes
11771,Vulnerables reactivos
7173,Ahorradores en desarrollo
12692,Informados inconsistentes
11772,Ahorradores en desarrollo
11433,Resilientes planificadores
9068,Informados inconsistentes
8834,Vulnerables reactivos
10462,Ahorradores en desarrollo
8835,Resilientes planificadores
9309,Informados inconsistentes
12057,Informados inconsistentes
7786,Informados inconsistentes
10652,Informados inconsistentes
8214,Resilientes planificadores
8062,Ahorradores en desarrollo
8615,Ahorradores en desarrollo
12492,Ahorradores en desarrollo
12204,Vulnerables reactivos
9566,Vulnerables reactivos
14197,Resilientes planificadores
13332,Ahorradores en desarrollo
13315,Informados inconsistentes
9069,Ahorradores en desarrollo
8836,Informados inconsistentes
12266,Resilientes planificadores
12058,Informados inconsistentes
8616,Ahorradores en desarrollo
14183,Ahorradores en desarrollo
11434,Ahorradores en desarrollo
10836,Resilientes planificadores
7788,Resilientes planificadores
8063,Ahorradores en desarrollo
12835,Ahorradores en desarrollo
14127,Ahorradores en desarrollo
13487,Ahorradores en desarrollo
10463,Resilientes planificadores
13060,Informados inconsistentes
10251,Informados inconsistentes
7344,Resilientes planificadores
9070,Vulnerables reactivos
12577,Informados inconsistentes
7918,Ahorradores en desarrollo
14075,Informados inconsistentes
9807,Resilientes planificadores
9567,Ahorradores en desarrollo
11773,Resilientes planificadores
13869,Vulnerables reactivos
8617,Informados inconsistentes
11158,Informados inconsistentes
7789,Informados inconsistentes
12205,Informados inconsistentes
12388,Resilientes planificadores
10653,Resilientes planificadores
10837,Vulnerables reactivos
14198,Ahorradores en desarrollo
14158,Vulnerables reactivos
13347,Ahorradores en desarrollo
10252,Ahorradores en desarrollo
9568,Ahorradores en desarrollo
8064,Ahorradores en desarrollo
9569,Ahorradores en desarrollo
7790,Informados inconsistentes
10021,Resilientes planificadores
13784,Informados inconsistentes
11975,Resilientes planificadores
10654,Vulnerables reactivos
8215,Ahorradores en desarrollo
9570,Informados inconsistentes
9310,Resilientes planificadores
7919,Resilientes planificadores
7920,Ahorradores en desarrollo
10253,Vulnerables reactivos
7292,Vulnerables reactivos
10465,Resilientes planificadores
13033,Informados inconsistentes
7921,Vulnerables reactivos
12452,Resilientes planificadores
9071,Ahorradores en desarrollo
9808,Ahorradores en desarrollo
11677,Ahorradores en desarrollo
8837,Ahorradores en desarrollo
9571,Resilientes planificadores
8216,Resilientes planificadores
12793,Vulnerables reactivos
7152,Informados inconsistentes
12764,Resilientes planificadores
9072,Vulnerables reactivos
8838,Resilientes planificadores
13611,Resilientes planificadores
11435,Resilientes planificadores
11678,Ahorradores en desarrollo
9073,Informados inconsistentes
10655,Vulnerables reactivos
14051,Vulnerables reactivos
13165,Resilientes planificadores
10838,Ahorradores en desarrollo
13124,Resilientes planificadores
7791,Resilientes planificadores
9311,Ahorradores en desarrollo
12206,Resilientes planificadores
13786,Resilientes planificadores
10992,Informados inconsistentes
9074,Resilientes planificadores
13160,Vulnerables reactivos
7792,Vulnerables reactivos
13767,Ahorradores en desarrollo
11775,Resilientes planificadores
11290,Resilientes planificadores
10993,Vulnerables reactivos
13508,Ahorradores en desarrollo
9312,Resilientes planificadores
7345,Ahorradores en desarrollo
7462,Informados inconsistentes
13913,Ahorradores en desarrollo
7793,Resilientes planificadores
13239,Resilientes planificadores
8839,Resilientes planificadores
9572,Ahorradores en desarrollo
7794,Informados inconsistentes
10994,Resilientes planificadores
9313,Ahorradores en desarrollo
10839,Ahorradores en desarrollo
9809,Informados inconsistentes
8217,Vulnerables reactivos
9573,Ahorradores en desarrollo
12765,Resilientes planificadores
9314,Vulnerables reactivos
8218,Informados inconsistentes
11159,Ahorradores en desarrollo
11776,Ahorradores en desarrollo
11291,Resilientes planificadores
12578,Ahorradores en desarrollo
8840,Ahorradores en desarrollo
13047,Vulnerables reactivos
10466,Ahorradores en desarrollo
7293,Resilientes planificadores
10022,Ahorradores en desarrollo
10995,Ahorradores en desarrollo
10023,Ahorradores en desarrollo
7346,Resilientes planificadores
10656,Ahorradores en desarrollo
8841,Ahorradores en desarrollo
14035,Resilientes planificadores
10024,Ahorradores en desarrollo
14221,Informados inconsistentes
10025,Ahorradores en desarrollo
9810,Resilientes planificadores
8219,Resilientes planificadores
12389,Informados inconsistentes
8065,Vulnerables reactivos
10467,Ahorradores en desarrollo
11679,Informados inconsistentes
14169,Informados inconsistentes
9315,Vulnerables reactivos
7247,Vulnerables reactivos
10657,Vulnerables reactivos
10026,Vulnerables reactivos
9811,Ahorradores en desarrollo
11160,Ahorradores en desarrollo
9075,Ahorradores en desarrollo
8220,Vulnerables reactivos
8618,Resilientes planificadores
9316,Vulnerables reactivos
13486,Informados inconsistentes
8426,Resilientes planificadores
9317,Informados inconsistentes
12656,Vulnerables reactivos
9574,Ahorradores en desarrollo
13371,Informados inconsistentes
8427,Resilientes planificadores
10658,Resilientes planificadores
13567,Vulnerables reactivos
13034,Informados inconsistentes
11436,Vulnerables reactivos
10027,Resilientes planificadores
8066,Vulnerables reactivos
9318,Resilientes planificadores
8428,Informados inconsistentes
11680,Vulnerables reactivos
10840,Resilientes planificadores
8842,Ahorradores en desarrollo
9319,Resilientes planificadores
8221,Informados inconsistentes
13693,Informados inconsistentes
10468,Informados inconsistentes
10659,Resilientes planificadores
11778,Ahorradores en desarrollo
11292,Vulnerables reactivos
9812,Vulnerables reactivos
10028,Informados inconsistentes
7466,Ahorradores en desarrollo
13379,Ahorradores en desarrollo
13286,Ahorradores en desarrollo
12766,Resilientes planificadores
9320,Ahorradores en desarrollo
13742,Ahorradores en desarrollo
7153,Ahorradores en desarrollo
9076,Vulnerables reactivos
9077,Vulnerables reactivos
9575,Ahorradores en desarrollo
13872,Informados inconsistentes
12767,Ahorradores en desarrollo
11161,Resilientes planificadores
7467,Resilientes planificadores
8429,Informados inconsistentes
8067,Vulnerables reactivos
10469,Informados inconsistentes
13555,Informados inconsistentes
9079,Informados inconsistentes
8430,Resilientes planificadores
11779,Informados inconsistentes
13918,Vulnerables reactivos
10996,Vulnerables reactivos
13416,Informados inconsistentes
11162,Informados inconsistentes
12860,Ahorradores en desarrollo
12657,Resilientes planificadores
12997,Ahorradores en desarrollo
7922,Ahorradores en desarrollo
9813,Ahorradores en desarrollo
9814,Ahorradores en desarrollo
9576,Resilientes planificadores
11780,Resilientes planificadores
9321,Resilientes planificadores
12390,Resilientes planificadores
11293,Vulnerables reactivos
9322,Resilientes planificadores
10660,Informados inconsistentes
12981,Vulnerables reactivos
11573,Informados inconsistentes
13783,Vulnerables reactivos
7796,Informados inconsistentes
12882,Resilientes planificadores
12267,Resilientes planificadores
12928,Ahorradores en desarrollo
11437,Ahorradores en desarrollo
11976,Ahorradores en desarrollo
8431,Ahorradores en desarrollo
14175,Ahorradores en desarrollo
8843,Vulnerables reactivos
9323,Resilientes planificadores
10254,Informados inconsistentes
14165,Informados inconsistentes
13419,Vulnerables reactivos
10997,Informados inconsistentes
12207,Resilientes planificadores
9577,Ahorradores en desarrollo
9815,Informados inconsistentes
9080,Vulnerables reactivos
12998,Vulnerables reactivos
8844,Vulnerables reactivos
9578,Informados inconsistentes
12208,Ahorradores en desarrollo
10029,Resilientes planificadores
7176,Ahorradores en desarrollo
13586,Ahorradores en desarrollo
13631,Ahorradores en desarrollo
10470,Ahorradores en desarrollo
13079,Ahorradores en desarrollo
9324,Ahorradores en desarrollo
8222,Resilientes planificadores
10030,Vulnerables reactivos
9081,Resilientes planificadores
8068,Ahorradores en desarrollo
13174,Vulnerables reactivos
14088,Resilientes planificadores
12059,Resilientes planificadores
8223,Ahorradores en desarrollo
11977,Informados inconsistentes
8845,Informados inconsistentes
9082,Ahorradores en desarrollo
11781,Vulnerables reactivos
10662,Vulnerables reactivos
14157,Ahorradores en desarrollo
13514,Ahorradores en desarrollo
11886,Resilientes planificadores
13309,Informados inconsistentes
12268,Resilientes planificadores
13718,Resilientes planificadores
13962,Ahorradores en desarrollo
9579,Informados inconsistentes
14207,Ahorradores en desarrollo
10663,Vulnerables reactivos
12209,Vulnerables reactivos
13481,Ahorradores en desarrollo
14161,Vulnerables reactivos
13715,Resilientes planificadores
13072,Ahorradores en desarrollo
8433,Informados inconsistentes
8620,Ahorradores en desarrollo
13553,Vulnerables reactivos
8846,Vulnerables reactivos
10031,Informados inconsistentes
11574,Resilientes planificadores
11978,Resilientes planificadores
8224,Informados inconsistentes
9580,Resilientes planificadores
10255,Resilientes planificadores
12579,Ahorradores en desarrollo
10664,Vulnerables reactivos
9325,Ahorradores en desarrollo
13175,Informados inconsistentes
14231,Resilientes planificadores
13393,Ahorradores en desarrollo
7248,Ahorradores en desarrollo
10471,Resilientes planificadores
8621,Informados inconsistentes
12329,Vulnerables reactivos
10998,Resilientes planificadores
10665,Informados inconsistentes
13270,Informados inconsistentes
14159,Informados inconsistentes
9816,Resilientes planificadores
10256,Vulnerables reactivos
10999,Ahorradores en desarrollo
11575,Informados inconsistentes
13132,Vulnerables reactivos
11294,Vulnerables reactivos
8622,Ahorradores en desarrollo
9581,Ahorradores en desarrollo
10841,Vulnerables reactivos
13672,Ahorradores en desarrollo
7249,Informados inconsistentes
13548,Resilientes planificadores
9817,Resilientes planificadores
8434,Resilientes planificadores
7472,Vulnerables reactivos
11000,Resilientes planificadores
14185,Ahorradores en desarrollo
10472,Ahorradores en desarrollo
9818,Informados inconsistentes
11979,Vulnerables reactivos
13989,Ahorradores en desarrollo
9326,Ahorradores en desarrollo
12127,Resilientes planificadores
9582,Informados inconsistentes
11438,Informados inconsistentes
13963,Resilientes planificadores
12929,Resilientes planificadores
11439,Resilientes planificadores
10666,Resilientes planificadores
9583,Ahorradores en desarrollo
9584,Ahorradores en desarrollo
11682,Resilientes planificadores
8225,Informados inconsistentes
8847,Vulnerables reactivos
13472,Ahorradores en desarrollo
11163,Resilientes planificadores
11683,Informados inconsistentes
10667,Resilientes planificadores
12616,Ahorradores en desarrollo
9819,Resilientes planificadores
9327,Ahorradores en desarrollo
11576,Vulnerables reactivos
14116,Ahorradores en desarrollo
9083,Resilientes planificadores
8623,Resilientes planificadores
9586,Resilientes planificadores
8435,Vulnerables reactivos
12391,Vulnerables reactivos
7347,Vulnerables reactivos
10842,Vulnerables reactivos
9328,Resilientes planificadores
11001,Resilientes planificadores
13977,Ahorradores en desarrollo
9329,Informados inconsistentes
7210,Ahorradores en desarrollo
12392,Ahorradores en desarrollo
11002,Resilientes planificadores
7295,Ahorradores en desarrollo
11003,Ahorradores en desarrollo
8848,Ahorradores en desarrollo
9084,Resilientes planificadores
8849,Resilientes planificadores
11441,Informados inconsistentes
9330,Ahorradores en desarrollo
7473,Informados inconsistentes
13091,Ahorradores en desarrollo
11684,Vulnerables reactivos
13733,Ahorradores en desarrollo
11295,Informados inconsistentes
12580,Resilientes planificadores
12393,Resilientes planificadores
11296,Ahorradores en desarrollo
8624,Resilientes planificadores
13295,Informados inconsistentes
7798,Resilientes planificadores
7925,Resilientes planificadores
11887,Informados inconsistentes
11004,Resilientes planificadores
10668,Resilientes planificadores
8625,Ahorradores en desarrollo
11164,Resilientes planificadores
13518,Ahorradores en desarrollo
10843,Resilientes planificadores
13775,Resilientes planificadores
14155,Resilientes planificadores
11165,Ahorradores en desarrollo
10032,Informados inconsistentes
14139,Ahorradores en desarrollo
10257,Ahorradores en desarrollo
9085,Ahorradores en desarrollo
9820,Ahorradores en desarrollo
12999,Vulnerables reactivos
10669,Ahorradores en desarrollo
13580,Informados inconsistentes
11442,Vulnerables reactivos
7296,Ahorradores en desarrollo
7212,Ahorradores en desarrollo
7348,Vulnerables reactivos
9086,Informados inconsistentes
10033,Vulnerables reactivos
14172,Resilientes planificadores
14219,Informados inconsistentes
12911,Resilientes planificadores
8626,Resilientes planificadores
7476,Vulnerables reactivos
9087,Resilientes planificadores
7926,Ahorradores en desarrollo
12210,Resilientes planificadores
13080,Ahorradores en desarrollo
13886,Ahorradores en desarrollo
13014,Ahorradores en desarrollo
9587,Vulnerables reactivos
10844,Ahorradores en desarrollo
11297,Informados inconsistentes
11782,Informados inconsistentes
9588,Vulnerables reactivos
9589,Resilientes planificadores
13909,Resilientes planificadores
9590,Ahorradores en desarrollo
8069,Vulnerables reactivos
8627,Resilientes planificadores
8436,Informados inconsistentes
8850,Resilientes planificadores
8226,Vulnerables reactivos
9591,Vulnerables reactivos
9331,Resilientes planificadores
9332,Ahorradores en desarrollo
13281,Ahorradores en desarrollo
14013,Resilientes planificadores
10034,Vulnerables reactivos
8628,Resilientes planificadores
10670,Vulnerables reactivos
13509,Resilientes planificadores
8629,Vulnerables reactivos
9333,Ahorradores en desarrollo
12930,Ahorradores en desarrollo
8227,Ahorradores en desarrollo
12494,Ahorradores en desarrollo
9821,Informados inconsistentes
9822,Resilientes planificadores
7927,Informados inconsistentes
10035,Ahorradores en desarrollo
8851,Vulnerables reactivos
13558,Vulnerables reactivos
7799,Resilientes planificadores
9592,Resilientes planificadores
7800,Ahorradores en desarrollo
8630,Resilientes planificadores
13698,Informados inconsistentes
8437,Vulnerables reactivos
12768,Informados inconsistentes
9088,Ahorradores en desarrollo
12453,Vulnerables reactivos
12394,Ahorradores en desarrollo
13184,Vulnerables reactivos
14120,Vulnerables reactivos
14181,Vulnerables reactivos
13825,Informados inconsistentes
7154,Informados inconsistentes
10845,Ahorradores en desarrollo
9334,Resilientes planificadores
13035,Vulnerables reactivos
8438,Ahorradores en desarrollo
12836,Ahorradores en desarrollo
8228,Ahorradores en desarrollo
8229,Resilientes planificadores
12618,Ahorradores en desarrollo
10846,Ahorradores en desarrollo
8070,Resilientes planificadores
8439,Vulnerables reactivos
7349,Resilientes planificadores
9823,Ahorradores en desarrollo
12495,Informados inconsistentes
11298,Vulnerables reactivos
11005,Informados inconsistentes
9593,Vulnerables reactivos
10258,Vulnerables reactivos
12862,Ahorradores en desarrollo
13214,Informados inconsistentes
10259,Informados inconsistentes
9089,Resilientes planificadores
11685,Ahorradores en desarrollo
12693,Ahorradores en desarrollo
13787,Ahorradores en desarrollo
12269,Resilientes planificadores
8071,Ahorradores en desarrollo
13768,Ahorradores en desarrollo
13482,Informados inconsistentes
11888,Vulnerables reactivos
9335,Resilientes planificadores
10671,Vulnerables reactivos
11686,Vulnerables reactivos
8632,Resilientes planificadores
10847,Ahorradores en desarrollo
14143,Informados inconsistentes
13707,Resilientes planificadores
12128,Ahorradores en desarrollo
10473,Ahorradores en desarrollo
10848,Resilientes planificadores
11006,Ahorradores en desarrollo
8633,Ahorradores en desarrollo
9090,Ahorradores en desarrollo
8440,Vulnerables reactivos
12966,Vulnerables reactivos
14061,Ahorradores en desarrollo
14152,Resilientes planificadores
10672,Vulnerables reactivos
13636,Vulnerables reactivos
12694,Ahorradores en desarrollo
12951,Informados inconsistentes
9091,Resilientes planificadores
8230,Informados inconsistentes
13111,Informados inconsistentes
11007,Ahorradores en desarrollo
10849,Vulnerables reactivos
8231,Resilientes planificadores
8441,Ahorradores en desarrollo
9594,Ahorradores en desarrollo
14149,Resilientes planificadores
11889,Informados inconsistentes
12658,Informados inconsistentes
13874,Resilientes planificadores
10673,Vulnerables reactivos
10261,Vulnerables reactivos
13404,Resilientes planificadores
9336,Resilientes planificadores
9595,Ahorradores en desarrollo
14154,Vulnerables reactivos
8442,Informados inconsistentes
13571,Ahorradores en desarrollo
11980,Ahorradores en desarrollo
8443,Ahorradores en desarrollo
13352,Resilientes planificadores
11443,Vulnerables reactivos
8853,Ahorradores en desarrollo
12395,Resilientes planificadores
10262,Resilientes planificadores
11299,Informados inconsistentes
7485,Ahorradores en desarrollo
12729,Ahorradores en desarrollo
12211,Ahorradores en desarrollo
12912,Informados inconsistentes
11008,Vulnerables reactivos
8232,Vulnerables reactivos
13675,Informados inconsistentes
10036,Resilientes planificadores
11577,Ahorradores en desarrollo
7802,Vulnerables reactivos
14190,Resilientes planificadores
9337,Ahorradores en desarrollo
9338,Ahorradores en desarrollo
7803,Informados inconsistentes
11009,Ahorradores en desarrollo
9339,Ahorradores en desarrollo
11168,Ahorradores en desarrollo
13322,Ahorradores en desarrollo
10263,Ahorradores en desarrollo
9340,Resilientes planificadores
13708,Resilientes planificadores
11890,Ahorradores en desarrollo
8854,Vulnerables reactivos
13721,Resilientes planificadores
10264,Ahorradores en desarrollo
7804,Ahorradores en desarrollo
11687,Ahorradores en desarrollo
13810,Vulnerables reactivos
8855,Ahorradores en desarrollo
9596,Informados inconsistentes
8233,Resilientes planificadores
12129,Informados inconsistentes
12060,Resilientes planificadores
12619,Ahorradores en desarrollo
9597,Vulnerables reactivos
12883,Informados inconsistentes
14145,Informados inconsistentes
9341,Resilientes planificadores
14182,Vulnerables reactivos
10037,Resilientes planificadores
8856,Informados inconsistentes
10038,Informados inconsistentes
12794,Ahorradores en desarrollo
14130,Informados inconsistentes
8634,Informados inconsistentes
9598,Resilientes planificadores
7805,Resilientes planificadores
8444,Resilientes planificadores
12695,Informados inconsistentes
7250,Informados inconsistentes
11300,Ahorradores en desarrollo
10851,Ahorradores en desarrollo
12769,Resilientes planificadores
8073,Ahorradores en desarrollo
13975,Ahorradores en desarrollo
9342,Ahorradores en desarrollo
7928,Informados inconsistentes
12543,Informados inconsistentes
9092,Informados inconsistentes
10474,Informados inconsistentes
12270,Ahorradores en desarrollo
13000,Informados inconsistentes
8445,Ahorradores en desarrollo
12330,Vulnerables reactivos
13649,Vulnerables reactivos
13036,Resilientes planificadores
7251,Informados inconsistentes
8857,Ahorradores en desarrollo
9599,Informados inconsistentes
9824,Ahorradores en desarrollo
11169,Resilientes planificadores
7488,Ahorradores en desarrollo
10265,Resilientes planificadores
7350,Vulnerables reactivos
7297,Vulnerables reactivos
8446,Vulnerables reactivos
8858,Vulnerables reactivos
12620,Vulnerables reactivos
13634,Informados inconsistentes
11578,Informados inconsistentes
10674,Vulnerables reactivos
12544,Resilientes planificadores
10039,Vulnerables reactivos
8447,Ahorradores en desarrollo
11301,Ahorradores en desarrollo
7156,Informados inconsistentes
9825,Vulnerables reactivos
12271,Ahorradores en desarrollo
11444,Resilientes planificadores
11445,Informados inconsistentes
12884,Resilientes planificadores
10675,Resilientes planificadores
10040,Ahorradores en desarrollo
9093,Ahorradores en desarrollo
14166,Informados inconsistentes
14135,Informados inconsistentes
11171,Vulnerables reactivos
11446,Informados inconsistentes
7929,Ahorradores en desarrollo
10475,Informados inconsistentes
9343,Vulnerables reactivos
11981,Ahorradores en desarrollo
11302,Resilientes planificadores
12396,Resilientes planificadores
8448,Informados inconsistentes
8449,Ahorradores en desarrollo
10041,Ahorradores en desarrollo
13965,Resilientes planificadores
11172,Ahorradores en desarrollo
11783,Resilientes planificadores
11012,Ahorradores en desarrollo
8074,Ahorradores en desarrollo
11013,Resilientes planificadores
10267,Vulnerables reactivos
12062,Informados inconsistentes
10852,Ahorradores en desarrollo
13287,Resilientes planificadores
13804,Resilientes planificadores
10042,Ahorradores en desarrollo
12130,Ahorradores en desarrollo
11447,Resilientes planificadores
10853,Resilientes planificadores
11688,Ahorradores en desarrollo
13536,Resilientes planificadores
9600,Ahorradores en desarrollo
11784,Informados inconsistentes
10476,Resilientes planificadores
12885,Vulnerables reactivos
13342,Ahorradores en desarrollo
7298,Vulnerables reactivos
11173,Informados inconsistentes
8075,Ahorradores en desarrollo
9826,Informados inconsistentes
14195,Resilientes planificadores
10477,Ahorradores en desarrollo
10676,Ahorradores en desarrollo
8234,Ahorradores en desarrollo
9827,Ahorradores en desarrollo
11448,Resilientes planificadores
9828,Resilientes planificadores
8450,Resilientes planificadores
7215,Informados inconsistentes
8635,Ahorradores en desarrollo
8859,Resilientes planificadores
11449,Resilientes planificadores
10043,Informados inconsistentes
9344,Informados inconsistentes
12931,Vulnerables reactivos
9829,Resilientes planificadores
13362,Ahorradores en desarrollo
7930,Resilientes planificadores
9830,Resilientes planificadores
8235,Resilientes planificadores
12545,Ahorradores en desarrollo
13603,Resilientes planificadores
9601,Ahorradores en desarrollo
13517,Informados inconsistentes
10268,Resilientes planificadores
13503,Resilientes planificadores
8236,Ahorradores en desarrollo
8860,Ahorradores en desarrollo
13594,Informados inconsistentes
9345,Informados inconsistentes
10479,Ahorradores en desarrollo
11014,Informados inconsistentes
12621,Vulnerables reactivos
9831,Ahorradores en desarrollo
13112,Vulnerables reactivos
10854,Ahorradores en desarrollo
8237,Informados inconsistentes
8636,Ahorradores en desarrollo
11451,Vulnerables reactivos
13921,Ahorradores en desarrollo
11891,Resilientes planificadores
9832,Resilientes planificadores
10481,Vulnerables reactivos
13275,Resilientes planificadores
11579,Informados inconsistentes
10269,Resilientes planificadores
13259,Vulnerables reactivos
9094,Resilientes planificadores
13563,Resilientes planificadores
9833,Vulnerables reactivos
8238,Informados inconsistentes
10270,Ahorradores en desarrollo
14167,Vulnerables reactivos
14131,Informados inconsistentes
14128,Informados inconsistentes
14192,Vulnerables reactivos
7806,Ahorradores en desarrollo
13984,Resilientes planificadores
13037,Resilientes planificadores
10677,Vulnerables reactivos
8239,Resilientes planificadores
8240,Ahorradores en desarrollo
12272,Ahorradores en desarrollo
13562,Vulnerables reactivos
9095,Informados inconsistentes
10044,Resilientes planificadores
11303,Resilientes planificadores
7931,Resilientes planificadores
14201,Ahorradores en desarrollo
13800,Vulnerables reactivos
8451,Vulnerables reactivos
10271,Informados inconsistentes
10045,Informados inconsistentes
8863,Vulnerables reactivos
8241,Vulnerables reactivos
9346,Vulnerables reactivos
14142,Resilientes planificadores
10678,Informados inconsistentes
11174,Ahorradores en desarrollo
9602,Resilientes planificadores
12796,Informados inconsistentes
12696,Vulnerables reactivos
12581,Ahorradores en desarrollo
9096,Resilientes planificadores
13493,Informados inconsistentes
12582,Ahorradores en desarrollo
10046,Resilientes planificadores
12820,Vulnerables reactivos
13394,Informados inconsistentes
11785,Vulnerables reactivos
11580,Ahorradores en desarrollo
7252,Ahorradores en desarrollo
8637,Vulnerables reactivos
13358,Informados inconsistentes
13323,Resilientes planificadores
14087,Ahorradores en desarrollo
12397,Ahorradores en desarrollo
10482,Ahorradores en desarrollo
13113,Informados inconsistentes
11175,Ahorradores en desarrollo
9834,Informados inconsistentes
12622,Ahorradores en desarrollo
10855,Vulnerables reactivos
7253,Ahorradores en desarrollo
10047,Ahorradores en desarrollo
11304,Vulnerables reactivos
11982,Informados inconsistentes
12583,Resilientes planificadores
11015,Ahorradores en desarrollo
11452,Ahorradores en desarrollo
13795,Informados inconsistentes
14140,Informados inconsistentes
10048,Resilientes planificadores
9097,Ahorradores en desarrollo
13906,Informados inconsistentes
13644,Informados inconsistentes
9098,Informados inconsistentes
10272,Resilientes planificadores
11453,Resilientes planificadores
9603,Resilientes planificadores
9099,Ahorradores en desarrollo
13081,Resilientes planificadores
11016,Vulnerables reactivos
12546,Resilientes planificadores
10049,Informados inconsistentes
13276,Ahorradores en desarrollo
9347,Resilientes planificadores
12797,Resilientes planificadores
9835,Informados inconsistentes
11581,Resilientes planificadores
13062,Ahorradores en desarrollo
11176,Resilientes planificadores
11892,Informados inconsistentes
13207,Informados inconsistentes
10273,Resilientes planificadores
10483,Vulnerables reactivos
8638,Informados inconsistentes
11454,Resilientes planificadores
9100,Informados inconsistentes
11983,Vulnerables reactivos
12821,Informados inconsistentes
12822,Informados inconsistentes
13161,Informados inconsistentes
12798,Informados inconsistentes
14211,Vulnerables reactivos
14100,Ahorradores en desarrollo
11582,Informados inconsistentes
11017,Ahorradores en desarrollo
14136,Vulnerables reactivos
11893,Vulnerables reactivos
12839,Informados inconsistentes
9349,Resilientes planificadores
11018,Resilientes planificadores
9836,Ahorradores en desarrollo
9837,Ahorradores en desarrollo
10274,Resilientes planificadores
12623,Ahorradores en desarrollo
11177,Ahorradores en desarrollo
9604,Resilientes planificadores
13574,Ahorradores en desarrollo
8639,Informados inconsistentes
13073,Resilientes planificadores
13063,Ahorradores en desarrollo
13881,Informados inconsistentes
13937,Resilientes planificadores
12063,Resilientes planificadores
11178,Informados inconsistentes
11583,Vulnerables reactivos
11894,Vulnerables reactivos
11984,Informados inconsistentes
12064,Resilientes planificadores
13064,Informados inconsistentes
14097,Ahorradores en desarrollo
10275,Resilientes planificadores
8452,Informados inconsistentes
12731,Vulnerables reactivos
11019,Vulnerables reactivos
9838,Resilientes planificadores
9101,Resilientes planificadores
11584,Informados inconsistentes
8641,Resilientes planificadores
14105,Informados inconsistentes
10050,Vulnerables reactivos
12212,Informados inconsistentes
8242,Resilientes planificadores
12624,Vulnerables reactivos
10679,Resilientes planificadores
13598,Resilientes planificadores
10856,Vulnerables reactivos
8642,Ahorradores en desarrollo
8453,Informados inconsistentes
9102,Vulnerables reactivos
9839,Informados inconsistentes
12454,Ahorradores en desarrollo
13249,Vulnerables reactivos
10857,Ahorradores en desarrollo
11895,Resilientes planificadores
12913,Vulnerables reactivos
12659,Ahorradores en desarrollo
10276,Informados inconsistentes
13986,Resilientes planificadores
9350,Ahorradores en desarrollo
12697,Ahorradores en desarrollo
7299,Informados inconsistentes
8454,Resilientes planificadores
10680,Informados inconsistentes
9104,Resilientes planificadores
9105,Resilientes planificadores
8643,Ahorradores en desarrollo
12213,Ahorradores en desarrollo
13720,Resilientes planificadores
13980,Informados inconsistentes
12274,Resilientes planificadores
12332,Vulnerables reactivos
13515,Resilientes planificadores
11787,Resilientes planificadores
10051,Ahorradores en desarrollo
10052,Ahorradores en desarrollo
8455,Ahorradores en desarrollo
8864,Resilientes planificadores
11585,Vulnerables reactivos
8865,Ahorradores en desarrollo
12065,Resilientes planificadores
10277,Ahorradores en desarrollo
14091,Ahorradores en desarrollo
13420,Ahorradores en desarrollo
11586,Ahorradores en desarrollo
12932,Vulnerables reactivos
9106,Vulnerables reactivos
7932,Vulnerables reactivos
13648,Informados inconsistentes
10858,Vulnerables reactivos
10278,Vulnerables reactivos
9351,Ahorradores en desarrollo
10681,Vulnerables reactivos
12455,Ahorradores en desarrollo
8457,Ahorradores en desarrollo
10279,Ahorradores en desarrollo
8866,Informados inconsistentes
12660,Vulnerables reactivos
9840,Ahorradores en desarrollo
11896,Resilientes planificadores
8076,Resilientes planificadores
11020,Ahorradores en desarrollo
11305,Informados inconsistentes
9352,Resilientes planificadores
7300,Ahorradores en desarrollo
9841,Resilientes planificadores
11788,Resilientes planificadores
8867,Vulnerables reactivos
11455,Ahorradores en desarrollo
8077,Resilientes planificadores
9605,Vulnerables reactivos
12456,Resilientes planificadores
8458,Resilientes planificadores
14398,Vulnerables reactivos
14008,Ahorradores en desarrollo
11021,Ahorradores en desarrollo
8243,Resilientes planificadores
14076,Vulnerables reactivos
9606,Ahorradores en desarrollo
12799,Ahorradores en desarrollo
9607,Informados inconsistentes
8244,Resilientes planificadores
7254,Resilientes planificadores
8645,Ahorradores en desarrollo
13048,Informados inconsistentes
9353,Resilientes planificadores
12733,Ahorradores en desarrollo
9608,Vulnerables reactivos
9107,Resilientes planificadores
13671,Informados inconsistentes
8868,Resilientes planificadores
10053,Ahorradores en desarrollo
12734,Vulnerables reactivos
9842,Ahorradores en desarrollo
12131,Informados inconsistentes
11587,Informados inconsistentes
7179,Vulnerables reactivos
11306,Informados inconsistentes
10859,Resilientes planificadores
11789,Informados inconsistentes
11022,Resilientes planificadores
10280,Informados inconsistentes
10281,Vulnerables reactivos
10484,Ahorradores en desarrollo
7810,Ahorradores en desarrollo
9108,Vulnerables reactivos
11588,Vulnerables reactivos
8869,Resilientes planificadores
12914,Vulnerables reactivos
10485,Resilientes planificadores
13092,Informados inconsistentes
11456,Resilientes planificadores
10054,Vulnerables reactivos
10486,Vulnerables reactivos
10487,Informados inconsistentes
11307,Ahorradores en desarrollo
12496,Ahorradores en desarrollo
12547,Resilientes planificadores
9609,Ahorradores en desarrollo
8870,Vulnerables reactivos
11589,Ahorradores en desarrollo
13083,Informados inconsistentes
10055,Informados inconsistentes
8646,Ahorradores en desarrollo
8078,Informados inconsistentes
12584,Ahorradores en desarrollo
8079,Ahorradores en desarrollo
12548,Ahorradores en desarrollo
9843,Informados inconsistentes
10488,Ahorradores en desarrollo
11689,Ahorradores en desarrollo
13813,Resilientes planificadores
11023,Vulnerables reactivos
10282,Resilientes planificadores
13133,Ahorradores en desarrollo
14046,Ahorradores en desarrollo
10682,Ahorradores en desarrollo
8245,Ahorradores en desarrollo
11024,Ahorradores en desarrollo
11690,Vulnerables reactivos
10056,Resilientes planificadores
9610,Resilientes planificadores
10057,Informados inconsistentes
13876,Informados inconsistentes
7811,Informados inconsistentes
13338,Informados inconsistentes
11790,Ahorradores en desarrollo
9611,Ahorradores en desarrollo
13617,Vulnerables reactivos
10058,Informados inconsistentes
11590,Vulnerables reactivos
12066,Resilientes planificadores
8871,Informados inconsistentes
8459,Ahorradores en desarrollo
12698,Resilientes planificadores
14068,Informados inconsistentes
10683,Ahorradores en desarrollo
10283,Resilientes planificadores
12982,Resilientes planificadores
13001,Informados inconsistentes
12886,Informados inconsistentes
7180,Informados inconsistentes
11179,Informados inconsistentes
7933,Ahorradores en desarrollo
9845,Ahorradores en desarrollo
9612,Ahorradores en desarrollo
13735,Informados inconsistentes
11025,Informados inconsistentes
9354,Informados inconsistentes
9109,Ahorradores en desarrollo
12398,Informados inconsistentes
12275,Informados inconsistentes
9110,Ahorradores en desarrollo
7181,Ahorradores en desarrollo
8647,Resilientes planificadores
11180,Ahorradores en desarrollo
12625,Resilientes planificadores
13368,Informados inconsistentes
13968,Resilientes planificadores
9355,Informados inconsistentes
7182,Vulnerables reactivos
9613,Vulnerables reactivos
9614,Vulnerables reactivos
11791,Resilientes planificadores
7302,Vulnerables reactivos
13167,Resilientes planificadores
11181,Informados inconsistentes
9111,Informados inconsistentes
11691,Ahorradores en desarrollo
7812,Informados inconsistentes
9615,Informados inconsistentes
8246,Ahorradores en desarrollo
13616,Ahorradores en desarrollo
10059,Vulnerables reactivos
13441,Vulnerables reactivos
12132,Resilientes planificadores
10060,Vulnerables reactivos
12215,Informados inconsistentes
10489,Ahorradores en desarrollo
13983,Resilientes planificadores
11591,Vulnerables reactivos
13215,Ahorradores en desarrollo
11183,Informados inconsistentes
8247,Ahorradores en desarrollo
10490,Vulnerables reactivos
10061,Resilientes planificadores
7500,Vulnerables reactivos
7183,Ahorradores en desarrollo
11184,Vulnerables reactivos
13475,Vulnerables reactivos
13216,Informados inconsistentes
8460,Informados inconsistentes
8248,Ahorradores en desarrollo
14072,Informados inconsistentes
11185,Ahorradores en desarrollo
11792,Vulnerables reactivos
8461,Ahorradores en desarrollo
13002,Resilientes planificadores
8080,Ahorradores en desarrollo
13229,Vulnerables reactivos
8648,Resilientes planificadores
12067,Informados inconsistentes
8649,Resilientes planificadores
11985,Informados inconsistentes
10284,Ahorradores en desarrollo
9356,Ahorradores en desarrollo
7256,Ahorradores en desarrollo
13364,Ahorradores en desarrollo
12497,Resilientes planificadores
11692,Ahorradores en desarrollo
11793,Ahorradores en desarrollo
10493,Ahorradores en desarrollo
10062,Vulnerables reactivos
13710,Resilientes planificadores
9846,Ahorradores en desarrollo
11186,Resilientes planificadores
7184,Ahorradores en desarrollo
11794,Ahorradores en desarrollo
10860,Informados inconsistentes
10285,Ahorradores en desarrollo
11457,Vulnerables reactivos
9113,Vulnerables reactivos
13858,Informados inconsistentes
12736,Resilientes planificadores
10494,Resilientes planificadores
8249,Resilientes planificadores
10063,Ahorradores en desarrollo
10495,Ahorradores en desarrollo
7935,Resilientes planificadores
13168,Vulnerables reactivos
7814,Vulnerables reactivos
7503,Ahorradores en desarrollo
12333,Ahorradores en desarrollo
11310,Ahorradores en desarrollo
12276,Resilientes planificadores
12661,Resilientes planificadores
11795,Ahorradores en desarrollo
7936,Resilientes planificadores
7937,Resilientes planificadores
13296,Vulnerables reactivos
11026,Ahorradores en desarrollo
11458,Ahorradores en desarrollo
8650,Vulnerables reactivos
10496,Ahorradores en desarrollo
13777,Informados inconsistentes
11187,Informados inconsistentes
10684,Resilientes planificadores
13114,Ahorradores en desarrollo
9114,Resilientes planificadores
12549,Resilientes planificadores
10685,Resilientes planificadores
9847,Informados inconsistentes
8081,Ahorradores en desarrollo
12399,Ahorradores en desarrollo
7817,Informados inconsistentes
8872,Ahorradores en desarrollo
8873,Resilientes planificadores
12457,Resilientes planificadores
8874,Resilientes planificadores
8651,Resilientes planificadores
8250,Ahorradores en desarrollo
7303,Vulnerables reactivos
9848,Resilientes planificadores
7939,Ahorradores en desarrollo
13791,Resilientes planificadores
8652,Ahorradores en desarrollo
10286,Resilientes planificadores
11459,Vulnerables reactivos
12770,Informados inconsistentes
12068,Vulnerables reactivos
12400,Ahorradores en desarrollo
10861,Resilientes planificadores
9616,Resilientes planificadores
10497,Resilientes planificadores
11796,Resilientes planificadores
9115,Vulnerables reactivos
8875,Informados inconsistentes
8653,Ahorradores en desarrollo
8462,Informados inconsistentes
9849,Resilientes planificadores
8876,Resilientes planificadores
9116,Resilientes planificadores
14111,Informados inconsistentes
13176,Resilientes planificadores
10498,Resilientes planificadores
14063,Resilientes planificadores
13310,Vulnerables reactivos
13353,Ahorradores en desarrollo
7940,Informados inconsistentes
8877,Ahorradores en desarrollo
11693,Resilientes planificadores
9617,Ahorradores en desarrollo
8082,Ahorradores en desarrollo
8463,Vulnerables reactivos
10686,Informados inconsistentes
11694,Resilientes planificadores
12498,Vulnerables reactivos
10499,Resilientes planificadores
10064,Informados inconsistentes
8251,Resilientes planificadores
10287,Ahorradores en desarrollo
9117,Informados inconsistentes
8878,Informados inconsistentes
11027,Ahorradores en desarrollo
10500,Ahorradores en desarrollo
12069,Resilientes planificadores
9357,Ahorradores en desarrollo
12699,Ahorradores en desarrollo
10288,Ahorradores en desarrollo
13930,Resilientes planificadores
13618,Ahorradores en desarrollo
9850,Resilientes planificadores
11797,Ahorradores en desarrollo
10289,Vulnerables reactivos
12458,Resilientes planificadores
13235,Vulnerables reactivos
9358,Ahorradores en desarrollo
12499,Ahorradores en desarrollo
11028,Resilientes planificadores
13712,Resilientes planificadores
12662,Resilientes planificadores
8879,Ahorradores en desarrollo
13297,Vulnerables reactivos
7351,Ahorradores en desarrollo
13169,Resilientes planificadores
9618,Informados inconsistentes
9851,Informados inconsistentes
10501,Ahorradores en desarrollo
9359,Vulnerables reactivos
9619,Ahorradores en desarrollo
9118,Ahorradores en desarrollo
13468,Informados inconsistentes
8654,Ahorradores en desarrollo
11029,Resilientes planificadores
13425,Informados inconsistentes
13288,Resilientes planificadores
10065,Vulnerables reactivos
11460,Ahorradores en desarrollo
14007,Informados inconsistentes
11897,Informados inconsistentes
10502,Resilientes planificadores
8655,Informados inconsistentes
9360,Ahorradores en desarrollo
9853,Resilientes planificadores
7819,Ahorradores en desarrollo
12277,Vulnerables reactivos
13982,Vulnerables reactivos
13271,Ahorradores en desarrollo
10290,Ahorradores en desarrollo
8656,Ahorradores en desarrollo
13465,Ahorradores en desarrollo
8464,Ahorradores en desarrollo
7941,Resilientes planificadores
7352,Ahorradores en desarrollo
11188,Resilientes planificadores
7942,Resilientes planificadores
8880,Ahorradores en desarrollo
10688,Resilientes planificadores
12134,Ahorradores en desarrollo
8657,Ahorradores en desarrollo
11030,Resilientes planificadores
11031,Vulnerables reactivos
10291,Ahorradores en desarrollo
12863,Resilientes planificadores
11311,Ahorradores en desarrollo
8465,Vulnerables reactivos
8083,Resilientes planificadores
12840,Resilientes planificadores
8658,Informados inconsistentes
8084,Resilientes planificadores
10292,Ahorradores en desarrollo
11898,Ahorradores en desarrollo
13931,Ahorradores en desarrollo
10293,Vulnerables reactivos
8659,Vulnerables reactivos
7943,Resilientes planificadores
9119,Resilientes planificadores
9120,Resilientes planificadores
9620,Resilientes planificadores
10689,Ahorradores en desarrollo
12626,Vulnerables reactivos
12663,Informados inconsistentes
8881,Ahorradores en desarrollo
12771,Ahorradores en desarrollo
9361,Informados inconsistentes
7821,Vulnerables reactivos
11798,Resilientes planificadores
7509,Ahorradores en desarrollo
9362,Vulnerables reactivos
12334,Resilientes planificadores
7257,Informados inconsistentes
10862,Ahorradores en desarrollo
8882,Informados inconsistentes
12136,Vulnerables reactivos
8883,Resilientes planificadores
9121,Resilientes planificadores
7945,Resilientes planificadores
12216,Resilientes planificadores
8660,Informados inconsistentes
9854,Resilientes planificadores
8085,Resilientes planificadores
13709,Informados inconsistentes
12887,Ahorradores en desarrollo
11592,Ahorradores en desarrollo
13976,Vulnerables reactivos
11189,Informados inconsistentes
12888,Ahorradores en desarrollo
10294,Resilientes planificadores
11695,Resilientes planificadores
12402,Ahorradores en desarrollo
11312,Ahorradores en desarrollo
13978,Ahorradores en desarrollo
13684,Vulnerables reactivos
7946,Informados inconsistentes
12500,Vulnerables reactivos
11799,Vulnerables reactivos
13354,Informados inconsistentes
8086,Vulnerables reactivos
13433,Informados inconsistentes
10066,Vulnerables reactivos
8087,Informados inconsistentes
13905,Resilientes planificadores
11899,Resilientes planificadores
13668,Vulnerables reactivos
9363,Ahorradores en desarrollo
8661,Resilientes planificadores
13093,Resilientes planificadores
11800,Resilientes planificadores
14024,Resilientes planificadores
11593,Vulnerables reactivos
9621,Informados inconsistentes
13817,Vulnerables reactivos
13324,Ahorradores en desarrollo
8662,Informados inconsistentes
11032,Ahorradores en desarrollo
8088,Resilientes planificadores
12586,Ahorradores en desarrollo
11033,Ahorradores en desarrollo
13319,Ahorradores en desarrollo
13734,Informados inconsistentes
9364,Resilientes planificadores
10067,Resilientes planificadores
7947,Vulnerables reactivos
9365,Resilientes planificadores
8253,Ahorradores en desarrollo
9122,Ahorradores en desarrollo
10863,Resilientes planificadores
7354,Ahorradores en desarrollo
11313,Vulnerables reactivos
11034,Ahorradores en desarrollo
13197,Informados inconsistentes
11696,Vulnerables reactivos
13209,Resilientes planificadores
8663,Vulnerables reactivos
13895,Vulnerables reactivos
12800,Vulnerables reactivos
12501,Resilientes planificadores
11986,Resilientes planificadores
10503,Informados inconsistentes
7511,Informados inconsistentes
8466,Informados inconsistentes
10068,Vulnerables reactivos
9856,Resilientes planificadores
10690,Ahorradores en desarrollo
13981,Ahorradores en desarrollo
11190,Resilientes planificadores
8254,Resilientes planificadores
8664,Resilientes planificadores
9857,Vulnerables reactivos
11697,Ahorradores en desarrollo
13134,Ahorradores en desarrollo
11035,Ahorradores en desarrollo
7258,Vulnerables reactivos
7355,Vulnerables reactivos
13409,Informados inconsistentes
9858,Ahorradores en desarrollo
12217,Vulnerables reactivos
13890,Resilientes planificadores
11314,Ahorradores en desarrollo
10069,Ahorradores en desarrollo
8467,Ahorradores en desarrollo
13887,Vulnerables reactivos
9622,Ahorradores en desarrollo
10070,Resilientes planificadores
11987,Ahorradores en desarrollo
9623,Ahorradores en desarrollo
10071,Ahorradores en desarrollo
10295,Resilientes planificadores
13694,Informados inconsistentes
8885,Vulnerables reactivos
11462,Vulnerables reactivos
9366,Ahorradores en desarrollo
9624,Resilientes planificadores
10072,Informados inconsistentes
9859,Ahorradores en desarrollo
7186,Vulnerables reactivos
7823,Resilientes planificadores
8665,Vulnerables reactivos
11594,Ahorradores en desarrollo
12278,Ahorradores en desarrollo
12502,Vulnerables reactivos
12137,Resilientes planificadores
9367,Resilientes planificadores
7949,Resilientes planificadores
12889,Informados inconsistentes
8255,Ahorradores en desarrollo
9368,Ahorradores en desarrollo
8256,Resilientes planificadores
11698,Vulnerables reactivos
10296,Ahorradores en desarrollo
7513,Vulnerables reactivos
7950,Ahorradores en desarrollo
8666,Informados inconsistentes
13737,Ahorradores en desarrollo
8257,Ahorradores en desarrollo
9123,Informados inconsistentes
9860,Informados inconsistentes
13655,Informados inconsistentes
7951,Ahorradores en desarrollo
12664,Vulnerables reactivos
9369,Ahorradores en desarrollo
11036,Ahorradores en desarrollo
13884,Informados inconsistentes
11463,Resilientes planificadores
13365,Informados inconsistentes
8886,Vulnerables reactivos
9370,Informados inconsistentes
10297,Vulnerables reactivos
10073,Resilientes planificadores
9124,Ahorradores en desarrollo
7824,Informados inconsistentes
11595,Ahorradores en desarrollo
10074,Informados inconsistentes
12279,Vulnerables reactivos
8089,Resilientes planificadores
12890,Resilientes planificadores
12823,Informados inconsistentes
9371,Vulnerables reactivos
7516,Informados inconsistentes
8468,Informados inconsistentes
13622,Resilientes planificadores
10075,Resilientes planificadores
11315,Ahorradores en desarrollo
8887,Resilientes planificadores
10504,Informados inconsistentes
8888,Resilientes planificadores
10864,Resilientes planificadores
13115,Vulnerables reactivos
12801,Vulnerables reactivos
12219,Informados inconsistentes
8469,Ahorradores en desarrollo
9862,Ahorradores en desarrollo
12335,Ahorradores en desarrollo
9125,Ahorradores en desarrollo
8470,Resilientes planificadores
10076,Informados inconsistentes
10692,Informados inconsistentes
12138,Informados inconsistentes
7518,Ahorradores en desarrollo
8667,Vulnerables reactivos
11316,Informados inconsistentes
11988,Vulnerables reactivos
12459,Resilientes planificadores
9863,Resilientes planificadores
13407,Vulnerables reactivos
12802,Ahorradores en desarrollo
9625,Ahorradores en desarrollo
13094,Ahorradores en desarrollo
13664,Resilientes planificadores
11317,Resilientes planificadores
10505,Vulnerables reactivos
8889,Resilientes planificadores
7952,Ahorradores en desarrollo
13544,Vulnerables reactivos
11191,Informados inconsistentes
12139,Ahorradores en desarrollo
9126,Ahorradores en desarrollo
7520,Ahorradores en desarrollo
12665,Informados inconsistentes
7356,Informados inconsistentes
11801,Vulnerables reactivos
11037,Resilientes planificadores
10865,Ahorradores en desarrollo
9626,Vulnerables reactivos
10866,Ahorradores en desarrollo
12891,Informados inconsistentes
12336,Resilientes planificadores
13867,Ahorradores en desarrollo
12737,Ahorradores en desarrollo
10693,Ahorradores en desarrollo
11700,Resilientes planificadores
13647,Vulnerables reactivos
10077,Ahorradores en desarrollo
14349,Informados inconsistentes
7304,Resilientes planificadores
10694,Ahorradores en desarrollo
12337,Ahorradores en desarrollo
8090,Resilientes planificadores
9864,Ahorradores en desarrollo
10695,Resilientes planificadores
8890,Informados inconsistentes
9865,Ahorradores en desarrollo
8091,Resilientes planificadores
12738,Ahorradores en desarrollo
12666,Resilientes planificadores
9866,Ahorradores en desarrollo
11596,Ahorradores en desarrollo
7953,Ahorradores en desarrollo
12071,Ahorradores en desarrollo
11038,Ahorradores en desarrollo
11039,Ahorradores en desarrollo
12915,Ahorradores en desarrollo
12772,Vulnerables reactivos
9867,Resilientes planificadores
12220,Resilientes planificadores
9627,Resilientes planificadores
13885,Vulnerables reactivos
13704,Ahorradores en desarrollo
11989,Vulnerables reactivos
13523,Vulnerables reactivos
13971,Informados inconsistentes
11193,Resilientes planificadores
13808,Informados inconsistentes
10696,Ahorradores en desarrollo
8891,Informados inconsistentes
9868,Ahorradores en desarrollo
12739,Ahorradores en desarrollo
11597,Vulnerables reactivos
13495,Resilientes planificadores
10299,Resilientes planificadores
9127,Ahorradores en desarrollo
9628,Ahorradores en desarrollo
13626,Ahorradores en desarrollo
8892,Resilientes planificadores
11464,Ahorradores en desarrollo
12550,Informados inconsistentes
8471,Vulnerables reactivos
11990,Ahorradores en desarrollo
13550,Resilientes planificadores
9869,Informados inconsistentes
10697,Resilientes planificadores
9870,Resilientes planificadores
8472,Ahorradores en desarrollo
12072,Resilientes planificadores
11701,Informados inconsistentes
12803,Informados inconsistentes
7217,Informados inconsistentes
8092,Resilientes planificadores
12140,Vulnerables reactivos
10300,Vulnerables reactivos
10079,Vulnerables reactivos
9629,Resilientes planificadores
13217,Informados inconsistentes
11802,Vulnerables reactivos
10867,Ahorradores en desarrollo
9128,Resilientes planificadores
10301,Informados inconsistentes
9871,Resilientes planificadores
13277,Ahorradores en desarrollo
13565,Ahorradores en desarrollo
11318,Vulnerables reactivos
13498,Ahorradores en desarrollo
13956,Vulnerables reactivos
7525,Resilientes planificadores
10080,Vulnerables reactivos
12588,Resilientes planificadores
7260,Informados inconsistentes
10868,Vulnerables reactivos
12892,Informados inconsistentes
11194,Vulnerables reactivos
8668,Resilientes planificadores
8669,Ahorradores en desarrollo
13177,Ahorradores en desarrollo
10698,Ahorradores en desarrollo
10506,Informados inconsistentes
10507,Vulnerables reactivos
7825,Resilientes planificadores
9630,Ahorradores en desarrollo
10699,Ahorradores en desarrollo
11195,Vulnerables reactivos
13587,Informados inconsistentes
12221,Vulnerables reactivos
11040,Vulnerables reactivos
11465,Resilientes planificadores
7826,Informados inconsistentes
9872,Vulnerables reactivos
9372,Vulnerables reactivos
10700,Ahorradores en desarrollo
11319,Informados inconsistentes
10081,Informados inconsistentes
9129,Informados inconsistentes
12280,Vulnerables reactivos
11466,Ahorradores en desarrollo
9130,Vulnerables reactivos
12281,Vulnerables reactivos
9631,Resilientes planificadores
9131,Ahorradores en desarrollo
9632,Vulnerables reactivos
7954,Informados inconsistentes
12222,Ahorradores en desarrollo
11196,Resilientes planificadores
12667,Vulnerables reactivos
13466,Informados inconsistentes
11467,Ahorradores en desarrollo
13186,Ahorradores en desarrollo
12461,Resilientes planificadores
13218,Informados inconsistentes
10869,Vulnerables reactivos
11197,Vulnerables reactivos
8893,Ahorradores en desarrollo
12700,Resilientes planificadores
10082,Resilientes planificadores
9633,Ahorradores en desarrollo
8258,Vulnerables reactivos
10508,Ahorradores en desarrollo
11198,Ahorradores en desarrollo
12141,Resilientes planificadores
11041,Ahorradores en desarrollo
9634,Vulnerables reactivos
7955,Ahorradores en desarrollo
12552,Resilientes planificadores
13756,Vulnerables reactivos
9873,Informados inconsistentes
11042,Resilientes planificadores
11320,Vulnerables reactivos
13814,Resilientes planificadores
8473,Ahorradores en desarrollo
11598,Informados inconsistentes
9132,Ahorradores en desarrollo
8894,Informados inconsistentes
11991,Ahorradores en desarrollo
12073,Resilientes planificadores
11702,Resilientes planificadores
8895,Ahorradores en desarrollo
12142,Vulnerables reactivos
12143,Ahorradores en desarrollo
9373,Ahorradores en desarrollo
12916,Ahorradores en desarrollo
11043,Vulnerables reactivos
11703,Resilientes planificadores
12074,Informados inconsistentes
13015,Resilientes planificadores
8670,Resilientes planificadores
13714,Resilientes planificadores
8671,Resilientes planificadores
7956,Informados inconsistentes
13521,Vulnerables reactivos
10302,Informados inconsistentes
12701,Ahorradores en desarrollo
11199,Resilientes planificadores
11200,Resilientes planificadores
12893,Ahorradores en desarrollo
8259,Ahorradores en desarrollo
8672,Ahorradores en desarrollo
9374,Ahorradores en desarrollo
9874,Resilientes planificadores
11468,Ahorradores en desarrollo
10702,Ahorradores en desarrollo
9133,Resilientes planificadores
13823,Informados inconsistentes
10303,Informados inconsistentes
8673,Informados inconsistentes
8474,Ahorradores en desarrollo
12403,Vulnerables reactivos
9375,Resilientes planificadores
9875,Ahorradores en desarrollo
10870,Ahorradores en desarrollo
13289,Resilientes planificadores
11469,Informados inconsistentes
7261,Informados inconsistentes
8260,Vulnerables reactivos
9376,Vulnerables reactivos
11992,Ahorradores en desarrollo
11044,Vulnerables reactivos
7829,Vulnerables reactivos
11045,Vulnerables reactivos
13561,Informados inconsistentes
13198,Ahorradores en desarrollo
8897,Vulnerables reactivos
13339,Informados inconsistentes
7957,Resilientes planificadores
8475,Ahorradores en desarrollo
10703,Informados inconsistentes
8261,Ahorradores en desarrollo
9134,Ahorradores en desarrollo
12404,Vulnerables reactivos
12283,Vulnerables reactivos
12841,Vulnerables reactivos
9377,Resilientes planificadores
13864,Ahorradores en desarrollo
12702,Resilientes planificadores
9378,Resilientes planificadores
10305,Ahorradores en desarrollo
7357,Vulnerables reactivos
9638,Resilientes planificadores
11803,Vulnerables reactivos
7307,Ahorradores en desarrollo
13265,Ahorradores en desarrollo
9876,Ahorradores en desarrollo
9877,Ahorradores en desarrollo
10871,Vulnerables reactivos
12144,Vulnerables reactivos
7187,Informados inconsistentes
7958,Ahorradores en desarrollo
12917,Informados inconsistentes
8262,Vulnerables reactivos
8899,Resilientes planificadores
9379,Vulnerables reactivos
11470,Informados inconsistentes
13396,Informados inconsistentes
12703,Resilientes planificadores
12284,Resilientes planificadores
8674,Resilientes planificadores
12503,Resilientes planificadores
12864,Informados inconsistentes
10083,Resilientes planificadores
8476,Resilientes planificadores
13162,Vulnerables reactivos
9135,Vulnerables reactivos
12983,Vulnerables reactivos
8477,Vulnerables reactivos
8264,Ahorradores en desarrollo
12405,Ahorradores en desarrollo
8900,Resilientes planificadores
9879,Resilientes planificadores
9136,Resilientes planificadores
12285,Informados inconsistentes
9137,Ahorradores en desarrollo
12918,Vulnerables reactivos
12894,Informados inconsistentes
12286,Resilientes planificadores
9880,Resilientes planificadores
10306,Resilientes planificadores
11321,Resilientes planificadores
12967,Resilientes planificadores
12075,Vulnerables reactivos
9881,Resilientes planificadores
11046,Ahorradores en desarrollo
9138,Informados inconsistentes
12952,Ahorradores en desarrollo
12741,Vulnerables reactivos
9380,Resilientes planificadores
7358,Vulnerables reactivos
9640,Resilientes planificadores
11599,Informados inconsistentes
8478,Informados inconsistentes
8479,Vulnerables reactivos
10704,Ahorradores en desarrollo
8901,Ahorradores en desarrollo
10509,Vulnerables reactivos
12627,Vulnerables reactivos
9381,Vulnerables reactivos
10084,Resilientes planificadores
8902,Informados inconsistentes
9384,Resilientes planificadores
13990,Informados inconsistentes
13689,Resilientes planificadores
9385,Resilientes planificadores
11322,Vulnerables reactivos
10307,Informados inconsistentes
11704,Vulnerables reactivos
8266,Resilientes planificadores
11323,Resilientes planificadores
7554,Ahorradores en desarrollo
11600,Vulnerables reactivos
13327,Resilientes planificadores
11601,Vulnerables reactivos
11993,Resilientes planificadores
10085,Resilientes planificadores
13681,Resilientes planificadores
9641,Ahorradores en desarrollo
13892,Ahorradores en desarrollo
11047,Resilientes planificadores
9140,Resilientes planificadores
11324,Resilientes planificadores
9386,Informados inconsistentes
7555,Resilientes planificadores
9642,Informados inconsistentes
9643,Informados inconsistentes
8480,Vulnerables reactivos
10086,Ahorradores en desarrollo
11804,Vulnerables reactivos
12287,Ahorradores en desarrollo
8676,Ahorradores en desarrollo
11994,Informados inconsistentes
11805,Ahorradores en desarrollo
10510,Ahorradores en desarrollo
11705,Resilientes planificadores
11706,Vulnerables reactivos
10705,Informados inconsistentes
8903,Ahorradores en desarrollo
12895,Vulnerables reactivos
11325,Ahorradores en desarrollo
9882,Informados inconsistentes
10706,Informados inconsistentes
11602,Resilientes planificadores
12462,Ahorradores en desarrollo
8268,Informados inconsistentes
13039,Resilientes planificadores
13304,Ahorradores en desarrollo
8677,Ahorradores en desarrollo
12628,Resilientes planificadores
13422,Informados inconsistentes
7559,Resilientes planificadores
11048,Ahorradores en desarrollo
9644,Ahorradores en desarrollo
13625,Informados inconsistentes
11603,Ahorradores en desarrollo
10511,Informados inconsistentes
12842,Resilientes planificadores
9387,Vulnerables reactivos
7833,Informados inconsistentes
11806,Informados inconsistentes
12825,Resilientes planificadores
13692,Resilientes planificadores
12223,Informados inconsistentes
11326,Ahorradores en desarrollo
11201,Ahorradores en desarrollo
9388,Informados inconsistentes
10087,Resilientes planificadores
12742,Informados inconsistentes
12076,Resilientes planificadores
12224,Resilientes planificadores
10512,Resilientes planificadores
12145,Ahorradores en desarrollo
10513,Ahorradores en desarrollo
10089,Ahorradores en desarrollo
8904,Ahorradores en desarrollo
7961,Resilientes planificadores
11202,Informados inconsistentes
12773,Ahorradores en desarrollo
11604,Ahorradores en desarrollo
12919,Ahorradores en desarrollo
12504,Ahorradores en desarrollo
12146,Informados inconsistentes
9141,Ahorradores en desarrollo
12743,Ahorradores en desarrollo
10872,Informados inconsistentes
13343,Resilientes planificadores
10873,Vulnerables reactivos
10874,Informados inconsistentes
9646,Resilientes planificadores
11902,Informados inconsistentes
10090,Vulnerables reactivos
11707,Resilientes planificadores
8678,Ahorradores en desarrollo
10309,Informados inconsistentes
8679,Vulnerables reactivos
8680,Informados inconsistentes
10091,Informados inconsistentes
12225,Resilientes planificadores
7962,Ahorradores en desarrollo
13516,Vulnerables reactivos
8481,Ahorradores en desarrollo
8681,Ahorradores en desarrollo
12288,Ahorradores en desarrollo
9389,Informados inconsistentes
13003,Resilientes planificadores
9648,Ahorradores en desarrollo
11605,Ahorradores en desarrollo
7308,Informados inconsistentes
13773,Ahorradores en desarrollo
13799,Ahorradores en desarrollo
11203,Resilientes planificadores
12920,Resilientes planificadores
10707,Vulnerables reactivos
10708,Ahorradores en desarrollo
13016,Informados inconsistentes
9390,Resilientes planificadores
8097,Resilientes planificadores
11049,Vulnerables reactivos
13377,Informados inconsistentes
12147,Informados inconsistentes
11050,Ahorradores en desarrollo
12340,Ahorradores en desarrollo
8905,Resilientes planificadores
11327,Ahorradores en desarrollo
8269,Vulnerables reactivos
7359,Informados inconsistentes
8906,Informados inconsistentes
13136,Ahorradores en desarrollo
14041,Resilientes planificadores
10514,Vulnerables reactivos
9649,Resilientes planificadores
12077,Ahorradores en desarrollo
12341,Ahorradores en desarrollo
11471,Ahorradores en desarrollo
10092,Resilientes planificadores
9883,Ahorradores en desarrollo
10311,Informados inconsistentes
8270,Resilientes planificadores
12148,Ahorradores en desarrollo
8482,Resilientes planificadores
13191,Resilientes planificadores
9650,Resilientes planificadores
8907,Resilientes planificadores
13759,Resilientes planificadores
11807,Ahorradores en desarrollo
12149,Ahorradores en desarrollo
12804,Resilientes planificadores
9884,Ahorradores en desarrollo
12629,Ahorradores en desarrollo
11808,Vulnerables reactivos
13620,Resilientes planificadores
13972,Informados inconsistentes
11204,Resilientes planificadores
8908,Informados inconsistentes
11051,Ahorradores en desarrollo
11995,Ahorradores en desarrollo
7963,Informados inconsistentes
11205,Vulnerables reactivos
12150,Ahorradores en desarrollo
14067,Ahorradores en desarrollo
8682,Ahorradores en desarrollo
10875,Ahorradores en desarrollo
8098,Resilientes planificadores
10876,Ahorradores en desarrollo
9652,Resilientes planificadores
9142,Informados inconsistentes
9391,Ahorradores en desarrollo
9653,Resilientes planificadores
14026,Informados inconsistentes
13743,Resilientes planificadores
9654,Ahorradores en desarrollo
7360,Resilientes planificadores
10709,Vulnerables reactivos
8099,Vulnerables reactivos
10093,Resilientes planificadores
11708,Vulnerables reactivos
9143,Ahorradores en desarrollo
12553,Informados inconsistentes
7262,Informados inconsistentes
8683,Informados inconsistentes
10312,Vulnerables reactivos
11206,Ahorradores en desarrollo
8483,Ahorradores en desarrollo
9655,Ahorradores en desarrollo
9392,Resilientes planificadores
13199,Ahorradores en desarrollo
12668,Resilientes planificadores
11472,Ahorradores en desarrollo
7964,Informados inconsistentes
11809,Informados inconsistentes
10877,Vulnerables reactivos
13463,Vulnerables reactivos
13894,Ahorradores en desarrollo
10515,Ahorradores en desarrollo
8271,Resilientes planificadores
10878,Resilientes planificadores
10879,Resilientes planificadores
8484,Vulnerables reactivos
10516,Ahorradores en desarrollo
10880,Vulnerables reactivos
10313,Vulnerables reactivos
11606,Ahorradores en desarrollo
12843,Ahorradores en desarrollo
9393,Ahorradores en desarrollo
10881,Informados inconsistentes
9656,Resilientes planificadores
13219,Ahorradores en desarrollo
9145,Vulnerables reactivos
11607,Vulnerables reactivos
12953,Ahorradores en desarrollo
10095,Informados inconsistentes
11608,Vulnerables reactivos
9885,Ahorradores en desarrollo
12554,Vulnerables reactivos
10710,Resilientes planificadores
9886,Ahorradores en desarrollo
13652,Informados inconsistentes
10517,Resilientes planificadores
10711,Vulnerables reactivos
8273,Ahorradores en desarrollo
8684,Ahorradores en desarrollo
11054,Informados inconsistentes
10518,Resilientes planificadores
12844,Resilientes planificadores
12151,Informados inconsistentes
7190,Ahorradores en desarrollo
11055,Resilientes planificadores
8274,Ahorradores en desarrollo
8909,Ahorradores en desarrollo
12826,Informados inconsistentes
12589,Vulnerables reactivos
11997,Resilientes planificadores
8910,Resilientes planificadores
13716,Vulnerables reactivos
12463,Informados inconsistentes
11207,Resilientes planificadores
9394,Resilientes planificadores
9657,Ahorradores en desarrollo
12464,Ahorradores en desarrollo
8102,Ahorradores en desarrollo
11998,Ahorradores en desarrollo
12289,Resilientes planificadores
9658,Vulnerables reactivos
10712,Resilientes planificadores
12505,Resilientes planificadores
11903,Resilientes planificadores
8276,Resilientes planificadores
13170,Resilientes planificadores
10882,Resilientes planificadores
11208,Resilientes planificadores
11209,Resilientes planificadores
9146,Informados inconsistentes
10519,Vulnerables reactivos
11056,Resilientes planificadores
11810,Ahorradores en desarrollo
11904,Vulnerables reactivos
10096,Ahorradores en desarrollo
11905,Resilientes planificadores
9395,Ahorradores en desarrollo
13849,Informados inconsistentes
12407,Vulnerables reactivos
9147,Ahorradores en desarrollo
12506,Ahorradores en desarrollo
12342,Informados inconsistentes
8911,Ahorradores en desarrollo
11811,Ahorradores en desarrollo
9888,Resilientes planificadores
9659,Informados inconsistentes
8277,Resilientes planificadores
12806,Resilientes planificadores
9889,Ahorradores en desarrollo
8912,Ahorradores en desarrollo
9890,Resilientes planificadores
8913,Ahorradores en desarrollo
10520,Resilientes planificadores
8914,Ahorradores en desarrollo
9148,Ahorradores en desarrollo
12507,Informados inconsistentes
12590,Ahorradores en desarrollo
11473,Informados inconsistentes
9660,Informados inconsistentes
9149,Ahorradores en desarrollo
12807,Informados inconsistentes
7968,Resilientes planificadores
13455,Ahorradores en desarrollo
9150,Informados inconsistentes
9661,Resilientes planificadores
13838,Ahorradores en desarrollo
11328,Informados inconsistentes
10713,Resilientes planificadores
11057,Vulnerables reactivos
10883,Vulnerables reactivos
11812,Informados inconsistentes
13680,Informados inconsistentes
13095,Informados inconsistentes
13723,Informados inconsistentes
10315,Ahorradores en desarrollo
10714,Vulnerables reactivos
9662,Ahorradores en desarrollo
11906,Informados inconsistentes
8486,Resilientes planificadores
10316,Informados inconsistentes
11609,Ahorradores en desarrollo
12226,Ahorradores en desarrollo
8915,Ahorradores en desarrollo
11709,Resilientes planificadores
9396,Ahorradores en desarrollo
11710,Vulnerables reactivos
10715,Informados inconsistentes
12630,Informados inconsistentes
9151,Ahorradores en desarrollo
12227,Resilientes planificadores
8916,Ahorradores en desarrollo
11711,Informados inconsistentes
8686,Informados inconsistentes
11813,Ahorradores en desarrollo
13153,Resilientes planificadores
11712,Informados inconsistentes
8278,Ahorradores en desarrollo
9397,Informados inconsistentes
10097,Ahorradores en desarrollo
8279,Resilientes planificadores
10521,Resilientes planificadores
14000,Vulnerables reactivos
8488,Informados inconsistentes
11474,Vulnerables reactivos
10716,Resilientes planificadores
8489,Vulnerables reactivos
8687,Ahorradores en desarrollo
12933,Ahorradores en desarrollo
13568,Vulnerables reactivos
13004,Informados inconsistentes
12000,Vulnerables reactivos
9398,Vulnerables reactivos
9664,Informados inconsistentes
13096,Resilientes planificadores
8490,Informados inconsistentes
9399,Informados inconsistentes
9152,Ahorradores en desarrollo
13137,Informados inconsistentes
13623,Ahorradores en desarrollo
13372,Ahorradores en desarrollo
12896,Vulnerables reactivos
9665,Vulnerables reactivos
7970,Informados inconsistentes
12555,Ahorradores en desarrollo
7309,Ahorradores en desarrollo
11476,Ahorradores en desarrollo
10098,Resilientes planificadores
8491,Ahorradores en desarrollo
8917,Resilientes planificadores
11713,Resilientes planificadores
11210,Ahorradores en desarrollo
9154,Vulnerables reactivos
11329,Informados inconsistentes
12985,Resilientes planificadores
10099,Informados inconsistentes
8918,Ahorradores en desarrollo
7836,Resilientes planificadores
11211,Vulnerables reactivos
12408,Resilientes planificadores
7971,Informados inconsistentes
11714,Ahorradores en desarrollo
13138,Informados inconsistentes
10717,Informados inconsistentes
10718,Ahorradores en desarrollo
9666,Informados inconsistentes
12508,Resilientes planificadores
11715,Vulnerables reactivos
12744,Resilientes planificadores
9891,Informados inconsistentes
11907,Vulnerables reactivos
13572,Vulnerables reactivos
8492,Resilientes planificadores
13583,Resilientes planificadores
10884,Vulnerables reactivos
9667,Resilientes planificadores
8280,Resilientes planificadores
13666,Resilientes planificadores
8493,Ahorradores en desarrollo
9668,Ahorradores en desarrollo
10319,Resilientes planificadores
8688,Informados inconsistentes
11908,Ahorradores en desarrollo
12078,Ahorradores en desarrollo
11330,Resilientes planificadores
13344,Resilientes planificadores
12845,Vulnerables reactivos
11058,Ahorradores en desarrollo
12509,Vulnerables reactivos
11814,Resilientes planificadores
10101,Informados inconsistentes
8919,Resilientes planificadores
13467,Ahorradores en desarrollo
13453,Ahorradores en desarrollo
12465,Resilientes planificadores
8494,Ahorradores en desarrollo
13333,Informados inconsistentes
13260,Ahorradores en desarrollo
8495,Ahorradores en desarrollo
11815,Resilientes planificadores
8103,Vulnerables reactivos
7620,Vulnerables reactivos
11331,Resilientes planificadores
8689,Ahorradores en desarrollo
11610,Ahorradores en desarrollo
9400,Ahorradores en desarrollo
9892,Vulnerables reactivos
8104,Resilientes planificadores
11332,Resilientes planificadores
12001,Informados inconsistentes
11333,Ahorradores en desarrollo
9893,Ahorradores en desarrollo
13325,Informados inconsistentes
11716,Informados inconsistentes
10523,Ahorradores en desarrollo
12079,Vulnerables reactivos
10320,Ahorradores en desarrollo
10524,Resilientes planificadores
13140,Vulnerables reactivos
11059,Vulnerables reactivos
8690,Resilientes planificadores
12669,Ahorradores en desarrollo
12343,Resilientes planificadores
11477,Vulnerables reactivos
12706,Resilientes planificadores
13326,Informados inconsistentes
11611,Resilientes planificadores
12808,Resilientes planificadores
12466,Informados inconsistentes
7362,Resilientes planificadores
13290,Informados inconsistentes
9401,Ahorradores en desarrollo
9155,Ahorradores en desarrollo
10102,Resilientes planificadores
10719,Vulnerables reactivos
8106,Informados inconsistentes
9894,Ahorradores en desarrollo
13812,Informados inconsistentes
11060,Vulnerables reactivos
13005,Ahorradores en desarrollo
10885,Resilientes planificadores
8496,Ahorradores en desarrollo
11334,Informados inconsistentes
12591,Informados inconsistentes
13040,Informados inconsistentes
8282,Vulnerables reactivos
12409,Vulnerables reactivos
12467,Informados inconsistentes
13220,Informados inconsistentes
10720,Informados inconsistentes
13266,Informados inconsistentes
12002,Ahorradores en desarrollo
9156,Resilientes planificadores
11612,Resilientes planificadores
9669,Vulnerables reactivos
11212,Ahorradores en desarrollo
12153,Ahorradores en desarrollo
13240,Resilientes planificadores
11335,Ahorradores en desarrollo
10721,Resilientes planificadores
12344,Vulnerables reactivos
10722,Resilientes planificadores
9895,Ahorradores en desarrollo
12003,Resilientes planificadores
9402,Informados inconsistentes
13006,Informados inconsistentes
12631,Vulnerables reactivos
8920,Resilientes planificadores
12897,Vulnerables reactivos
10103,Ahorradores en desarrollo
13700,Ahorradores en desarrollo
12510,Vulnerables reactivos
9157,Vulnerables reactivos
9158,Vulnerables reactivos
12468,Ahorradores en desarrollo
12865,Ahorradores en desarrollo
13041,Ahorradores en desarrollo
10321,Ahorradores en desarrollo
12707,Ahorradores en desarrollo
10322,Informados inconsistentes
12592,Resilientes planificadores
10104,Resilientes planificadores
11909,Vulnerables reactivos
8691,Informados inconsistentes
13391,Ahorradores en desarrollo
7974,Informados inconsistentes
12866,Ahorradores en desarrollo
10323,Informados inconsistentes
11213,Informados inconsistentes
9403,Ahorradores en desarrollo
11613,Ahorradores en desarrollo
12774,Resilientes planificadores
10324,Resilientes planificadores
8921,Informados inconsistentes
12154,Informados inconsistentes
7363,Resilientes planificadores
9404,Ahorradores en desarrollo
10325,Resilientes planificadores
11336,Ahorradores en desarrollo
10326,Ahorradores en desarrollo
10526,Ahorradores en desarrollo
11061,Resilientes planificadores
10886,Ahorradores en desarrollo
12080,Informados inconsistentes
9405,Informados inconsistentes
11910,Informados inconsistentes
8922,Ahorradores en desarrollo
9671,Resilientes planificadores
12557,Vulnerables reactivos
12081,Resilientes planificadores
10105,Resilientes planificadores
8497,Informados inconsistentes
10327,Ahorradores en desarrollo
13460,Vulnerables reactivos
11911,Resilientes planificadores
12290,Ahorradores en desarrollo
12968,Resilientes planificadores
13491,Ahorradores en desarrollo
11337,Ahorradores en desarrollo
10328,Ahorradores en desarrollo
9672,Resilientes planificadores
12954,Vulnerables reactivos
11912,Ahorradores en desarrollo
12745,Ahorradores en desarrollo
8923,Ahorradores en desarrollo
13765,Vulnerables reactivos
12921,Resilientes planificadores
8692,Ahorradores en desarrollo
8693,Informados inconsistentes
12775,Ahorradores en desarrollo
9406,Vulnerables reactivos
8924,Informados inconsistentes
11816,Resilientes planificadores
10723,Ahorradores en desarrollo
10329,Resilientes planificadores
9159,Ahorradores en desarrollo
12632,Ahorradores en desarrollo
13348,Resilientes planificadores
9161,Ahorradores en desarrollo
10724,Resilientes planificadores
10725,Resilientes planificadores
10726,Resilientes planificadores
12004,Vulnerables reactivos
11214,Ahorradores en desarrollo
9408,Resilientes planificadores
11338,Informados inconsistentes
12410,Resilientes planificadores
11339,Resilientes planificadores
13349,Ahorradores en desarrollo
10330,Vulnerables reactivos
10887,Informados inconsistentes
9897,Resilientes planificadores
11340,Informados inconsistentes
7976,Vulnerables reactivos
7649,Informados inconsistentes
7977,Informados inconsistentes
10331,Ahorradores en desarrollo
8283,Informados inconsistentes
13042,Informados inconsistentes
13178,Informados inconsistentes
8107,Vulnerables reactivos
10727,Ahorradores en desarrollo
12082,Informados inconsistentes
11817,Ahorradores en desarrollo
13435,Vulnerables reactivos
9674,Ahorradores en desarrollo
7654,Ahorradores en desarrollo
9409,Ahorradores en desarrollo
10888,Ahorradores en desarrollo
13084,Vulnerables reactivos
9162,Ahorradores en desarrollo
10527,Vulnerables reactivos
9410,Ahorradores en desarrollo
11478,Informados inconsistentes
11717,Informados inconsistentes
12776,Informados inconsistentes
8108,Informados inconsistentes
10107,Ahorradores en desarrollo
12005,Ahorradores en desarrollo
12291,Informados inconsistentes
11718,Informados inconsistentes
7162,Vulnerables reactivos
13685,Resilientes planificadores
9163,Ahorradores en desarrollo
10108,Resilientes planificadores
12633,Informados inconsistentes
8925,Ahorradores en desarrollo
10528,Ahorradores en desarrollo
11479,Vulnerables reactivos
12228,Vulnerables reactivos
11818,Vulnerables reactivos
8109,Ahorradores en desarrollo
8110,Vulnerables reactivos
9164,Resilientes planificadores
8694,Ahorradores en desarrollo
13597,Ahorradores en desarrollo
11913,Ahorradores en desarrollo
11062,Informados inconsistentes
10332,Ahorradores en desarrollo
10728,Ahorradores en desarrollo
12006,Vulnerables reactivos
11819,Vulnerables reactivos
12007,Ahorradores en desarrollo
8926,Resilientes planificadores
11480,Ahorradores en desarrollo
10110,Vulnerables reactivos
12083,Informados inconsistentes
10889,Resilientes planificadores
11481,Ahorradores en desarrollo
11063,Resilientes planificadores
11719,Resilientes planificadores
9898,Ahorradores en desarrollo
8498,Informados inconsistentes
12511,Resilientes planificadores
10729,Informados inconsistentes
12593,Vulnerables reactivos
8285,Vulnerables reactivos
11215,Ahorradores en desarrollo
10529,Ahorradores en desarrollo
10111,Ahorradores en desarrollo
10112,Vulnerables reactivos
11341,Informados inconsistentes
11482,Resilientes planificadores
10730,Ahorradores en desarrollo
11342,Ahorradores en desarrollo
9411,Informados inconsistentes
8927,Informados inconsistentes
10731,Vulnerables reactivos
9165,Informados inconsistentes
10890,Vulnerables reactivos
12867,Vulnerables reactivos
8695,Resilientes planificadores
10333,Informados inconsistentes
11343,Resilientes planificadores
9166,Vulnerables reactivos
13125,Resilientes planificadores
9412,Resilientes planificadores
8696,Resilientes planificadores
10732,Resilientes planificadores
10530,Informados inconsistentes
11344,Resilientes planificadores
9413,Vulnerables reactivos
13473,Vulnerables reactivos
13543,Informados inconsistentes
13426,Resilientes planificadores
8697,Ahorradores en desarrollo
14103,Ahorradores en desarrollo
13316,Informados inconsistentes
8286,Ahorradores en desarrollo
11064,Informados inconsistentes
10113,Ahorradores en desarrollo
11720,Ahorradores en desarrollo
13049,Resilientes planificadores
11820,Resilientes planificadores
8499,Informados inconsistentes
12345,Informados inconsistentes
9414,Resilientes planificadores
8928,Ahorradores en desarrollo
12594,Vulnerables reactivos
8698,Resilientes planificadores
10334,Resilientes planificadores
10733,Resilientes planificadores
12346,Ahorradores en desarrollo
9675,Ahorradores en desarrollo
13018,Vulnerables reactivos
11614,Resilientes planificadores
11483,Ahorradores en desarrollo
11345,Resilientes planificadores
8500,Vulnerables reactivos
10891,Informados inconsistentes
11484,Ahorradores en desarrollo
12084,Ahorradores en desarrollo
12347,Ahorradores en desarrollo
8929,Ahorradores en desarrollo
9899,Vulnerables reactivos
8501,Informados inconsistentes
9415,Vulnerables reactivos
10532,Vulnerables reactivos
8112,Informados inconsistentes
9167,Ahorradores en desarrollo
9416,Informados inconsistentes
10735,Ahorradores en desarrollo
12008,Vulnerables reactivos
11914,Resilientes planificadores
10114,Ahorradores en desarrollo
9676,Resilientes planificadores
10736,Resilientes planificadores
10335,Ahorradores en desarrollo
10336,Resilientes planificadores
8502,Informados inconsistentes
9900,Ahorradores en desarrollo
10533,Ahorradores en desarrollo
12411,Ahorradores en desarrollo
8503,Resilientes planificadores
13117,Resilientes planificadores
10893,Vulnerables reactivos
10737,Resilientes planificadores
11915,Informados inconsistentes
12292,Informados inconsistentes
13141,Vulnerables reactivos
8504,Resilientes planificadores
9168,Ahorradores en desarrollo
9901,Informados inconsistentes
10337,Ahorradores en desarrollo
10894,Resilientes planificadores
8288,Resilientes planificadores
11065,Resilientes planificadores
12009,Vulnerables reactivos
12898,Vulnerables reactivos
12229,Vulnerables reactivos
12512,Resilientes planificadores
10534,Resilientes planificadores
12155,Ahorradores en desarrollo
12085,Ahorradores en desarrollo
12513,Informados inconsistentes
8930,Ahorradores en desarrollo
11485,Informados inconsistentes
13200,Ahorradores en desarrollo
10338,Informados inconsistentes
11066,Ahorradores en desarrollo
10535,Ahorradores en desarrollo
10115,Resilientes planificadores
13400,Resilientes planificadores
13066,Ahorradores en desarrollo
13839,Resilientes planificadores
9169,Ahorradores en desarrollo
12955,Vulnerables reactivos
8505,Resilientes planificadores
12348,Ahorradores en desarrollo
12670,Resilientes planificadores
11067,Ahorradores en desarrollo
12156,Informados inconsistentes
12956,Informados inconsistentes
9678,Informados inconsistentes
8113,Vulnerables reactivos
12412,Vulnerables reactivos
10536,Ahorradores en desarrollo
10895,Resilientes planificadores
11486,Ahorradores en desarrollo
11916,Ahorradores en desarrollo
12827,Informados inconsistentes
8506,Informados inconsistentes
13950,Ahorradores en desarrollo
7979,Resilientes planificadores
12595,Vulnerables reactivos
10117,Informados inconsistentes
13050,Resilientes planificadores
9417,Resilientes planificadores
9902,Resilientes planificadores
14059,Informados inconsistentes
8932,Resilientes planificadores
9903,Ahorradores en desarrollo
14189,Informados inconsistentes
12671,Vulnerables reactivos
13298,Ahorradores en desarrollo
9904,Resilientes planificadores
10537,Ahorradores en desarrollo
11068,Ahorradores en desarrollo
10339,Vulnerables reactivos
7220,Vulnerables reactivos
12828,Ahorradores en desarrollo
9418,Resilientes planificadores
7980,Vulnerables reactivos
8507,Resilientes planificadores
12349,Resilientes planificadores
7364,Vulnerables reactivos
13210,Ahorradores en desarrollo
11069,Resilientes planificadores
12470,Resilientes planificadores
11917,Vulnerables reactivos
10118,Resilientes planificadores
13397,Vulnerables reactivos
8699,Ahorradores en desarrollo
7981,Informados inconsistentes
9171,Ahorradores en desarrollo
11615,Ahorradores en desarrollo
14199,Ahorradores en desarrollo
11487,Ahorradores en desarrollo
7194,Informados inconsistentes
13757,Resilientes planificadores
13893,Resilientes planificadores
8934,Informados inconsistentes
7195,Informados inconsistentes
12986,Informados inconsistentes
11721,Resilientes planificadores
8289,Vulnerables reactivos
13074,Vulnerables reactivos
7365,Vulnerables reactivos
9419,Informados inconsistentes
9420,Informados inconsistentes
9172,Informados inconsistentes
8935,Informados inconsistentes
12350,Resilientes planificadores
14052,Informados inconsistentes
12809,Informados inconsistentes
13311,Resilientes planificadores
13043,Informados inconsistentes
7196,Vulnerables reactivos
10738,Ahorradores en desarrollo
8936,Resilientes planificadores
10896,Informados inconsistentes
7366,Ahorradores en desarrollo
12846,Ahorradores en desarrollo
14086,Ahorradores en desarrollo
12829,Vulnerables reactivos
10340,Informados inconsistentes
10897,Informados inconsistentes
9421,Informados inconsistentes
13395,Resilientes planificadores
10898,Ahorradores en desarrollo
11488,Resilientes planificadores
10739,Informados inconsistentes
11070,Ahorradores en desarrollo
10538,Resilientes planificadores
7983,Ahorradores en desarrollo
14117,Informados inconsistentes
9422,Ahorradores en desarrollo
13075,Informados inconsistentes
13282,Vulnerables reactivos
12293,Informados inconsistentes
14025,Ahorradores en desarrollo
13019,Ahorradores en desarrollo
7164,Informados inconsistentes
14020,Resilientes planificadores
9173,Informados inconsistentes
10899,Informados inconsistentes
9679,Informados inconsistentes
11071,Ahorradores en desarrollo
7367,Vulnerables reactivos
12351,Informados inconsistentes
10119,Vulnerables reactivos
7984,Informados inconsistentes
9905,Resilientes planificadores
14089,Vulnerables reactivos
14133,Resilientes planificadores
7985,Vulnerables reactivos
13851,Ahorradores en desarrollo
11216,Vulnerables reactivos
7311,Informados inconsistentes
7696,Informados inconsistentes
12413,Informados inconsistentes
13630,Resilientes planificadores
10539,Vulnerables reactivos
12294,Ahorradores en desarrollo
8115,Informados inconsistentes
13261,Resilientes planificadores
8290,Vulnerables reactivos
9174,Ahorradores en desarrollo
13496,Informados inconsistentes
12847,Informados inconsistentes
12295,Ahorradores en desarrollo
14060,Ahorradores en desarrollo
12157,Informados inconsistentes
14043,Ahorradores en desarrollo
12158,Informados inconsistentes
12558,Resilientes planificadores
8937,Informados inconsistentes
11821,Informados inconsistentes
10740,Vulnerables reactivos
14121,Informados inconsistentes
14200,Vulnerables reactivos
13987,Ahorradores en desarrollo
12672,Resilientes planificadores
10741,Resilientes planificadores
14038,Informados inconsistentes
8116,Ahorradores en desarrollo
9906,Ahorradores en desarrollo
8938,Vulnerables reactivos
12414,Vulnerables reactivos
14106,Vulnerables reactivos
8939,Informados inconsistentes
10341,Resilientes planificadores
11072,Resilientes planificadores
11918,Resilientes planificadores
8701,Ahorradores en desarrollo
8117,Informados inconsistentes
12848,Informados inconsistentes
11348,Ahorradores en desarrollo
14039,Resilientes planificadores
13993,Informados inconsistentes
7986,Vulnerables reactivos
9680,Ahorradores en desarrollo
12746,Ahorradores en desarrollo
12969,Vulnerables reactivos
8291,Vulnerables reactivos
9423,Informados inconsistentes
10900,Vulnerables reactivos
13221,Informados inconsistentes
8118,Ahorradores en desarrollo
10342,Resilientes planificadores
14137,Informados inconsistentes
14205,Ahorradores en desarrollo
12515,Informados inconsistentes
12010,Vulnerables reactivos
13639,Vulnerables reactivos
7368,Informados inconsistentes
10120,Vulnerables reactivos
11822,Informados inconsistentes
11489,Vulnerables reactivos
12231,Informados inconsistentes
14077,Informados inconsistentes
7369,Resilientes planificadores
9681,Resilientes planificadores
7699,Resilientes planificadores
9682,Resilientes planificadores
12777,Informados inconsistentes
12634,Informados inconsistentes
7845,Vulnerables reactivos
11919,Informados inconsistentes
12958,Ahorradores en desarrollo
13528,Ahorradores en desarrollo
13126,Ahorradores en desarrollo
14184,Ahorradores en desarrollo
11217,Ahorradores en desarrollo
13547,Informados inconsistentes
11823,Informados inconsistentes
12296,Informados inconsistentes
8508,Informados inconsistentes
7312,Informados inconsistentes
13097,Ahorradores en desarrollo
9424,Informados inconsistentes
8292,Ahorradores en desarrollo
10901,Informados inconsistentes
13305,Informados inconsistentes
12011,Informados inconsistentes
11490,Vulnerables reactivos
12232,Informados inconsistentes
12747,Informados inconsistentes
10121,Ahorradores en desarrollo
12086,Ahorradores en desarrollo
9425,Resilientes planificadores
12849,Ahorradores en desarrollo
11824,Vulnerables reactivos
10742,Informados inconsistentes
11491,Vulnerables reactivos
10540,Ahorradores en desarrollo
7313,Informados inconsistentes
12596,Ahorradores en desarrollo
10743,Vulnerables reactivos
12087,Informados inconsistentes
13738,Ahorradores en desarrollo
14179,Informados inconsistentes
12415,Ahorradores en desarrollo
11825,Ahorradores en desarrollo
7846,Informados inconsistentes
11349,Informados inconsistentes
12516,Vulnerables reactivos
11218,Vulnerables reactivos
7370,Informados inconsistentes
13988,Ahorradores en desarrollo
13423,Vulnerables reactivos
13421,Resilientes planificadores
13564,Resilientes planificadores
13450,Informados inconsistentes
13740,Ahorradores en desarrollo
11826,Ahorradores en desarrollo
10744,Resilientes planificadores
11219,Vulnerables reactivos
13192,Vulnerables reactivos
10745,Informados inconsistentes
9683,Informados inconsistentes
13952,Informados inconsistentes
12233,Resilientes planificadores
10343,Vulnerables reactivos
12850,Ahorradores en desarrollo
12471,Vulnerables reactivos
13938,Vulnerables reactivos
13254,Informados inconsistentes
12088,Ahorradores en desarrollo
11616,Ahorradores en desarrollo
7264,Ahorradores en desarrollo
10746,Informados inconsistentes
13861,Informados inconsistentes
12708,Informados inconsistentes
7847,Ahorradores en desarrollo
8703,Ahorradores en desarrollo
8509,Ahorradores en desarrollo
12810,Ahorradores en desarrollo
11920,Ahorradores en desarrollo
11617,Informados inconsistentes
13380,Ahorradores en desarrollo
11073,Ahorradores en desarrollo
13306,Vulnerables reactivos
13807,Informados inconsistentes
13859,Informados inconsistentes
12089,Informados inconsistentes
8704,Resilientes planificadores
12987,Informados inconsistentes
12012,Ahorradores en desarrollo
12416,Ahorradores en desarrollo
13776,Resilientes planificadores
7265,Ahorradores en desarrollo
9426,Resilientes planificadores
13193,Ahorradores en desarrollo
12090,Vulnerables reactivos
12517,Informados inconsistentes
10543,Vulnerables reactivos
9175,Resilientes planificadores
13642,Vulnerables reactivos
8119,Vulnerables reactivos
10122,Vulnerables reactivos
9909,Resilientes planificadores
13442,Informados inconsistentes
14062,Informados inconsistentes
10747,Informados inconsistentes
9910,Ahorradores en desarrollo
11921,Vulnerables reactivos
12988,Informados inconsistentes
7222,Ahorradores en desarrollo
13794,Resilientes planificadores
10902,Informados inconsistentes
12851,Informados inconsistentes
13044,Informados inconsistentes
10344,Vulnerables reactivos
12778,Vulnerables reactivos
10748,Vulnerables reactivos
12091,Ahorradores en desarrollo
12159,Informados inconsistentes
8294,Ahorradores en desarrollo
8705,Vulnerables reactivos
9176,Resilientes planificadores
13848,Vulnerables reactivos
12472,Ahorradores en desarrollo
14170,Informados inconsistentes
13789,Vulnerables reactivos
9911,Ahorradores en desarrollo
9177,Vulnerables reactivos
7710,Resilientes planificadores
8510,Resilientes planificadores
8940,Ahorradores en desarrollo
8511,Ahorradores en desarrollo
12160,Vulnerables reactivos
11722,Ahorradores en desarrollo
13533,Resilientes planificadores
11350,Vulnerables reactivos
11074,Ahorradores en desarrollo
11351,Ahorradores en desarrollo
12673,Ahorradores en desarrollo
13098,Informados inconsistentes
11492,Ahorradores en desarrollo
10544,Vulnerables reactivos
14017,Vulnerables reactivos
12013,Ahorradores en desarrollo
10903,Vulnerables reactivos
11723,Ahorradores en desarrollo
9427,Resilientes planificadores
13941,Ahorradores en desarrollo
9178,Vulnerables reactivos
7989,Informados inconsistentes
11827,Vulnerables reactivos
8512,Informados inconsistentes
13337,Vulnerables reactivos
14081,Resilientes planificadores
14053,Informados inconsistentes
11352,Resilientes planificadores
13424,Resilientes planificadores
10904,Ahorradores en desarrollo
12748,Ahorradores en desarrollo
13179,Ahorradores en desarrollo
10545,Ahorradores en desarrollo
10345,Resilientes planificadores
13994,Informados inconsistentes
13328,Ahorradores en desarrollo
10546,Ahorradores en desarrollo
13912,Informados inconsistentes
12473,Ahorradores en desarrollo
12092,Vulnerables reactivos
14122,Vulnerables reactivos
7371,Informados inconsistentes
13291,Vulnerables reactivos
10749,Informados inconsistentes
10905,Informados inconsistentes
12749,Informados inconsistentes
13242,Ahorradores en desarrollo
10346,Resilientes planificadores
12635,Vulnerables reactivos
8296,Vulnerables reactivos
13142,Vulnerables reactivos
12161,Ahorradores en desarrollo
11725,Vulnerables reactivos
13317,Resilientes planificadores
13345,Resilientes planificadores
10750,Ahorradores en desarrollo
13127,Vulnerables reactivos
13899,Resilientes planificadores
13143,Informados inconsistentes
11493,Vulnerables reactivos
8941,Informados inconsistentes
13534,Ahorradores en desarrollo
7990,Ahorradores en desarrollo
13128,Resilientes planificadores
12559,Ahorradores en desarrollo
11828,Informados inconsistentes
11075,Vulnerables reactivos
11076,Informados inconsistentes
10347,Informados inconsistentes
11494,Informados inconsistentes
12750,Informados inconsistentes
10123,Informados inconsistentes
13429,Ahorradores en desarrollo
13951,Resilientes planificadores
13020,Informados inconsistentes
10751,Informados inconsistentes
13997,Informados inconsistentes
13751,Ahorradores en desarrollo
12093,Informados inconsistentes
13924,Ahorradores en desarrollo
12234,Vulnerables reactivos
13970,Informados inconsistentes
8706,Ahorradores en desarrollo
10348,Ahorradores en desarrollo
11495,Informados inconsistentes
12094,Vulnerables reactivos
13366,Informados inconsistentes
7992,Ahorradores en desarrollo
10752,Resilientes planificadores
10349,Resilientes planificadores
11618,Resilientes planificadores
12971,Informados inconsistentes
13927,Informados inconsistentes
10753,Vulnerables reactivos
7140,Informados inconsistentes
8942,Informados inconsistentes
10547,Informados inconsistentes
9428,Ahorradores en desarrollo
9912,Ahorradores en desarrollo
10124,Informados inconsistentes
13129,Vulnerables reactivos
13103,Vulnerables reactivos
8297,Vulnerables reactivos
13998,Ahorradores en desarrollo
9429,Ahorradores en desarrollo
13578,Ahorradores en desarrollo
12972,Ahorradores en desarrollo
10906,Resilientes planificadores
12474,Ahorradores en desarrollo
12636,Ahorradores en desarrollo
14019,Informados inconsistentes
11077,Informados inconsistentes
7372,Informados inconsistentes
7723,Ahorradores en desarrollo
12674,Informados inconsistentes
8513,Informados inconsistentes
13222,Vulnerables reactivos
7849,Vulnerables reactivos
11078,Vulnerables reactivos
12095,Resilientes planificadores
11922,Informados inconsistentes
10907,Vulnerables reactivos
12353,Vulnerables reactivos
13312,Ahorradores en desarrollo
8707,Ahorradores en desarrollo
12637,Ahorradores en desarrollo
8708,Vulnerables reactivos
13939,Informados inconsistentes
12709,Ahorradores en desarrollo
9914,Vulnerables reactivos
12959,Informados inconsistentes
13329,Informados inconsistentes
13171,Vulnerables reactivos
10754,Ahorradores en desarrollo
8120,Ahorradores en desarrollo
13443,Informados inconsistentes
13569,Informados inconsistentes
11497,Resilientes planificadores
11829,Vulnerables reactivos
8944,Informados inconsistentes
9684,Resilientes planificadores
11498,Ahorradores en desarrollo
13477,Resilientes planificadores
12779,Ahorradores en desarrollo
12297,Ahorradores en desarrollo
13488,Vulnerables reactivos
10125,Ahorradores en desarrollo
12868,Ahorradores en desarrollo
9685,Ahorradores en desarrollo
13471,Vulnerables reactivos
11619,Vulnerables reactivos
11923,Informados inconsistentes
10755,Ahorradores en desarrollo
9430,Resilientes planificadores
13231,Vulnerables reactivos
13085,Informados inconsistentes
11830,Resilientes planificadores
9431,Informados inconsistentes
13144,Resilientes planificadores
11620,Informados inconsistentes
11220,Ahorradores en desarrollo
13118,Informados inconsistentes
8709,Ahorradores en desarrollo
8515,Ahorradores en desarrollo
8516,Vulnerables reactivos
