PUF_ID,FWBscore,FSscore,SUBKNOWL1,FINGOALS,SAVEHABIT,LMscore,ABSORBSHOCK,SCFHORIZON,SELFCONTROL_1,PPINCIMP,finalwt
10350,55.0,44.0,5.0,1.0,4.0,3.0,4.0,3.0,2.0,7.0,0.367291877597199
7740,51.0,43.0,5.0,0.0,1.0,3.0,3.0,3.0,2.0,6.0,1.32756071178087
13699,49.0,42.0,5.0,1.0,5.0,3.0,4.0,4.0,3.0,6.0,0.835155811914691
7267,49.0,42.0,,,4.0,2.0,,,,8.0,1.410871002025
7375,49.0,42.0,4.0,1.0,4.0,1.0,2.0,3.0,3.0,7.0,4.26066814335885
10910,67.0,57.0,6.0,1.0,4.0,3.0,4.0,1.0,1.0,7.0,0.760060876128717
11079,51.0,54.0,5.0,1.0,5.0,3.0,4.0,3.0,1.0,7.0,1.37052173967805
7741,47.0,35.0,4.0,0.0,2.0,3.0,1.0,2.0,3.0,4.0,1.19336506580727
8303,43.0,58.0,4.0,0.0,4.0,2.0,3.0,3.0,4.0,7.0,2.49783836057458
9688,58.0,42.0,4.0,1.0,5.0,3.0,4.0,4.0,2.0,8.0,1.26660232912984
13180,78.0,66.0,5.0,1.0,6.0,2.0,4.0,5.0,2.0,6.0,0.9379121198635552
10127,62.0,57.0,5.0,1.0,5.0,3.0,4.0,4.0,2.0,8.0,0.745163109450516
7852,50.0,49.0,5.0,1.0,5.0,2.0,3.0,1.0,2.0,3.0,1.29257634075048
7376,40.0,30.0,1.0,0.0,1.0,3.0,1.0,5.0,1.0,9.0,1.14093362145229
8304,61.0,71.0,7.0,1.0,6.0,3.0,4.0,5.0,1.0,9.0,0.810600275696189
11726,69.0,48.0,4.0,0.0,5.0,3.0,4.0,4.0,1.0,2.0,4.28398465368331
11221,37.0,32.0,4.0,1.0,2.0,1.0,1.0,1.0,3.0,1.0,1.02519171409611
8121,52.0,40.0,5.0,1.0,2.0,2.0,3.0,2.0,3.0,3.0,1.04518051687367
8122,69.0,50.0,7.0,0.0,5.0,2.0,4.0,5.0,3.0,9.0,0.49505346992289
12990,67.0,79.0,7.0,1.0,4.0,1.0,4.0,2.0,1.0,2.0,0.86699943390379
10548,40.0,38.0,3.0,1.0,4.0,2.0,4.0,2.0,2.0,8.0,1.30150653538086
13389,51.0,41.0,5.0,,4.0,2.0,3.0,3.0,2.0,6.0,1.1633208868472
10351,61.0,54.0,5.0,1.0,5.0,3.0,4.0,5.0,2.0,8.0,0.450493754246585
13255,37.0,49.0,4.0,1.0,1.0,3.0,2.0,3.0,2.0,4.0,1.04433916723361
7853,47.0,75.0,4.0,1.0,6.0,2.0,,2.0,2.0,8.0,1.57280372533545
12675,64.0,68.0,6.0,1.0,4.0,3.0,4.0,3.0,1.0,7.0,0.369339629236367
11353,80.0,51.0,6.0,0.0,5.0,3.0,4.0,4.0,3.0,8.0,0.389242114325975
9433,63.0,50.0,5.0,1.0,6.0,2.0,4.0,3.0,1.0,7.0,0.828111178683571
12518,52.0,61.0,5.0,1.0,4.0,3.0,4.0,2.0,1.0,6.0,1.08934450393574
10549,62.0,48.0,5.0,0.0,4.0,2.0,4.0,2.0,2.0,6.0,0.616246170526686
8518,40.0,31.0,2.0,0.0,4.0,2.0,,4.0,3.0,1.0,1.03844687194095
11727,33.0,35.0,2.0,1.0,3.0,3.0,1.0,1.0,3.0,2.0,1.01016772555133
10911,45.0,42.0,5.0,1.0,2.0,3.0,2.0,4.0,1.0,7.0,1.51550699282138
8945,33.0,37.0,4.0,1.0,2.0,1.0,2.0,1.0,2.0,3.0,1.49569506017047
11354,54.0,51.0,5.0,1.0,6.0,3.0,3.0,1.0,2.0,1.0,0.639515233996807
12162,39.0,28.0,3.0,0.0,3.0,2.0,1.0,4.0,3.0,8.0,0.790106185384546
7854,56.0,50.0,5.0,0.0,2.0,3.0,3.0,2.0,3.0,6.0,1.32756071178087
11080,38.0,43.0,5.0,0.0,2.0,2.0,1.0,1.0,1.0,2.0,0.698364427747352
10757,77.0,57.0,6.0,1.0,6.0,3.0,4.0,5.0,1.0,9.0,0.641699028519133
10758,57.0,76.0,6.0,1.0,6.0,3.0,4.0,5.0,2.0,8.0,0.57682275648546
10128,71.0,61.0,5.0,0.0,2.0,2.0,4.0,2.0,2.0,9.0,0.632409533026282
12639,76.0,70.0,6.0,1.0,6.0,3.0,4.0,5.0,1.0,3.0,0.419506524917905
14399,52.0,60.0,5.0,1.0,4.0,3.0,4.0,4.0,2.0,7.0,0.54864857412814
10352,51.0,39.0,5.0,1.0,3.0,2.0,4.0,3.0,2.0,3.0,0.940052335571398
12163,30.0,61.0,5.0,1.0,2.0,3.0,4.0,1.0,3.0,5.0,0.603385559440927
10353,60.0,40.0,4.0,1.0,3.0,3.0,1.0,4.0,2.0,4.0,1.43573574517989
12676,34.0,60.0,,0.0,3.0,3.0,4.0,1.0,3.0,2.0,0.801111926963704
8305,76.0,55.0,5.0,0.0,5.0,3.0,4.0,5.0,2.0,8.0,0.242529596904614
9182,50.0,43.0,4.0,1.0,3.0,3.0,3.0,1.0,3.0,4.0,0.647300589645439
8946,47.0,43.0,5.0,0.0,2.0,3.0,4.0,1.0,2.0,6.0,1.39218055130005
14079,37.0,27.0,4.0,1.0,2.0,2.0,1.0,1.0,3.0,3.0,0.401878392774751
13243,71.0,64.0,6.0,1.0,6.0,3.0,4.0,4.0,2.0,8.0,1.1376525284446
9183,47.0,49.0,5.0,1.0,5.0,1.0,3.0,4.0,1.0,6.0,1.20467658499842
12560,43.0,55.0,6.0,1.0,5.0,3.0,,3.0,2.0,9.0,0.997541024870394
11222,50.0,41.0,5.0,1.0,4.0,3.0,3.0,2.0,3.0,3.0,0.364615053491857
11081,59.0,53.0,5.0,1.0,6.0,3.0,4.0,4.0,1.0,5.0,0.436351467611519
8947,61.0,56.0,5.0,1.0,6.0,3.0,4.0,4.0,2.0,7.0,0.423707038930437
8306,69.0,64.0,6.0,1.0,6.0,3.0,4.0,4.0,1.0,9.0,0.655304600164212
9915,70.0,58.0,6.0,1.0,5.0,3.0,4.0,3.0,3.0,9.0,3.82626611156844
8712,42.0,45.0,5.0,0.0,4.0,3.0,1.0,3.0,1.0,7.0,1.54724225368128
12710,73.0,53.0,5.0,0.0,5.0,3.0,4.0,4.0,2.0,7.0,0.495238483924799
10129,62.0,55.0,5.0,1.0,5.0,3.0,4.0,4.0,2.0,9.0,0.49505346992289
11082,62.0,55.0,4.0,1.0,6.0,3.0,4.0,5.0,1.0,7.0,0.455829022142875
12298,52.0,56.0,4.0,1.0,6.0,3.0,4.0,4.0,2.0,6.0,0.603385559440927
10759,63.0,61.0,6.0,1.0,5.0,3.0,4.0,4.0,2.0,8.0,0.448713642969729
9184,50.0,51.0,4.0,1.0,6.0,2.0,2.0,4.0,2.0,9.0,1.61249326308834
8713,56.0,49.0,5.0,1.0,6.0,3.0,4.0,3.0,1.0,6.0,0.684493808739054
9434,50.0,43.0,4.0,1.0,5.0,2.0,4.0,3.0,2.0,5.0,1.85399741826842
10912,59.0,44.0,5.0,1.0,6.0,2.0,4.0,1.0,2.0,6.0,0.722908109089772
10130,50.0,41.0,5.0,0.0,5.0,3.0,4.0,5.0,2.0,9.0,0.784031581495481
8308,86.0,79.0,6.0,1.0,6.0,3.0,4.0,5.0,1.0,3.0,0.715695805252286
10550,50.0,37.0,4.0,1.0,4.0,3.0,3.0,1.0,2.0,5.0,0.279866573378557
8714,56.0,44.0,4.0,1.0,6.0,3.0,4.0,4.0,1.0,8.0,0.9368592923935312
7314,59.0,61.0,6.0,1.0,6.0,3.0,4.0,3.0,2.0,8.0,1.53169583030125
14099,81.0,64.0,5.0,0.0,5.0,3.0,4.0,4.0,1.0,9.0,0.478042815117411
7315,43.0,47.0,5.0,1.0,5.0,3.0,4.0,5.0,2.0,9.0,1.3312002072243
12751,31.0,55.0,4.0,1.0,4.0,1.0,1.0,2.0,1.0,3.0,1.90340950049395
11499,52.0,48.0,5.0,1.0,5.0,3.0,4.0,4.0,1.0,9.0,0.986328867452414
8309,49.0,37.0,,0.0,5.0,3.0,,4.0,3.0,4.0,0.597089468668002
8948,83.0,60.0,5.0,0.0,5.0,2.0,4.0,4.0,2.0,9.0,0.739390976800788
11223,70.0,67.0,5.0,1.0,6.0,3.0,4.0,4.0,2.0,8.0,0.721637536684555
14078,72.0,57.0,6.0,0.0,6.0,3.0,4.0,3.0,2.0,7.0,0.520903605569945
10551,55.0,55.0,5.0,1.0,5.0,3.0,4.0,3.0,1.0,9.0,0.995267991212858
7994,59.0,58.0,6.0,1.0,6.0,3.0,4.0,3.0,1.0,6.0,0.548739943332194
8949,67.0,51.0,5.0,1.0,5.0,3.0,4.0,5.0,3.0,8.0,0.566148813903296
7995,26.0,79.0,6.0,0.0,6.0,1.0,2.0,2.0,4.0,1.0,0.921602177690402
10552,55.0,42.0,5.0,1.0,5.0,2.0,4.0,2.0,3.0,8.0,0.428786760176607
11224,86.0,77.0,7.0,1.0,6.0,3.0,4.0,3.0,1.0,9.0,0.282244018382077
8519,78.0,46.0,5.0,1.0,6.0,3.0,4.0,4.0,2.0,8.0,0.604178082510975
7225,66.0,59.0,4.0,1.0,6.0,3.0,4.0,5.0,2.0,9.0,2.58793287617954
9916,62.0,46.0,4.0,,5.0,3.0,4.0,3.0,3.0,4.0,0.637269085368631
11225,62.0,56.0,5.0,1.0,6.0,3.0,4.0,4.0,2.0,9.0,0.944791046346529
10131,47.0,42.0,4.0,0.0,4.0,3.0,3.0,5.0,2.0,5.0,1.85399741826842
9435,72.0,64.0,5.0,0.0,5.0,3.0,4.0,5.0,1.0,3.0,0.658213625678349
8715,50.0,41.0,5.0,1.0,6.0,3.0,3.0,5.0,1.0,9.0,0.88786060698818
11226,77.0,57.0,6.0,1.0,5.0,3.0,4.0,1.0,1.0,2.0,1.07073369694541
13232,67.0,62.0,5.0,1.0,6.0,2.0,4.0,4.0,1.0,8.0,0.646888631698657
11925,40.0,32.0,2.0,1.0,1.0,3.0,2.0,1.0,2.0,8.0,0.995635521177333
8310,61.0,48.0,4.0,0.0,4.0,2.0,4.0,5.0,1.0,8.0,1.01586300296498
11831,59.0,59.0,5.0,1.0,3.0,1.0,,4.0,2.0,6.0,1.15254529630955
9436,16.0,39.0,4.0,1.0,1.0,3.0,2.0,1.0,2.0,4.0,0.600580774091641
12015,66.0,47.0,5.0,1.0,6.0,3.0,4.0,5.0,2.0,5.0,0.474631665580547
12780,57.0,44.0,4.0,1.0,4.0,3.0,4.0,5.0,2.0,9.0,0.446504870156368
8950,58.0,67.0,7.0,1.0,5.0,3.0,4.0,3.0,1.0,6.0,0.641719487850531
11227,64.0,82.0,6.0,1.0,5.0,3.0,1.0,3.0,1.0,1.0,0.844247831173208
9437,63.0,52.0,5.0,1.0,5.0,3.0,4.0,5.0,1.0,9.0,1.41914649967807
10554,55.0,49.0,5.0,1.0,4.0,3.0,4.0,5.0,2.0,7.0,0.740365495223282
10132,66.0,46.0,5.0,1.0,4.0,2.0,4.0,3.0,1.0,7.0,1.51627841565704
11083,38.0,40.0,5.0,0.0,1.0,1.0,1.0,2.0,1.0,2.0,1.1167877932472
7380,70.0,56.0,6.0,1.0,6.0,3.0,4.0,5.0,2.0,8.0,0.563158231354014
8520,38.0,25.0,3.0,0.0,2.0,2.0,1.0,4.0,2.0,7.0,1.86237153895731
12752,55.0,58.0,6.0,1.0,5.0,1.0,2.0,3.0,2.0,1.0,1.20301965346741
10760,64.0,51.0,4.0,0.0,4.0,3.0,4.0,3.0,1.0,6.0,0.509250504075048
12235,55.0,49.0,5.0,1.0,6.0,3.0,4.0,4.0,1.0,8.0,0.677154338829989
9438,70.0,57.0,6.0,0.0,5.0,3.0,4.0,4.0,2.0,8.0,0.636926240525349
7316,62.0,70.0,5.0,1.0,6.0,2.0,4.0,1.0,2.0,9.0,2.83348283675147
12354,52.0,44.0,4.0,1.0,1.0,3.0,3.0,2.0,1.0,8.0,0.802698996260409
12640,60.0,47.0,5.0,0.0,5.0,2.0,4.0,2.0,2.0,3.0,0.599184229362663
8716,53.0,66.0,6.0,1.0,6.0,3.0,4.0,1.0,1.0,9.0,0.719250277404472
12299,78.0,69.0,7.0,1.0,6.0,3.0,4.0,4.0,1.0,7.0,0.24419549270295
8311,70.0,69.0,6.0,1.0,5.0,3.0,4.0,3.0,1.0,9.0,0.694742310796871
13637,41.0,41.0,3.0,1.0,5.0,3.0,1.0,1.0,2.0,1.0,0.957562963550647
8951,59.0,70.0,7.0,1.0,3.0,2.0,4.0,1.0,1.0,1.0,1.57782250636267
9185,47.0,41.0,4.0,1.0,3.0,1.0,2.0,3.0,2.0,3.0,1.14620489376741
13478,60.0,60.0,6.0,1.0,5.0,2.0,4.0,3.0,1.0,7.0,0.207202529402069
9439,75.0,80.0,6.0,1.0,6.0,3.0,4.0,5.0,4.0,8.0,0.924148617842031
9917,57.0,49.0,3.0,0.0,5.0,3.0,4.0,4.0,3.0,7.0,0.744676413570694
8717,60.0,52.0,5.0,1.0,5.0,2.0,4.0,3.0,2.0,6.0,0.600582319965818
9186,62.0,58.0,6.0,1.0,6.0,3.0,4.0,4.0,1.0,8.0,0.494482491223351
10761,64.0,54.0,5.0,1.0,5.0,3.0,4.0,4.0,2.0,3.0,0.531009718927398
9689,19.0,68.0,6.0,1.0,2.0,2.0,3.0,1.0,1.0,6.0,0.467155267860155
9440,68.0,66.0,7.0,1.0,6.0,2.0,4.0,4.0,3.0,2.0,1.36872061135131
8952,48.0,39.0,4.0,0.0,4.0,3.0,3.0,1.0,2.0,3.0,1.52344101436311
13656,59.0,56.0,5.0,1.0,5.0,3.0,4.0,2.0,2.0,6.0,1.02160788239247
13367,49.0,42.0,4.0,1.0,5.0,2.0,2.0,3.0,2.0,7.0,1.54724225368128
12935,44.0,33.0,3.0,0.0,2.0,3.0,,2.0,2.0,6.0,0.777106431579047
7382,77.0,85.0,5.0,0.0,6.0,2.0,2.0,3.0,1.0,3.0,1.06960085912194
12300,63.0,56.0,5.0,1.0,5.0,3.0,4.0,3.0,2.0,4.0,0.785030219238986
12753,52.0,58.0,6.0,1.0,3.0,3.0,4.0,4.0,1.0,8.0,0.476962626107654
11832,79.0,67.0,5.0,1.0,6.0,3.0,4.0,5.0,2.0,7.0,0.970137189137574
13051,59.0,53.0,5.0,1.0,5.0,3.0,4.0,1.0,2.0,8.0,0.228929776203313
8312,79.0,82.0,6.0,1.0,6.0,3.0,4.0,5.0,2.0,9.0,1.33011826739428
14093,54.0,50.0,5.0,1.0,6.0,3.0,4.0,2.0,1.0,6.0,0.604002794759079
8521,57.0,42.0,4.0,1.0,3.0,3.0,4.0,1.0,1.0,4.0,0.679425764389034
13953,47.0,45.0,3.0,0.0,1.0,3.0,1.0,4.0,3.0,1.0,2.7203319814782
11926,84.0,76.0,7.0,1.0,6.0,3.0,4.0,5.0,1.0,7.0,0.322606128026554
9918,26.0,38.0,3.0,0.0,2.0,3.0,1.0,5.0,3.0,2.0,1.28820923260058
13330,78.0,46.0,2.0,0.0,3.0,3.0,4.0,1.0,1.0,2.0,1.6527648544865
9919,39.0,16.0,3.0,0.0,1.0,1.0,1.0,3.0,2.0,8.0,1.30150653538086
8718,48.0,45.0,4.0,1.0,5.0,3.0,4.0,2.0,1.0,7.0,1.71311472298467
8522,59.0,63.0,5.0,1.0,6.0,3.0,4.0,3.0,2.0,8.0,0.494482491223351
9441,49.0,49.0,6.0,0.0,5.0,3.0,4.0,1.0,1.0,3.0,0.605872820614108
9442,55.0,43.0,4.0,1.0,4.0,2.0,3.0,2.0,1.0,7.0,1.13061664336457
7318,53.0,46.0,4.0,0.0,6.0,2.0,4.0,4.0,2.0,8.0,1.31297677783518
13908,52.0,41.0,3.0,1.0,4.0,3.0,3.0,1.0,1.0,3.0,0.703622855774183
7855,47.0,47.0,4.0,1.0,4.0,3.0,3.0,1.0,1.0,8.0,1.0383072108175
11085,62.0,44.0,4.0,0.0,4.0,3.0,4.0,2.0,2.0,6.0,0.581735431939286
10555,59.0,49.0,4.0,0.0,6.0,3.0,3.0,4.0,3.0,4.0,0.914159192212371
12355,43.0,41.0,4.0,0.0,2.0,3.0,2.0,3.0,2.0,5.0,0.479482970881872
11833,56.0,79.0,5.0,1.0,1.0,3.0,4.0,3.0,3.0,6.0,0.9379121198635552
12016,45.0,34.0,5.0,0.0,4.0,2.0,1.0,3.0,2.0,1.0,0.93076392353572
8523,63.0,85.0,7.0,1.0,2.0,3.0,4.0,5.0,2.0,7.0,0.472115923580581
11228,44.0,42.0,5.0,1.0,2.0,3.0,4.0,3.0,2.0,6.0,1.4519216157895
9690,54.0,56.0,4.0,1.0,5.0,2.0,4.0,5.0,1.0,7.0,0.425747786830496
13917,14.0,10.0,1.0,0.0,1.0,2.0,,1.0,4.0,1.0,0.593063879603539
9187,75.0,64.0,5.0,0.0,6.0,3.0,4.0,4.0,2.0,2.0,0.978745339251396
12419,30.0,29.0,3.0,0.0,1.0,3.0,1.0,1.0,3.0,8.0,0.535230524956551
7856,70.0,60.0,5.0,0.0,6.0,3.0,4.0,5.0,2.0,9.0,0.648908810481564
11500,38.0,50.0,1.0,0.0,5.0,3.0,3.0,4.0,4.0,3.0,0.819856547804012
8953,42.0,49.0,3.0,0.0,2.0,2.0,1.0,3.0,,1.0,1.22810827595473
13146,51.0,43.0,4.0,0.0,4.0,1.0,3.0,3.0,2.0,2.0,1.08988656917545
12301,69.0,62.0,5.0,1.0,6.0,3.0,4.0,4.0,2.0,8.0,0.50424779677292
13722,45.0,69.0,6.0,1.0,6.0,3.0,3.0,5.0,1.0,8.0,1.03026163705584
8313,43.0,41.0,4.0,0.0,4.0,3.0,4.0,5.0,2.0,8.0,0.400689567546821
11086,38.0,30.0,4.0,0.0,1.0,1.0,,4.0,4.0,1.0,1.80320350399452
9920,63.0,49.0,3.0,0.0,4.0,3.0,3.0,3.0,2.0,7.0,1.31580360342306
11355,52.0,39.0,4.0,1.0,4.0,3.0,4.0,2.0,2.0,7.0,0.523464359247776
12302,55.0,43.0,4.0,1.0,4.0,3.0,4.0,3.0,2.0,5.0,1.13791656212467
8719,29.0,43.0,4.0,1.0,3.0,2.0,1.0,3.0,2.0,3.0,1.29257634075048
12869,58.0,59.0,6.0,0.0,6.0,3.0,4.0,2.0,1.0,4.0,0.745464253150577
9691,43.0,40.0,3.0,0.0,5.0,3.0,3.0,3.0,2.0,1.0,1.45247824863863
14196,49.0,42.0,4.0,0.0,4.0,1.0,2.0,2.0,3.0,2.0,1.28292272477278
8314,60.0,69.0,3.0,1.0,5.0,3.0,4.0,5.0,1.0,6.0,1.42654734649195
12164,62.0,46.0,4.0,1.0,4.0,3.0,4.0,3.0,3.0,5.0,0.392571143705642
11728,60.0,48.0,5.0,0.0,4.0,3.0,4.0,3.0,1.0,2.0,1.34004661384644
12641,55.0,46.0,6.0,1.0,4.0,0.0,4.0,3.0,2.0,7.0,0.887380685982006
10762,54.0,56.0,6.0,1.0,4.0,3.0,1.0,2.0,1.0,3.0,0.696442615511578
12519,54.0,48.0,6.0,1.0,5.0,2.0,4.0,5.0,2.0,7.0,0.558234254058958
10133,30.0,52.0,4.0,1.0,3.0,2.0,1.0,1.0,2.0,3.0,1.07382997539097
12356,59.0,67.0,6.0,0.0,6.0,3.0,,4.0,1.0,1.0,1.43052121708847
8524,47.0,71.0,4.0,0.0,4.0,3.0,4.0,1.0,1.0,9.0,0.974702746830328
8720,23.0,37.0,3.0,1.0,4.0,3.0,1.0,1.0,2.0,1.0,1.0228727340472
11087,54.0,57.0,6.0,1.0,5.0,2.0,3.0,4.0,3.0,3.0,1.51522078172684
8525,86.0,85.0,7.0,0.0,6.0,3.0,4.0,3.0,1.0,9.0,0.788397093004573
7857,40.0,31.0,3.0,1.0,2.0,2.0,2.0,1.0,3.0,1.0,0.467820874558452
13619,62.0,58.0,5.0,1.0,5.0,2.0,3.0,1.0,1.0,2.0,0.644715272182289
9692,41.0,39.0,4.0,0.0,5.0,3.0,4.0,4.0,1.0,3.0,0.613517282866898
9188,49.0,38.0,5.0,0.0,3.0,2.0,4.0,3.0,2.0,7.0,0.585983905785532
13643,66.0,49.0,5.0,1.0,5.0,3.0,4.0,3.0,2.0,8.0,0.400155835428909
10134,67.0,85.0,6.0,0.0,6.0,3.0,3.0,3.0,1.0,3.0,1.38854906324016
9189,77.0,59.0,6.0,1.0,6.0,3.0,4.0,3.0,3.0,9.0,0.756305103092812
11088,60.0,50.0,5.0,0.0,5.0,3.0,4.0,4.0,1.0,6.0,0.467732194611889
8954,65.0,65.0,5.0,0.0,6.0,3.0,4.0,4.0,1.0,4.0,0.909891560930167
8123,37.0,43.0,5.0,1.0,3.0,3.0,1.0,3.0,2.0,4.0,0.927288360246517
8315,62.0,52.0,5.0,1.0,4.0,3.0,4.0,4.0,1.0,8.0,0.768568695842022
10354,50.0,60.0,7.0,1.0,4.0,3.0,3.0,1.0,2.0,8.0,1.38592474886312
9190,46.0,73.0,7.0,1.0,3.0,2.0,1.0,1.0,1.0,6.0,1.15254529630955
13674,73.0,60.0,5.0,1.0,4.0,3.0,4.0,5.0,2.0,9.0,0.940826252860564
10135,43.0,78.0,6.0,1.0,5.0,3.0,4.0,1.0,2.0,2.0,1.30453384582732
8721,51.0,35.0,4.0,0.0,5.0,3.0,4.0,1.0,2.0,2.0,0.407958533173383
9921,45.0,31.0,4.0,1.0,3.0,3.0,3.0,4.0,2.0,7.0,1.45388331569806
9922,95.0,71.0,6.0,1.0,5.0,3.0,4.0,4.0,4.0,7.0,0.487089115240458
7858,86.0,85.0,7.0,1.0,6.0,3.0,4.0,1.0,1.0,8.0,4.44365861941569
7996,47.0,56.0,5.0,0.0,5.0,1.0,2.0,3.0,3.0,2.0,1.74197685328675
13052,71.0,75.0,5.0,1.0,6.0,3.0,3.0,3.0,2.0,6.0,1.34477499431097
7859,49.0,65.0,5.0,0.0,6.0,3.0,3.0,5.0,2.0,7.0,0.91484217551825
12711,65.0,58.0,6.0,0.0,6.0,2.0,4.0,5.0,1.0,8.0,1.31007696092163
9923,40.0,28.0,1.0,0.0,1.0,1.0,1.0,5.0,4.0,4.0,1.11602714913143
8526,54.0,38.0,4.0,0.0,2.0,2.0,1.0,1.0,2.0,3.0,1.86734621334365
12852,61.0,45.0,5.0,0.0,5.0,3.0,4.0,5.0,2.0,3.0,1.25614461257879
13172,48.0,38.0,3.0,0.0,3.0,3.0,4.0,4.0,3.0,9.0,2.83122951852683
12420,62.0,46.0,5.0,1.0,6.0,3.0,4.0,4.0,3.0,8.0,0.904335004926166
11356,74.0,60.0,6.0,1.0,6.0,2.0,4.0,3.0,2.0,3.0,0.683481385708241
11834,26.0,49.0,6.0,1.0,2.0,3.0,,1.0,4.0,4.0,0.597089468668002
10556,58.0,62.0,5.0,1.0,5.0,2.0,1.0,1.0,1.0,6.0,1.35212754295554
14390,60.0,56.0,5.0,1.0,4.0,3.0,3.0,2.0,2.0,8.0,0.656407776175572
12421,57.0,50.0,5.0,0.0,6.0,2.0,,3.0,2.0,1.0,0.593063879603539
9191,34.0,61.0,5.0,1.0,4.0,3.0,1.0,1.0,1.0,5.0,0.821070388448458
14293,43.0,39.0,3.0,0.0,4.0,2.0,,2.0,3.0,9.0,2.42848636179796
9192,31.0,41.0,3.0,1.0,4.0,3.0,4.0,5.0,1.0,2.0,0.491009308549587
11357,61.0,59.0,5.0,0.0,6.0,3.0,4.0,3.0,2.0,5.0,1.98670869031714
8955,51.0,43.0,3.0,1.0,6.0,2.0,4.0,3.0,2.0,9.0,3.74990320757893
10763,65.0,43.0,4.0,0.0,4.0,3.0,4.0,2.0,2.0,6.0,0.289549619878015
9443,62.0,47.0,4.0,1.0,4.0,3.0,4.0,3.0,2.0,2.0,1.0052205433625
7860,43.0,39.0,4.0,1.0,5.0,2.0,3.0,3.0,2.0,5.0,1.25378302775504
12357,46.0,60.0,7.0,0.0,5.0,2.0,4.0,3.0,3.0,7.0,0.517059849804598
9193,56.0,44.0,5.0,1.0,6.0,3.0,4.0,2.0,2.0,6.0,1.2364712873247
10913,49.0,54.0,5.0,0.0,4.0,3.0,4.0,1.0,1.0,9.0,1.71185004733555
8722,60.0,47.0,3.0,1.0,5.0,1.0,4.0,1.0,2.0,7.0,1.21360505046559
9693,49.0,57.0,5.0,1.0,5.0,3.0,4.0,3.0,2.0,7.0,2.20690605440618
11358,51.0,42.0,4.0,0.0,3.0,3.0,3.0,3.0,2.0,6.0,0.905077424781217
8723,68.0,64.0,4.0,1.0,5.0,2.0,4.0,3.0,3.0,6.0,1.16807222064516
12165,33.0,38.0,5.0,0.0,1.0,2.0,1.0,5.0,3.0,4.0,0.841672455689242
10557,58.0,62.0,5.0,1.0,6.0,3.0,3.0,2.0,1.0,7.0,0.91484217551825
8316,57.0,43.0,5.0,1.0,6.0,3.0,4.0,3.0,2.0,9.0,0.815617648809735
7319,49.0,43.0,5.0,1.0,5.0,1.0,1.0,3.0,2.0,2.0,1.55089191896027
10914,46.0,44.0,3.0,1.0,4.0,3.0,3.0,3.0,2.0,9.0,1.77400689273698
10558,49.0,42.0,4.0,0.0,4.0,3.0,3.0,3.0,3.0,9.0,2.35407141842184
9194,72.0,56.0,4.0,1.0,5.0,2.0,4.0,4.0,2.0,8.0,1.18750354950659
8724,59.0,59.0,6.0,1.0,5.0,3.0,4.0,4.0,1.0,9.0,0.928992531052044
7998,68.0,66.0,7.0,1.0,6.0,3.0,4.0,4.0,1.0,9.0,1.33345257387537
8124,63.0,71.0,7.0,1.0,4.0,3.0,4.0,3.0,1.0,9.0,0.986328867452414
10915,53.0,50.0,5.0,1.0,4.0,3.0,4.0,3.0,2.0,7.0,0.589284193232421
13104,65.0,71.0,6.0,1.0,5.0,3.0,4.0,5.0,2.0,9.0,0.992996267046333
9195,52.0,38.0,4.0,1.0,4.0,2.0,4.0,4.0,1.0,9.0,1.77400689273698
8527,78.0,85.0,7.0,1.0,6.0,3.0,4.0,3.0,1.0,8.0,0.815423511330989
9444,63.0,63.0,5.0,1.0,6.0,3.0,4.0,4.0,2.0,4.0,0.701113586091141
11501,49.0,54.0,5.0,1.0,4.0,3.0,4.0,3.0,1.0,1.0,1.31904785510923
8956,45.0,47.0,5.0,1.0,3.0,3.0,,3.0,2.0,3.0,0.826776006164513
10764,67.0,57.0,5.0,1.0,6.0,3.0,4.0,3.0,3.0,9.0,0.447015941810779
7385,70.0,76.0,6.0,1.0,5.0,3.0,4.0,5.0,2.0,8.0,0.563158231354014
8528,31.0,28.0,5.0,1.0,3.0,3.0,1.0,3.0,2.0,8.0,0.773123771609444
14397,51.0,60.0,5.0,1.0,6.0,3.0,2.0,4.0,4.0,2.0,0.571151579043343
8317,61.0,54.0,4.0,1.0,6.0,3.0,4.0,5.0,2.0,7.0,0.772729191715478
8125,60.0,55.0,6.0,1.0,4.0,3.0,4.0,3.0,2.0,8.0,0.792701232969205
8529,49.0,41.0,5.0,1.0,5.0,3.0,4.0,5.0,2.0,7.0,0.886629853592856
12973,74.0,56.0,5.0,0.0,6.0,2.0,4.0,1.0,2.0,7.0,0.456403041109179
12017,61.0,49.0,4.0,1.0,3.0,2.0,4.0,5.0,1.0,5.0,0.497441028760054
14187,32.0,46.0,3.0,0.0,1.0,3.0,1.0,1.0,3.0,5.0,1.40604028789898
10765,45.0,34.0,1.0,0.0,2.0,2.0,1.0,1.0,4.0,2.0,1.62300373684452
7386,58.0,45.0,4.0,1.0,4.0,2.0,3.0,3.0,1.0,8.0,0.743909812782111
11835,46.0,48.0,5.0,0.0,5.0,3.0,1.0,3.0,1.0,2.0,0.618436892267338
12096,38.0,51.0,6.0,0.0,3.0,1.0,1.0,5.0,2.0,1.0,1.40080305382929
12475,60.0,73.0,6.0,1.0,5.0,2.0,3.0,2.0,1.0,2.0,1.63200960224214
13405,44.0,42.0,4.0,1.0,4.0,3.0,2.0,5.0,2.0,7.0,3.21938836271805
9196,51.0,48.0,4.0,1.0,4.0,3.0,1.0,2.0,1.0,2.0,0.79645284805715
7999,50.0,53.0,5.0,1.0,6.0,3.0,4.0,5.0,2.0,4.0,0.651174444303021
13262,52.0,40.0,4.0,0.0,4.0,3.0,4.0,4.0,1.0,3.0,0.549468794936008
7123,39.0,,4.0,0.0,,0.0,,,,1.0,0.685003401163417
7166,61.0,56.0,6.0,1.0,6.0,0.0,,,,7.0,0.653063103391262
8725,86.0,56.0,5.0,1.0,6.0,3.0,4.0,4.0,1.0,9.0,0.307781199232946
11359,75.0,48.0,4.0,0.0,5.0,3.0,4.0,5.0,2.0,5.0,0.467189867906821
13747,66.0,45.0,6.0,1.0,5.0,3.0,4.0,3.0,2.0,7.0,0.781485603692439
13350,65.0,62.0,5.0,0.0,6.0,3.0,4.0,2.0,3.0,6.0,0.317691665454294
11089,72.0,51.0,5.0,0.0,4.0,2.0,4.0,5.0,1.0,7.0,0.462550679578911
9445,67.0,47.0,5.0,1.0,6.0,1.0,4.0,5.0,1.0,7.0,1.4683904073529
14379,56.0,43.0,6.0,1.0,5.0,3.0,3.0,3.0,3.0,6.0,1.50933362956194
11502,72.0,69.0,6.0,1.0,6.0,3.0,4.0,3.0,1.0,6.0,0.442248216615812
8000,42.0,50.0,5.0,1.0,4.0,3.0,2.0,4.0,2.0,8.0,1.63552660547092
8126,57.0,66.0,5.0,0.0,6.0,2.0,,3.0,1.0,4.0,0.882956068749892
12899,71.0,55.0,5.0,0.0,5.0,3.0,4.0,3.0,3.0,8.0,0.606069033711064
14126,40.0,54.0,5.0,1.0,4.0,3.0,3.0,1.0,1.0,8.0,0.595657639295042
13865,49.0,42.0,4.0,1.0,5.0,3.0,4.0,3.0,2.0,8.0,0.847496026590327
13600,62.0,51.0,5.0,1.0,5.0,3.0,4.0,5.0,1.0,9.0,1.12355510817575
13957,78.0,75.0,6.0,0.0,6.0,3.0,4.0,5.0,1.0,8.0,0.783595453204397
13613,85.0,55.0,5.0,1.0,6.0,3.0,4.0,4.0,2.0,6.0,0.681028437530365
13923,62.0,55.0,5.0,1.0,5.0,3.0,4.0,3.0,2.0,6.0,0.474009408222484
13844,23.0,52.0,5.0,1.0,1.0,2.0,1.0,1.0,2.0,4.0,0.895798031139083
13878,69.0,57.0,5.0,1.0,6.0,3.0,4.0,5.0,2.0,9.0,1.41914649967807
13769,62.0,57.0,6.0,0.0,4.0,3.0,4.0,4.0,1.0,8.0,0.542654431857336
14331,58.0,59.0,5.0,1.0,6.0,1.0,3.0,3.0,1.0,4.0,1.13863376728219
13658,26.0,63.0,1.0,1.0,5.0,1.0,2.0,1.0,2.0,2.0,1.02603738074718
13529,63.0,46.0,5.0,0.0,6.0,3.0,4.0,5.0,2.0,8.0,0.467894250142085
14357,57.0,52.0,5.0,1.0,2.0,3.0,2.0,1.0,3.0,8.0,0.885610788514169
13973,61.0,45.0,5.0,1.0,5.0,3.0,4.0,4.0,1.0,2.0,0.73470184386358
14224,25.0,28.0,1.0,1.0,2.0,1.0,1.0,1.0,4.0,2.0,1.20964041757895
13604,48.0,40.0,3.0,0.0,4.0,1.0,,1.0,2.0,2.0,1.26453261523776
13882,54.0,29.0,2.0,0.0,3.0,3.0,1.0,5.0,2.0,2.0,1.55119935825569
13615,51.0,32.0,4.0,0.0,6.0,3.0,1.0,3.0,3.0,1.0,1.72252801691736
13593,42.0,39.0,5.0,1.0,2.0,1.0,1.0,3.0,2.0,7.0,1.24574946051044
13480,58.0,49.0,5.0,1.0,5.0,3.0,4.0,4.0,1.0,8.0,1.98902564965347
14066,36.0,55.0,5.0,0.0,5.0,0.0,1.0,2.0,3.0,1.0,2.08852966150328
13969,68.0,74.0,7.0,1.0,5.0,3.0,4.0,4.0,1.0,8.0,0.228929776203313
13967,52.0,47.0,5.0,1.0,5.0,2.0,2.0,4.0,2.0,1.0,1.21795737844267
13413,51.0,29.0,4.0,1.0,4.0,3.0,2.0,2.0,2.0,3.0,1.34844348224441
13868,86.0,85.0,7.0,1.0,6.0,3.0,4.0,4.0,2.0,1.0,0.840131811964912
13845,61.0,69.0,5.0,1.0,6.0,2.0,,1.0,3.0,5.0,2.28592740352419
13934,72.0,64.0,5.0,1.0,6.0,3.0,4.0,4.0,2.0,7.0,1.21360505046559
13640,41.0,42.0,3.0,0.0,2.0,2.0,1.0,1.0,2.0,3.0,1.03494007511357
13585,61.0,56.0,5.0,1.0,6.0,3.0,4.0,4.0,2.0,8.0,1.22692387005796
13451,48.0,46.0,4.0,1.0,5.0,3.0,3.0,3.0,2.0,5.0,0.541605881308155
13840,66.0,82.0,7.0,1.0,6.0,3.0,4.0,4.0,1.0,9.0,1.14093362145229
14168,59.0,30.0,5.0,1.0,2.0,3.0,1.0,4.0,2.0,1.0,0.579244222149428
12974,52.0,47.0,4.0,0.0,5.0,3.0,4.0,5.0,2.0,9.0,0.719250277404472
14009,43.0,40.0,5.0,1.0,6.0,2.0,2.0,2.0,1.0,3.0,0.645512929042624
12936,74.0,56.0,5.0,1.0,6.0,3.0,4.0,5.0,2.0,8.0,0.562736634460862
14031,51.0,42.0,4.0,1.0,5.0,3.0,3.0,1.0,2.0,7.0,0.67664171484121
13781,49.0,42.0,4.0,1.0,6.0,3.0,,,2.0,3.0,1.36483377525976
13870,65.0,39.0,3.0,0.0,3.0,3.0,4.0,3.0,1.0,6.0,1.58337952196835
13021,45.0,43.0,2.0,0.0,6.0,1.0,3.0,1.0,2.0,8.0,1.47211670776271
13926,44.0,45.0,3.0,0.0,3.0,3.0,1.0,4.0,2.0,5.0,0.600582319965818
13444,59.0,79.0,4.0,0.0,6.0,2.0,4.0,5.0,2.0,9.0,2.06945576945195
13790,52.0,54.0,6.0,1.0,2.0,3.0,2.0,1.0,1.0,8.0,0.476962626107654
13573,65.0,58.0,6.0,0.0,6.0,1.0,3.0,4.0,3.0,1.0,0.681337266198548
14242,59.0,49.0,5.0,1.0,4.0,3.0,4.0,5.0,2.0,7.0,0.462550679578911
13542,42.0,30.0,3.0,1.0,5.0,2.0,2.0,3.0,2.0,9.0,1.61249326308834
13181,58.0,59.0,6.0,1.0,4.0,3.0,4.0,4.0,4.0,8.0,0.924840981129284
13519,61.0,58.0,6.0,1.0,6.0,3.0,3.0,2.0,2.0,3.0,1.91076105766617
13560,64.0,58.0,6.0,1.0,5.0,3.0,4.0,5.0,2.0,7.0,0.487089115240458
14309,77.0,54.0,5.0,0.0,6.0,3.0,4.0,5.0,2.0,9.0,0.816679835167205
13833,40.0,65.0,4.0,1.0,5.0,2.0,1.0,3.0,2.0,2.0,0.862258705845904
13824,46.0,55.0,4.0,1.0,4.0,3.0,4.0,4.0,3.0,5.0,1.66170788811656
13834,66.0,65.0,3.0,0.0,6.0,3.0,4.0,4.0,1.0,6.0,0.401901593716979
14037,52.0,53.0,5.0,1.0,4.0,1.0,3.0,3.0,1.0,3.0,2.13717873043587
13512,86.0,71.0,7.0,1.0,6.0,3.0,4.0,3.0,1.0,6.0,0.640206606994418
13762,54.0,82.0,7.0,1.0,5.0,3.0,4.0,1.0,1.0,6.0,0.603385559440927
12305,58.0,46.0,6.0,1.0,6.0,3.0,4.0,4.0,2.0,8.0,0.596706927257992
13187,69.0,65.0,6.0,1.0,6.0,3.0,4.0,5.0,3.0,8.0,3.34539011246347
13428,78.0,69.0,5.0,1.0,,3.0,4.0,5.0,1.0,7.0,0.426220118055533
13437,53.0,50.0,5.0,1.0,5.0,3.0,4.0,2.0,3.0,9.0,0.68616119564917
13842,44.0,47.0,4.0,0.0,3.0,3.0,2.0,5.0,2.0,6.0,0.920869626218998
13910,70.0,54.0,5.0,1.0,3.0,3.0,4.0,4.0,2.0,7.0,1.18761455431409
13841,70.0,55.0,6.0,0.0,6.0,2.0,4.0,4.0,2.0,9.0,1.22920384419514
13925,86.0,85.0,7.0,1.0,6.0,3.0,4.0,3.0,1.0,8.0,0.924840981129284
14029,42.0,34.0,4.0,1.0,3.0,2.0,1.0,4.0,2.0,8.0,1.62683014134614
11503,70.0,85.0,7.0,1.0,6.0,2.0,,3.0,1.0,1.0,1.20301965346741
14321,51.0,56.0,5.0,1.0,5.0,2.0,4.0,3.0,3.0,7.0,0.558234254058958
13831,77.0,58.0,5.0,0.0,6.0,3.0,4.0,5.0,2.0,9.0,2.83122951852683
13860,67.0,52.0,6.0,0.0,4.0,3.0,4.0,3.0,2.0,8.0,0.604983941676389
14125,39.0,56.0,5.0,1.0,5.0,3.0,2.0,1.0,2.0,9.0,0.673477740553127
10916,72.0,70.0,6.0,1.0,6.0,1.0,4.0,1.0,3.0,3.0,1.15939886575112
13201,68.0,54.0,5.0,1.0,5.0,3.0,4.0,4.0,3.0,9.0,1.76091914382667
14049,72.0,78.0,6.0,1.0,6.0,3.0,4.0,4.0,1.0,7.0,0.740365495223282
14028,74.0,85.0,6.0,0.0,6.0,3.0,4.0,5.0,1.0,8.0,0.726507079214918
13504,55.0,67.0,6.0,0.0,5.0,3.0,4.0,2.0,1.0,7.0,0.914068107356535
13943,44.0,34.0,3.0,,3.0,1.0,1.0,3.0,2.0,5.0,0.96542807721105
11504,34.0,48.0,4.0,0.0,2.0,3.0,1.0,1.0,2.0,6.0,1.20500016455278
13828,52.0,59.0,7.0,0.0,,2.0,4.0,2.0,1.0,7.0,0.490450692570082
13609,56.0,55.0,5.0,1.0,5.0,3.0,4.0,3.0,1.0,5.0,1.40479528977462
13283,61.0,82.0,5.0,1.0,6.0,3.0,4.0,3.0,2.0,5.0,1.022379906537
13695,49.0,64.0,5.0,1.0,5.0,1.0,,3.0,4.0,1.0,1.00773235972176
13835,56.0,43.0,4.0,1.0,4.0,1.0,3.0,3.0,2.0,3.0,0.649512693157376
14330,57.0,42.0,5.0,1.0,4.0,3.0,4.0,3.0,1.0,2.0,0.737378594906259
13099,61.0,56.0,6.0,1.0,6.0,3.0,4.0,5.0,1.0,7.0,0.681181906858153
13188,49.0,42.0,4.0,0.0,5.0,3.0,2.0,4.0,2.0,2.0,0.670376629531644
13697,47.0,45.0,5.0,1.0,2.0,3.0,1.0,4.0,3.0,5.0,0.909188568757773
14040,61.0,63.0,5.0,1.0,6.0,3.0,4.0,5.0,1.0,9.0,1.1583360857457
13591,39.0,37.0,3.0,0.0,,3.0,,3.0,1.0,1.0,0.952164766582127
11090,51.0,23.0,3.0,0.0,2.0,2.0,2.0,3.0,1.0,1.0,1.28820923260058
13854,71.0,67.0,5.0,0.0,4.0,3.0,4.0,3.0,1.0,3.0,0.64647964995007
12520,14.0,5.0,1.0,0.0,1.0,3.0,1.0,3.0,4.0,1.0,1.62844557614607
11229,58.0,35.0,4.0,1.0,1.0,3.0,,1.0,2.0,3.0,1.10877756977185
13830,95.0,55.0,6.0,0.0,6.0,3.0,4.0,4.0,1.0,8.0,0.222343394447957
13650,65.0,60.0,6.0,1.0,6.0,3.0,4.0,5.0,2.0,8.0,1.17511693842507
11621,49.0,36.0,5.0,0.0,3.0,2.0,1.0,3.0,3.0,5.0,0.909188568757773
12358,46.0,51.0,4.0,1.0,4.0,0.0,4.0,1.0,4.0,5.0,0.504501741725568
14044,53.0,38.0,4.0,1.0,6.0,3.0,4.0,3.0,1.0,5.0,1.55983104589324
13105,63.0,56.0,5.0,1.0,5.0,3.0,4.0,3.0,3.0,9.0,0.784031581495481
11622,37.0,38.0,4.0,1.0,4.0,3.0,1.0,5.0,3.0,3.0,1.18006943229918
10559,86.0,85.0,7.0,1.0,1.0,2.0,4.0,5.0,1.0,9.0,1.32182272015607
12811,61.0,52.0,5.0,1.0,4.0,3.0,4.0,4.0,1.0,5.0,0.482612950331641
13008,69.0,46.0,4.0,1.0,5.0,3.0,4.0,4.0,2.0,6.0,0.720057311218185
13401,84.0,63.0,6.0,1.0,6.0,3.0,4.0,4.0,1.0,6.0,1.40442073325303
14388,47.0,35.0,3.0,1.0,4.0,1.0,2.0,2.0,3.0,7.0,1.41480850273533
13991,57.0,41.0,5.0,1.0,4.0,3.0,3.0,3.0,1.0,3.0,1.72662315332763
13452,64.0,49.0,6.0,,5.0,3.0,4.0,2.0,3.0,7.0,0.528451299601341
13836,42.0,38.0,5.0,1.0,4.0,3.0,1.0,3.0,1.0,8.0,1.18750354950659
14343,57.0,53.0,4.0,1.0,5.0,3.0,4.0,2.0,2.0,7.0,0.520903605569945
13267,44.0,58.0,5.0,0.0,3.0,3.0,1.0,1.0,2.0,3.0,0.617369116628952
10560,41.0,34.0,4.0,0.0,3.0,0.0,2.0,2.0,2.0,1.0,3.07880051962287
13363,67.0,44.0,5.0,1.0,5.0,2.0,4.0,4.0,2.0,8.0,0.606069033711064
13832,63.0,49.0,6.0,1.0,5.0,3.0,4.0,3.0,2.0,8.0,0.586267861028443
14010,51.0,27.0,3.0,1.0,5.0,3.0,4.0,5.0,2.0,3.0,1.21271194972622
13736,65.0,55.0,5.0,0.0,5.0,3.0,4.0,4.0,2.0,8.0,1.25208920259093
13863,68.0,59.0,7.0,1.0,6.0,2.0,1.0,3.0,1.0,8.0,0.93990448549444
13632,42.0,42.0,4.0,,3.0,1.0,,1.0,3.0,4.0,0.613517282866898
13758,44.0,85.0,5.0,1.0,5.0,2.0,4.0,2.0,1.0,8.0,0.467894250142085
14215,60.0,44.0,4.0,0.0,6.0,2.0,4.0,3.0,1.0,9.0,1.136270396264
13446,51.0,85.0,2.0,1.0,3.0,3.0,4.0,2.0,2.0,1.0,0.77096047750649
13373,34.0,59.0,5.0,1.0,6.0,1.0,1.0,1.0,2.0,3.0,0.591801842268996
13754,57.0,45.0,4.0,1.0,4.0,3.0,3.0,2.0,2.0,6.0,0.909188568757773
13336,52.0,57.0,6.0,0.0,4.0,2.0,3.0,4.0,1.0,2.0,1.00610083250194
14113,57.0,58.0,5.0,1.0,6.0,2.0,4.0,2.0,1.0,9.0,0.788397093004573
12922,58.0,50.0,5.0,1.0,4.0,2.0,2.0,4.0,1.0,7.0,1.5142775349164
14171,52.0,42.0,5.0,0.0,5.0,1.0,,3.0,2.0,1.0,1.12927800192016
13381,47.0,45.0,4.0,1.0,6.0,3.0,3.0,3.0,2.0,7.0,1.17637336370774
11928,26.0,24.0,3.0,1.0,1.0,3.0,1.0,5.0,4.0,2.0,0.777201024014392
8319,84.0,43.0,1.0,0.0,6.0,3.0,4.0,2.0,1.0,8.0,0.428443646566966
13608,38.0,41.0,5.0,1.0,3.0,3.0,3.0,1.0,3.0,6.0,1.30805762522256
14023,39.0,35.0,4.0,1.0,4.0,3.0,3.0,5.0,4.0,7.0,1.88240682610765
13866,64.0,58.0,7.0,0.0,,3.0,4.0,3.0,2.0,9.0,0.756305103092812
13679,35.0,24.0,3.0,0.0,4.0,2.0,,3.0,2.0,1.0,0.571859337491957
12853,47.0,34.0,4.0,1.0,2.0,3.0,4.0,1.0,3.0,7.0,2.67471359777768
11836,59.0,50.0,5.0,1.0,5.0,3.0,4.0,4.0,1.0,8.0,0.768568695842022
8320,42.0,39.0,4.0,1.0,2.0,3.0,2.0,4.0,3.0,4.0,1.29754418787865
13390,35.0,45.0,7.0,1.0,4.0,0.0,3.0,1.0,3.0,9.0,2.34350385204448
14311,27.0,47.0,4.0,1.0,2.0,2.0,2.0,4.0,2.0,3.0,0.704478954556021
13827,35.0,47.0,7.0,1.0,3.0,3.0,3.0,4.0,2.0,2.0,0.723455150566843
14032,46.0,44.0,5.0,1.0,5.0,3.0,3.0,5.0,1.0,8.0,0.562736634460862
14317,63.0,43.0,4.0,1.0,4.0,3.0,4.0,5.0,2.0,9.0,0.944791046346529
13853,74.0,82.0,7.0,1.0,6.0,2.0,4.0,5.0,4.0,9.0,0.537461715789954
13947,58.0,34.0,4.0,0.0,2.0,3.0,4.0,3.0,2.0,4.0,1.83481843962326
13223,35.0,36.0,1.0,1.0,3.0,2.0,1.0,1.0,1.0,1.0,0.691993610515168
11091,42.0,58.0,6.0,1.0,3.0,3.0,2.0,3.0,2.0,3.0,0.649037279139937
13485,63.0,49.0,5.0,1.0,6.0,3.0,4.0,2.0,2.0,8.0,0.362621436369647
14021,45.0,41.0,6.0,1.0,3.0,1.0,3.0,3.0,3.0,4.0,0.836845710935811
11230,61.0,54.0,3.0,1.0,5.0,3.0,4.0,1.0,1.0,8.0,0.563158231354014
14351,49.0,40.0,5.0,1.0,5.0,3.0,3.0,2.0,2.0,4.0,0.394714136663499
12900,59.0,56.0,5.0,1.0,5.0,3.0,4.0,3.0,2.0,8.0,0.821065000244912
9924,51.0,58.0,4.0,1.0,2.0,2.0,2.0,2.0,2.0,5.0,1.16807222064516
12097,55.0,42.0,4.0,1.0,3.0,3.0,4.0,4.0,3.0,8.0,1.30223052955247
9197,40.0,52.0,4.0,1.0,6.0,3.0,4.0,3.0,2.0,7.0,1.7173980561274
13843,67.0,51.0,4.0,0.0,5.0,3.0,4.0,5.0,2.0,6.0,0.513327670258078
12166,54.0,43.0,4.0,1.0,6.0,3.0,2.0,1.0,2.0,1.0,1.64065198869525
13904,65.0,51.0,5.0,1.0,4.0,2.0,4.0,3.0,3.0,6.0,0.816106912879049
14381,54.0,32.0,3.0,0.0,4.0,3.0,2.0,2.0,1.0,6.0,1.34367812540406
14114,59.0,62.0,4.0,1.0,6.0,1.0,4.0,4.0,1.0,9.0,1.81001475583262
14033,50.0,44.0,5.0,1.0,4.0,1.0,4.0,3.0,2.0,6.0,1.44634354148401
13862,21.0,64.0,3.0,0.0,6.0,1.0,,2.0,1.0,1.0,0.711299310232988
14366,39.0,49.0,5.0,0.0,3.0,3.0,3.0,1.0,1.0,5.0,0.964994971390447
12781,51.0,26.0,4.0,1.0,1.0,1.0,3.0,1.0,4.0,3.0,2.09282741589362
14194,53.0,54.0,5.0,1.0,3.0,3.0,4.0,3.0,2.0,6.0,0.566150255806276
14314,62.0,44.0,5.0,1.0,6.0,3.0,4.0,2.0,2.0,9.0,0.974702746830328
13456,58.0,47.0,5.0,1.0,2.0,3.0,4.0,5.0,2.0,3.0,1.19744957504286
13660,50.0,42.0,5.0,1.0,4.0,2.0,1.0,3.0,1.0,2.0,0.601127943590114
13749,57.0,55.0,5.0,1.0,5.0,3.0,4.0,4.0,1.0,8.0,1.0427900947039
13875,69.0,45.0,6.0,1.0,5.0,3.0,4.0,5.0,2.0,8.0,0.450493754246585
8127,64.0,49.0,5.0,0.0,5.0,3.0,4.0,3.0,2.0,5.0,0.781727563713445
8957,31.0,45.0,6.0,0.0,2.0,3.0,1.0,3.0,2.0,3.0,0.7262658296302
9695,49.0,51.0,5.0,1.0,5.0,2.0,1.0,2.0,2.0,5.0,1.18558227664729
8958,40.0,36.0,2.0,1.0,2.0,2.0,,3.0,3.0,1.0,0.496073180520352
13847,58.0,55.0,4.0,0.0,4.0,3.0,4.0,4.0,3.0,6.0,0.836029161871056
8321,71.0,59.0,6.0,1.0,5.0,3.0,4.0,5.0,2.0,7.0,0.357272471479038
7863,66.0,52.0,5.0,0.0,4.0,3.0,4.0,4.0,2.0,7.0,1.18761455431409
11360,51.0,65.0,7.0,1.0,6.0,3.0,4.0,4.0,1.0,8.0,0.563158231354014
13898,45.0,42.0,5.0,1.0,4.0,3.0,3.0,3.0,2.0,9.0,0.651943387792858
12598,26.0,60.0,5.0,0.0,1.0,3.0,3.0,1.0,2.0,3.0,0.961097895210545
9696,45.0,62.0,6.0,1.0,2.0,3.0,4.0,3.0,1.0,6.0,1.39812240552927
8128,58.0,44.0,5.0,1.0,4.0,3.0,4.0,5.0,2.0,9.0,1.30036942857867
14246,38.0,53.0,7.0,1.0,5.0,3.0,4.0,4.0,3.0,5.0,0.660503625024
8959,69.0,58.0,6.0,1.0,6.0,3.0,4.0,3.0,1.0,9.0,1.40822017681881
9925,62.0,54.0,4.0,1.0,4.0,3.0,4.0,3.0,2.0,9.0,0.641699028519133
13247,59.0,49.0,4.0,1.0,4.0,2.0,4.0,3.0,1.0,6.0,0.274773080359525
9697,62.0,57.0,5.0,1.0,6.0,3.0,4.0,3.0,1.0,9.0,0.478042815117411
11929,69.0,55.0,5.0,1.0,5.0,2.0,4.0,4.0,1.0,6.0,0.964994971390447
11231,61.0,50.0,6.0,0.0,5.0,3.0,4.0,4.0,2.0,8.0,0.646888631698657
11930,86.0,78.0,7.0,0.0,6.0,3.0,4.0,3.0,1.0,8.0,0.562736634460862
8002,72.0,63.0,4.0,0.0,6.0,3.0,4.0,5.0,1.0,9.0,1.10601209334068
9698,47.0,44.0,,0.0,2.0,3.0,1.0,3.0,2.0,3.0,0.616893145190339
8960,80.0,64.0,6.0,0.0,6.0,3.0,4.0,5.0,1.0,8.0,0.400689567546821
7394,64.0,57.0,5.0,1.0,5.0,2.0,4.0,4.0,4.0,8.0,0.812073649889526
10136,55.0,46.0,4.0,0.0,6.0,3.0,2.0,1.0,2.0,5.0,1.7932467710554
11837,75.0,46.0,5.0,0.0,3.0,3.0,4.0,3.0,2.0,6.0,0.330219680654687
12306,66.0,60.0,4.0,1.0,5.0,3.0,4.0,4.0,3.0,7.0,0.367366829818245
8003,84.0,72.0,7.0,0.0,6.0,3.0,4.0,4.0,1.0,1.0,0.901129661017109
8727,65.0,64.0,6.0,1.0,6.0,3.0,4.0,5.0,2.0,5.0,0.548739943332194
9926,68.0,61.0,5.0,1.0,6.0,2.0,4.0,4.0,3.0,5.0,0.559817766260719
10137,46.0,49.0,4.0,0.0,4.0,3.0,3.0,2.0,1.0,2.0,0.978745339251396
8961,67.0,67.0,6.0,1.0,6.0,3.0,4.0,5.0,1.0,9.0,1.33011826739428
12561,29.0,70.0,6.0,1.0,1.0,2.0,,2.0,1.0,2.0,0.966412864397729
11623,52.0,42.0,5.0,0.0,5.0,2.0,4.0,4.0,2.0,6.0,0.564469225969891
10355,68.0,49.0,7.0,0.0,6.0,2.0,4.0,1.0,1.0,8.0,0.656277545290318
11092,50.0,46.0,5.0,1.0,2.0,3.0,4.0,5.0,2.0,9.0,1.67150611214261
8962,51.0,55.0,5.0,1.0,4.0,3.0,4.0,4.0,2.0,4.0,0.437093686542249
13045,65.0,56.0,6.0,1.0,6.0,3.0,4.0,2.0,1.0,8.0,0.668189358427894
11361,95.0,45.0,5.0,1.0,6.0,3.0,4.0,2.0,,6.0,0.467701204253611
11931,66.0,43.0,5.0,0.0,4.0,2.0,4.0,4.0,3.0,7.0,1.29889386838628
13046,67.0,62.0,5.0,0.0,4.0,2.0,4.0,4.0,1.0,3.0,0.716924559805053
10561,77.0,77.0,6.0,1.0,6.0,3.0,4.0,5.0,1.0,7.0,0.463609696941474
11093,67.0,53.0,5.0,1.0,6.0,3.0,4.0,4.0,1.0,9.0,0.809941456143922
8322,59.0,56.0,5.0,1.0,5.0,3.0,4.0,5.0,1.0,6.0,0.334141135898757
12562,78.0,46.0,6.0,0.0,5.0,3.0,4.0,3.0,2.0,9.0,0.452433786378043
8728,86.0,56.0,4.0,0.0,1.0,3.0,4.0,5.0,2.0,9.0,0.305977967105136
10138,39.0,79.0,7.0,0.0,1.0,2.0,1.0,1.0,2.0,1.0,1.06355991337509
8729,28.0,75.0,6.0,1.0,4.0,2.0,4.0,5.0,1.0,5.0,0.645928225189882
11932,78.0,56.0,4.0,1.0,6.0,3.0,4.0,4.0,2.0,9.0,0.992996267046333
10562,79.0,64.0,6.0,0.0,4.0,3.0,4.0,4.0,3.0,1.0,0.736745476301478
7269,39.0,56.0,5.0,1.0,5.0,1.0,3.0,2.0,3.0,7.0,1.36088234602696
14115,64.0,47.0,4.0,1.0,4.0,3.0,4.0,5.0,2.0,9.0,0.815617648809735
10139,64.0,51.0,5.0,1.0,6.0,3.0,4.0,4.0,2.0,8.0,1.32656293268858
9927,43.0,42.0,3.0,1.0,3.0,2.0,1.0,5.0,1.0,1.0,1.44802919840639
10563,83.0,60.0,6.0,1.0,5.0,3.0,4.0,4.0,1.0,7.0,0.214625862348427
9928,59.0,39.0,3.0,0.0,5.0,3.0,4.0,5.0,3.0,7.0,0.78459240006957
8530,38.0,52.0,5.0,1.0,6.0,3.0,4.0,1.0,1.0,1.0,1.11006615879643
11362,26.0,46.0,2.0,1.0,6.0,3.0,1.0,5.0,2.0,8.0,0.812073649889526
8323,29.0,32.0,2.0,0.0,2.0,1.0,1.0,1.0,3.0,8.0,0.91483017002588
12018,85.0,62.0,5.0,1.0,6.0,3.0,4.0,5.0,1.0,8.0,0.444032863028289
11094,30.0,56.0,3.0,0.0,2.0,2.0,1.0,2.0,3.0,3.0,0.752638961180817
8129,39.0,82.0,6.0,1.0,2.0,2.0,1.0,1.0,2.0,3.0,1.27173833900628
9198,67.0,56.0,5.0,1.0,5.0,2.0,4.0,5.0,1.0,9.0,0.49505346992289
9199,56.0,52.0,4.0,0.0,4.0,3.0,2.0,3.0,1.0,7.0,4.85454518923139
10356,75.0,45.0,4.0,0.0,6.0,3.0,4.0,4.0,2.0,7.0,0.851149485617091
11095,31.0,50.0,4.0,1.0,1.0,1.0,1.0,5.0,4.0,1.0,1.01497145233571
8324,36.0,31.0,5.0,0.0,2.0,3.0,4.0,3.0,2.0,8.0,0.847496026590327
13592,54.0,46.0,4.0,1.0,5.0,3.0,4.0,5.0,2.0,9.0,0.719250277404472
11729,58.0,43.0,5.0,0.0,2.0,2.0,4.0,5.0,2.0,4.0,0.362768744807948
9699,51.0,57.0,5.0,1.0,5.0,3.0,4.0,1.0,2.0,8.0,1.48120050837686
12236,71.0,58.0,5.0,1.0,6.0,3.0,1.0,5.0,2.0,6.0,0.507510048355514
8730,74.0,56.0,6.0,0.0,4.0,2.0,4.0,3.0,2.0,2.0,1.22163341241824
12307,62.0,57.0,5.0,1.0,6.0,2.0,4.0,3.0,2.0,3.0,0.647300589645439
13434,59.0,47.0,5.0,1.0,4.0,3.0,4.0,5.0,2.0,5.0,0.660503625024
7395,39.0,34.0,5.0,0.0,4.0,2.0,1.0,3.0,3.0,1.0,0.479191004711873
8963,62.0,67.0,7.0,1.0,5.0,3.0,4.0,4.0,1.0,9.0,0.655304600164212
9200,58.0,53.0,6.0,1.0,5.0,3.0,4.0,2.0,2.0,7.0,1.7258750199596
8004,41.0,48.0,5.0,0.0,3.0,3.0,4.0,4.0,1.0,7.0,0.364886679172436
13629,30.0,28.0,1.0,1.0,2.0,3.0,4.0,3.0,2.0,9.0,4.37136790499199
9201,61.0,64.0,6.0,1.0,5.0,3.0,4.0,5.0,2.0,8.0,0.654440984573421
12521,55.0,44.0,5.0,1.0,5.0,2.0,4.0,3.0,3.0,6.0,0.579867046325649
10140,67.0,35.0,2.0,0.0,4.0,3.0,4.0,4.0,2.0,8.0,0.782747066404378
8130,58.0,54.0,3.0,,4.0,3.0,2.0,2.0,1.0,4.0,0.835793633936699
8731,65.0,47.0,5.0,0.0,5.0,3.0,4.0,3.0,1.0,7.0,0.556598365750898
8325,63.0,59.0,7.0,1.0,5.0,3.0,4.0,1.0,2.0,8.0,0.604983941676389
10564,46.0,54.0,5.0,1.0,6.0,3.0,4.0,4.0,2.0,6.0,0.474631665580547
11363,53.0,40.0,4.0,0.0,4.0,3.0,3.0,5.0,2.0,4.0,0.977345990797903
11505,73.0,57.0,6.0,1.0,6.0,2.0,4.0,5.0,3.0,3.0,0.564507986336706
12599,39.0,48.0,5.0,1.0,5.0,3.0,4.0,3.0,2.0,5.0,0.9379121198635552
11096,19.0,49.0,6.0,0.0,4.0,3.0,1.0,1.0,1.0,1.0,0.887237155619647
13224,83.0,46.0,4.0,1.0,6.0,3.0,4.0,5.0,2.0,8.0,0.936678631305422
12476,79.0,70.0,6.0,,5.0,3.0,4.0,3.0,1.0,8.0,0.40340673011185
7864,45.0,41.0,3.0,1.0,3.0,3.0,2.0,2.0,2.0,9.0,1.76604652399257
11233,73.0,47.0,4.0,1.0,6.0,2.0,4.0,3.0,2.0,8.0,1.26718916911805
8732,82.0,40.0,,1.0,6.0,2.0,4.0,3.0,3.0,6.0,1.63823138780551
11838,51.0,39.0,4.0,1.0,4.0,2.0,1.0,4.0,2.0,8.0,1.24804671733264
11730,61.0,42.0,5.0,1.0,5.0,3.0,4.0,4.0,2.0,7.0,1.06710818386439
9929,62.0,53.0,4.0,0.0,6.0,3.0,4.0,5.0,2.0,8.0,0.797362017072965
8531,88.0,53.0,5.0,1.0,6.0,3.0,4.0,5.0,2.0,8.0,0.44370609489068
8964,45.0,51.0,4.0,0.0,5.0,1.0,3.0,5.0,1.0,7.0,1.5142775349164
8733,35.0,62.0,5.0,0.0,5.0,0.0,4.0,2.0,3.0,1.0,1.19622835520067
14380,57.0,53.0,5.0,0.0,4.0,2.0,,2.0,1.0,4.0,0.475006805608467
11506,53.0,42.0,5.0,0.0,5.0,2.0,4.0,3.0,2.0,3.0,0.715695805252286
10917,55.0,54.0,5.0,1.0,4.0,3.0,4.0,1.0,2.0,7.0,0.613581252944949
11507,77.0,42.0,4.0,0.0,5.0,2.0,4.0,5.0,2.0,3.0,0.595705826954785
10141,60.0,56.0,6.0,1.0,5.0,1.0,,4.0,2.0,8.0,1.43597132467536
11731,72.0,74.0,6.0,0.0,6.0,3.0,4.0,5.0,1.0,4.0,1.30186820842126
11732,49.0,46.0,4.0,1.0,3.0,3.0,4.0,3.0,2.0,4.0,0.716924559805053
11364,65.0,60.0,5.0,1.0,6.0,3.0,4.0,5.0,2.0,6.0,0.467189867906821
10142,50.0,44.0,5.0,1.0,3.0,2.0,3.0,3.0,2.0,8.0,1.13788634934236
7396,54.0,45.0,4.0,1.0,4.0,2.0,4.0,4.0,2.0,8.0,1.63552660547092
7397,52.0,34.0,4.0,0.0,4.0,1.0,,5.0,3.0,8.0,1.88286799611714
8532,65.0,43.0,5.0,1.0,5.0,3.0,4.0,5.0,2.0,9.0,0.654091583106235
9202,53.0,53.0,5.0,1.0,5.0,3.0,4.0,3.0,3.0,9.0,1.99671445852679
8734,83.0,69.0,5.0,1.0,6.0,3.0,4.0,5.0,1.0,8.0,0.792701232969205
14220,56.0,42.0,4.0,1.0,4.0,3.0,3.0,5.0,2.0,8.0,1.01586300296498
11097,71.0,66.0,7.0,1.0,6.0,3.0,4.0,3.0,1.0,5.0,0.518039919267035
8533,57.0,40.0,4.0,0.0,3.0,3.0,3.0,3.0,2.0,7.0,1.11484398633918
10357,44.0,52.0,4.0,0.0,3.0,2.0,3.0,4.0,2.0,2.0,0.8566479072326
11098,70.0,55.0,6.0,0.0,5.0,2.0,4.0,4.0,3.0,2.0,0.616893145190339
8326,58.0,56.0,5.0,1.0,6.0,3.0,4.0,3.0,2.0,7.0,0.91484217551825
7398,45.0,41.0,5.0,1.0,3.0,1.0,3.0,5.0,3.0,3.0,0.695188086913514
9203,57.0,41.0,5.0,0.0,4.0,2.0,4.0,3.0,3.0,8.0,0.74140427117964
7865,29.0,38.0,5.0,1.0,5.0,3.0,1.0,1.0,1.0,9.0,1.05680540749134
8965,53.0,46.0,3.0,1.0,6.0,3.0,4.0,4.0,2.0,8.0,0.476962626107654
8005,60.0,52.0,5.0,1.0,4.0,0.0,2.0,4.0,3.0,2.0,0.572270839728157
7399,81.0,85.0,5.0,1.0,6.0,1.0,4.0,5.0,1.0,5.0,1.52598891998219
12237,59.0,65.0,5.0,1.0,6.0,3.0,3.0,1.0,1.0,6.0,1.40604028789898
7743,72.0,47.0,5.0,1.0,5.0,3.0,4.0,4.0,2.0,9.0,0.816679835167205
11234,34.0,45.0,5.0,1.0,3.0,3.0,3.0,4.0,4.0,9.0,1.14928859016078
12678,54.0,54.0,5.0,1.0,5.0,3.0,3.0,3.0,3.0,4.0,0.597089468668002
9700,67.0,61.0,6.0,0.0,4.0,3.0,4.0,4.0,2.0,2.0,0.721076441764695
9930,68.0,57.0,5.0,0.0,4.0,2.0,4.0,4.0,3.0,5.0,0.763245203570024
12600,50.0,44.0,4.0,1.0,2.0,3.0,3.0,3.0,2.0,8.0,0.773123771609444
7125,35.0,52.0,7.0,1.0,4.0,1.0,3.0,5.0,4.0,9.0,1.09393539061973
11235,79.0,57.0,6.0,1.0,5.0,3.0,4.0,3.0,1.0,9.0,0.45512953705197
13334,46.0,44.0,5.0,1.0,4.0,2.0,1.0,4.0,2.0,3.0,0.675816242706003
8966,72.0,55.0,6.0,0.0,4.0,2.0,4.0,5.0,3.0,4.0,0.703622855774183
13053,56.0,40.0,5.0,1.0,4.0,2.0,3.0,3.0,3.0,6.0,1.54868525394476
12308,37.0,48.0,5.0,1.0,4.0,3.0,1.0,2.0,2.0,1.0,0.637570212119866
9448,53.0,55.0,5.0,0.0,5.0,3.0,3.0,5.0,2.0,3.0,1.4269558196171
13147,69.0,62.0,7.0,1.0,5.0,1.0,4.0,5.0,3.0,8.0,1.30150653538086
12522,55.0,48.0,4.0,1.0,6.0,3.0,4.0,3.0,2.0,9.0,0.882904479351537
12167,27.0,49.0,4.0,1.0,2.0,3.0,1.0,1.0,1.0,7.0,1.33770529143015
9931,50.0,56.0,5.0,1.0,5.0,3.0,4.0,4.0,1.0,9.0,1.88801290841242
12830,56.0,44.0,3.0,1.0,3.0,2.0,4.0,5.0,1.0,3.0,0.692207248723215
9204,81.0,20.0,3.0,0.0,6.0,3.0,4.0,3.0,3.0,7.0,0.585983905785532
8131,60.0,60.0,6.0,1.0,6.0,3.0,4.0,2.0,2.0,9.0,0.899822332961181
10358,51.0,44.0,4.0,1.0,5.0,3.0,4.0,5.0,1.0,6.0,0.535159023245735
13599,48.0,57.0,6.0,1.0,6.0,2.0,,1.0,4.0,1.0,0.782328362679419
12422,77.0,61.0,5.0,0.0,5.0,3.0,4.0,4.0,1.0,5.0,0.404224225123736
11099,54.0,45.0,5.0,1.0,5.0,1.0,3.0,1.0,2.0,6.0,1.40479528977462
14301,58.0,47.0,6.0,1.0,6.0,3.0,4.0,3.0,1.0,9.0,1.136270396264
11933,81.0,68.0,5.0,1.0,6.0,3.0,4.0,5.0,2.0,9.0,0.307781199232946
10359,67.0,56.0,5.0,1.0,5.0,3.0,4.0,3.0,2.0,9.0,1.77400689273698
12423,57.0,43.0,5.0,0.0,5.0,3.0,4.0,4.0,2.0,8.0,0.400689567546821
8967,70.0,65.0,5.0,1.0,6.0,3.0,4.0,4.0,2.0,7.0,0.91484217551825
13780,56.0,46.0,4.0,0.0,6.0,3.0,4.0,1.0,1.0,4.0,0.613108792790043
12563,37.0,56.0,5.0,1.0,2.0,3.0,1.0,5.0,2.0,1.0,0.509924248193315
13022,53.0,38.0,4.0,1.0,4.0,3.0,3.0,1.0,2.0,8.0,0.787896320316313
10143,69.0,53.0,5.0,1.0,3.0,3.0,4.0,4.0,2.0,9.0,1.12357576198671
11236,57.0,51.0,4.0,1.0,5.0,3.0,4.0,3.0,2.0,5.0,1.28059198951955
10360,53.0,40.0,5.0,1.0,4.0,2.0,3.0,4.0,2.0,6.0,0.404224225123736
11508,89.0,63.0,4.0,0.0,6.0,3.0,4.0,4.0,1.0,2.0,0.963932300886126
8735,58.0,48.0,5.0,0.0,5.0,3.0,4.0,4.0,2.0,3.0,0.394714136663499
8132,63.0,71.0,7.0,1.0,6.0,3.0,4.0,3.0,1.0,9.0,0.6315765164949
9205,55.0,69.0,5.0,1.0,6.0,2.0,4.0,4.0,1.0,8.0,1.25396385103415
8968,53.0,44.0,5.0,1.0,5.0,3.0,4.0,3.0,3.0,9.0,0.454609189154465
7866,69.0,35.0,4.0,0.0,5.0,3.0,4.0,5.0,3.0,7.0,1.22856725407533
9449,59.0,50.0,5.0,0.0,2.0,3.0,3.0,3.0,2.0,2.0,0.419506524917905
9701,63.0,62.0,5.0,0.0,6.0,3.0,4.0,3.0,2.0,9.0,0.83404187366069
8969,51.0,46.0,5.0,0.0,6.0,3.0,4.0,5.0,2.0,8.0,0.919734520517594
8327,51.0,59.0,6.0,1.0,6.0,3.0,4.0,3.0,2.0,4.0,1.26351547508631
13086,41.0,31.0,3.0,1.0,2.0,2.0,1.0,1.0,2.0,2.0,1.55092621822903
11839,54.0,55.0,5.0,1.0,5.0,3.0,3.0,2.0,1.0,4.0,1.45335818245915
10144,54.0,49.0,5.0,1.0,6.0,3.0,3.0,3.0,2.0,7.0,1.06710818386439
8970,31.0,42.0,6.0,1.0,4.0,3.0,1.0,2.0,2.0,5.0,1.20041109906776
10565,45.0,35.0,4.0,1.0,5.0,3.0,4.0,1.0,1.0,9.0,0.64388812807786
13233,51.0,42.0,6.0,1.0,5.0,3.0,4.0,2.0,3.0,6.0,0.766311213577628
9206,57.0,65.0,5.0,1.0,4.0,3.0,4.0,5.0,2.0,9.0,0.617604056615203
13119,67.0,76.0,6.0,1.0,6.0,3.0,4.0,5.0,2.0,9.0,1.00723646184369
9702,58.0,57.0,5.0,1.0,6.0,3.0,4.0,5.0,2.0,9.0,0.944791046346529
8006,82.0,70.0,7.0,1.0,6.0,3.0,4.0,4.0,1.0,9.0,0.520321550089908
13415,55.0,53.0,6.0,1.0,6.0,2.0,1.0,4.0,2.0,1.0,0.638129848554055
10918,58.0,53.0,5.0,1.0,4.0,3.0,4.0,3.0,2.0,7.0,0.345001951408897
8133,74.0,45.0,4.0,1.0,5.0,3.0,4.0,4.0,1.0,9.0,0.664112606998115
8736,55.0,46.0,4.0,1.0,5.0,3.0,4.0,2.0,2.0,9.0,1.41914649967807
13761,64.0,65.0,5.0,1.0,6.0,3.0,4.0,5.0,1.0,9.0,1.3044754321899
10566,54.0,43.0,5.0,0.0,5.0,3.0,4.0,3.0,2.0,5.0,0.533833103325354
10919,85.0,71.0,7.0,1.0,6.0,3.0,4.0,5.0,1.0,5.0,0.428241076700406
8328,70.0,55.0,5.0,0.0,5.0,3.0,4.0,5.0,2.0,9.0,0.992996267046333
8971,95.0,72.0,6.0,0.0,6.0,3.0,4.0,2.0,1.0,5.0,0.491166615592356
8007,55.0,52.0,5.0,1.0,4.0,2.0,1.0,4.0,3.0,1.0,0.591374764550604
8737,63.0,65.0,7.0,1.0,6.0,3.0,4.0,4.0,2.0,8.0,0.400155835428909
13588,64.0,45.0,5.0,1.0,6.0,3.0,4.0,3.0,1.0,5.0,1.10863074405016
14261,33.0,33.0,7.0,0.0,6.0,1.0,1.0,2.0,3.0,2.0,1.18660724120538
10362,62.0,82.0,6.0,1.0,4.0,3.0,3.0,1.0,2.0,5.0,1.42531218505645
10766,44.0,29.0,5.0,1.0,1.0,3.0,3.0,2.0,2.0,9.0,1.01961363157284
13320,65.0,50.0,6.0,0.0,5.0,3.0,4.0,5.0,4.0,9.0,0.654091583106235
12937,72.0,70.0,5.0,1.0,6.0,3.0,4.0,5.0,1.0,9.0,1.10007916109788
9703,76.0,67.0,5.0,1.0,6.0,3.0,4.0,3.0,1.0,7.0,0.426220118055533
10363,61.0,61.0,5.0,1.0,5.0,2.0,4.0,4.0,2.0,3.0,1.23630056692747
11934,67.0,53.0,5.0,1.0,6.0,3.0,4.0,3.0,2.0,8.0,0.467894250142085
9207,55.0,34.0,5.0,1.0,6.0,2.0,4.0,4.0,3.0,8.0,1.68718612344007
10567,48.0,50.0,5.0,1.0,1.0,2.0,1.0,2.0,1.0,6.0,0.31158496281498
9450,79.0,85.0,6.0,1.0,6.0,3.0,4.0,4.0,1.0,7.0,1.1793283708525
12564,69.0,47.0,2.0,0.0,4.0,3.0,4.0,2.0,3.0,2.0,0.715223801393582
11100,55.0,44.0,5.0,1.0,4.0,3.0,4.0,2.0,3.0,8.0,0.604178082510975
13590,54.0,41.0,5.0,0.0,2.0,3.0,4.0,3.0,3.0,7.0,1.22838138701652
11237,59.0,51.0,5.0,1.0,5.0,3.0,4.0,5.0,2.0,4.0,0.85379889220657
8534,56.0,45.0,4.0,1.0,5.0,3.0,4.0,1.0,1.0,3.0,1.24546813642032
10767,80.0,59.0,6.0,0.0,6.0,3.0,4.0,5.0,1.0,4.0,0.295383779039555
12523,53.0,53.0,6.0,0.0,2.0,3.0,4.0,2.0,2.0,1.0,0.746056562356204
7270,61.0,38.0,4.0,1.0,4.0,2.0,4.0,4.0,2.0,9.0,1.13723396500634
9704,63.0,58.0,7.0,1.0,6.0,3.0,4.0,3.0,1.0,8.0,0.375901145990879
11238,60.0,58.0,5.0,1.0,6.0,2.0,4.0,4.0,2.0,6.0,1.02160788239247
10364,55.0,58.0,5.0,1.0,6.0,3.0,3.0,5.0,1.0,9.0,1.33011826739428
9208,55.0,55.0,5.0,1.0,5.0,3.0,2.0,2.0,1.0,5.0,0.927699371408609
10145,72.0,57.0,7.0,1.0,6.0,3.0,4.0,1.0,2.0,8.0,1.0383072108175
11101,63.0,43.0,4.0,1.0,6.0,3.0,4.0,3.0,3.0,6.0,0.482612950331641
12309,68.0,41.0,5.0,0.0,3.0,3.0,4.0,4.0,1.0,8.0,0.428443646566966
8738,50.0,56.0,5.0,0.0,6.0,3.0,4.0,3.0,2.0,9.0,2.8132126634854
13489,37.0,54.0,7.0,1.0,5.0,3.0,1.0,,1.0,4.0,1.00610083250194
9209,58.0,49.0,5.0,1.0,3.0,1.0,3.0,4.0,4.0,7.0,1.42964460617799
13752,56.0,46.0,4.0,0.0,5.0,3.0,4.0,3.0,3.0,7.0,0.400605844857277
12524,63.0,56.0,5.0,1.0,5.0,3.0,4.0,3.0,2.0,5.0,0.392709114869326
11840,57.0,85.0,7.0,1.0,2.0,1.0,4.0,2.0,1.0,1.0,0.679517729721814
13148,71.0,69.0,6.0,1.0,5.0,3.0,4.0,4.0,1.0,9.0,1.12638920506917
8972,63.0,61.0,5.0,1.0,4.0,3.0,4.0,5.0,2.0,9.0,0.710662773519383
10768,55.0,51.0,5.0,1.0,4.0,2.0,,4.0,3.0,1.0,1.0763453577531
9210,56.0,47.0,4.0,1.0,3.0,3.0,4.0,5.0,2.0,7.0,0.490450692570082
10568,71.0,47.0,5.0,1.0,4.0,3.0,4.0,3.0,1.0,9.0,0.446504870156368
10365,67.0,51.0,5.0,0.0,4.0,3.0,4.0,4.0,2.0,7.0,0.367291877597199
9932,63.0,50.0,5.0,1.0,4.0,3.0,4.0,5.0,1.0,4.0,1.1106091861059
8134,50.0,40.0,5.0,1.0,5.0,2.0,4.0,1.0,3.0,7.0,1.7095849924204
7321,43.0,39.0,5.0,1.0,2.0,2.0,4.0,5.0,3.0,6.0,1.02160788239247
11624,64.0,73.0,6.0,1.0,6.0,3.0,4.0,5.0,2.0,9.0,1.0007995909653
10366,51.0,37.0,4.0,1.0,6.0,3.0,4.0,5.0,2.0,6.0,0.525618742181113
10146,52.0,40.0,4.0,0.0,4.0,3.0,4.0,2.0,2.0,2.0,0.739827381460664
12019,33.0,33.0,3.0,0.0,3.0,1.0,1.0,3.0,1.0,4.0,0.856799763455801
9211,44.0,31.0,3.0,0.0,3.0,2.0,,3.0,1.0,4.0,1.12619273544577
11841,65.0,52.0,5.0,1.0,5.0,2.0,4.0,3.0,2.0,9.0,1.28641024519565
11625,66.0,56.0,6.0,0.0,5.0,3.0,3.0,3.0,1.0,3.0,0.555808200967859
9212,74.0,60.0,6.0,1.0,5.0,3.0,4.0,5.0,1.0,8.0,0.646888631698657
9451,95.0,63.0,5.0,0.0,5.0,3.0,4.0,5.0,2.0,9.0,0.305977967105136
9452,64.0,49.0,5.0,1.0,6.0,3.0,4.0,4.0,2.0,9.0,0.589904769487649
8535,67.0,75.0,5.0,1.0,6.0,2.0,4.0,4.0,1.0,6.0,1.04350121380703
13657,40.0,29.0,1.0,0.0,2.0,2.0,1.0,5.0,2.0,1.0,2.11129832888307
9705,75.0,70.0,7.0,1.0,6.0,3.0,4.0,4.0,2.0,8.0,0.779704372881932
8973,65.0,61.0,5.0,1.0,5.0,3.0,4.0,5.0,2.0,8.0,1.31318630888382
14320,61.0,66.0,4.0,0.0,6.0,3.0,4.0,2.0,1.0,1.0,1.45213829151532
9453,62.0,48.0,6.0,1.0,5.0,3.0,4.0,4.0,2.0,8.0,0.584891117887822
11842,54.0,52.0,5.0,1.0,4.0,3.0,4.0,3.0,2.0,8.0,0.669932745881724
12901,58.0,45.0,5.0,1.0,4.0,3.0,3.0,4.0,2.0,8.0,1.30150653538086
12854,56.0,51.0,6.0,0.0,3.0,3.0,4.0,2.0,1.0,6.0,0.289549619878015
9933,48.0,52.0,5.0,1.0,4.0,3.0,4.0,3.0,2.0,1.0,0.801111926963704
8329,55.0,33.0,2.0,0.0,2.0,3.0,4.0,4.0,3.0,2.0,0.903341017899105
9706,74.0,56.0,,1.0,4.0,3.0,4.0,3.0,2.0,7.0,0.425747786830496
8330,41.0,55.0,5.0,0.0,2.0,0.0,1.0,3.0,2.0,6.0,1.60535703595235
14367,56.0,40.0,3.0,1.0,6.0,1.0,4.0,1.0,1.0,8.0,0.57682275648546
10147,62.0,54.0,5.0,1.0,6.0,2.0,4.0,5.0,1.0,8.0,0.801507025054746
11102,50.0,56.0,5.0,1.0,6.0,3.0,4.0,1.0,2.0,3.0,0.566556007018854
13447,60.0,48.0,5.0,1.0,5.0,3.0,4.0,3.0,2.0,9.0,0.719250277404472
11509,52.0,41.0,5.0,0.0,6.0,3.0,4.0,3.0,2.0,3.0,0.771035483823076
13901,57.0,35.0,3.0,0.0,5.0,3.0,4.0,4.0,2.0,8.0,0.528783552910245
10920,53.0,41.0,3.0,0.0,3.0,3.0,2.0,4.0,2.0,4.0,0.692791032753904
12168,84.0,68.0,6.0,1.0,6.0,3.0,4.0,3.0,1.0,3.0,0.679425764389034
7322,48.0,42.0,1.0,0.0,3.0,2.0,,3.0,4.0,2.0,1.38202113983873
13856,61.0,47.0,4.0,1.0,4.0,2.0,2.0,1.0,1.0,1.0,0.91528343622324
10769,42.0,80.0,5.0,0.0,6.0,2.0,4.0,1.0,3.0,6.0,0.518039919267035
11843,76.0,82.0,7.0,1.0,6.0,3.0,4.0,2.0,1.0,4.0,1.23062060000594
10569,75.0,71.0,6.0,1.0,6.0,3.0,4.0,3.0,1.0,5.0,0.646088092592623
10570,72.0,67.0,7.0,1.0,5.0,3.0,4.0,5.0,2.0,7.0,0.214625862348427
8008,86.0,71.0,7.0,1.0,5.0,3.0,4.0,5.0,2.0,9.0,0.670269722396469
12975,53.0,47.0,5.0,1.0,3.0,2.0,2.0,2.0,1.0,1.0,1.19622835520067
10367,57.0,50.0,4.0,1.0,5.0,3.0,4.0,3.0,3.0,8.0,0.428443646566966
11626,41.0,59.0,7.0,1.0,3.0,3.0,3.0,2.0,3.0,2.0,0.482664698350186
7867,59.0,56.0,4.0,1.0,5.0,2.0,3.0,3.0,1.0,4.0,0.488926027207662
11627,62.0,49.0,6.0,1.0,4.0,3.0,3.0,3.0,1.0,8.0,0.810563295511147
10921,42.0,39.0,4.0,1.0,3.0,3.0,3.0,2.0,2.0,3.0,0.576839322875096
9454,58.0,48.0,5.0,1.0,6.0,3.0,4.0,1.0,2.0,8.0,0.57513312609829
13792,16.0,29.0,3.0,1.0,2.0,2.0,1.0,1.0,1.0,1.0,1.15146760390183
8739,30.0,39.0,3.0,1.0,4.0,2.0,3.0,1.0,2.0,5.0,1.66306499059413
13076,68.0,50.0,5.0,0.0,2.0,2.0,4.0,3.0,2.0,7.0,0.279248192711346
8009,36.0,43.0,5.0,0.0,2.0,2.0,1.0,3.0,2.0,6.0,0.849523959415437
9707,26.0,24.0,3.0,0.0,1.0,3.0,2.0,2.0,2.0,3.0,1.08549003346922
11935,56.0,51.0,6.0,1.0,6.0,3.0,4.0,4.0,3.0,9.0,0.983808483800255
12359,61.0,55.0,5.0,1.0,6.0,3.0,4.0,2.0,2.0,6.0,0.606792234260956
9934,69.0,54.0,5.0,1.0,6.0,3.0,4.0,2.0,1.0,7.0,0.538042993204656
9708,63.0,58.0,5.0,1.0,5.0,3.0,4.0,4.0,2.0,5.0,0.353565343769126
12812,48.0,37.0,4.0,1.0,6.0,3.0,4.0,3.0,3.0,7.0,0.982312072487898
13806,38.0,43.0,4.0,0.0,5.0,2.0,,4.0,2.0,1.0,3.70571708971899
10148,36.0,57.0,5.0,1.0,3.0,3.0,1.0,3.0,1.0,3.0,0.809197945234043
11239,70.0,71.0,5.0,1.0,5.0,3.0,4.0,5.0,3.0,7.0,0.528451299601341
11628,31.0,33.0,3.0,1.0,3.0,3.0,1.0,1.0,3.0,3.0,0.829407707006945
13782,49.0,32.0,3.0,0.0,3.0,3.0,3.0,3.0,2.0,7.0,1.36230274714595
10770,31.0,43.0,2.0,1.0,2.0,3.0,1.0,4.0,1.0,5.0,1.0139081412611
12169,35.0,45.0,4.0,0.0,4.0,3.0,,2.0,2.0,8.0,0.61862525860499
10571,75.0,52.0,5.0,1.0,6.0,3.0,4.0,2.0,1.0,9.0,0.838544918601215
8974,69.0,60.0,6.0,1.0,5.0,3.0,4.0,5.0,2.0,9.0,0.478042815117411
10368,59.0,58.0,5.0,1.0,5.0,3.0,4.0,3.0,3.0,8.0,0.50055882262053
11629,49.0,42.0,3.0,1.0,4.0,1.0,,4.0,2.0,7.0,1.63689580037885
8536,63.0,53.0,6.0,1.0,5.0,3.0,4.0,5.0,2.0,8.0,0.967696667737628
8010,54.0,70.0,6.0,1.0,5.0,3.0,4.0,5.0,2.0,9.0,0.815617648809735
14303,44.0,41.0,5.0,1.0,4.0,3.0,4.0,3.0,2.0,7.0,0.700002010554992
12642,33.0,39.0,4.0,0.0,1.0,2.0,1.0,4.0,2.0,1.0,1.20301965346741
9455,78.0,85.0,7.0,1.0,6.0,3.0,4.0,1.0,1.0,9.0,1.11076328758252
12424,48.0,44.0,4.0,1.0,3.0,0.0,,2.0,3.0,7.0,1.43612782198583
11365,45.0,44.0,5.0,0.0,2.0,2.0,1.0,3.0,2.0,1.0,0.886539718308014
10149,65.0,60.0,5.0,1.0,3.0,3.0,4.0,2.0,1.0,6.0,1.30606009707918
13194,61.0,42.0,5.0,0.0,3.0,3.0,4.0,2.0,1.0,4.0,0.616893145190339
13009,63.0,63.0,6.0,1.0,6.0,3.0,4.0,3.0,3.0,9.0,0.584409536161383
8332,77.0,77.0,7.0,1.0,5.0,3.0,4.0,3.0,1.0,8.0,0.576373116027251
12960,33.0,44.0,5.0,0.0,4.0,2.0,1.0,3.0,3.0,1.0,1.01016772555133
13871,59.0,80.0,5.0,1.0,3.0,2.0,1.0,3.0,1.0,3.0,1.06418646548308
9456,54.0,45.0,3.0,1.0,5.0,3.0,4.0,3.0,2.0,4.0,0.597089468668002
10150,61.0,45.0,5.0,0.0,5.0,3.0,4.0,3.0,2.0,4.0,0.679425764389034
7868,61.0,53.0,6.0,1.0,5.0,3.0,4.0,5.0,3.0,9.0,1.2098774657948
9213,63.0,52.0,6.0,0.0,2.0,3.0,4.0,4.0,3.0,5.0,0.436351467611519
11936,88.0,59.0,6.0,1.0,6.0,2.0,4.0,3.0,1.0,8.0,0.369935320392873
9457,65.0,29.0,3.0,0.0,5.0,3.0,4.0,3.0,3.0,8.0,0.574464262664477
8740,77.0,56.0,5.0,1.0,5.0,3.0,4.0,4.0,2.0,8.0,0.922255351680309
8011,43.0,45.0,5.0,0.0,4.0,1.0,2.0,5.0,4.0,5.0,1.40129421329121
9458,63.0,45.0,4.0,0.0,5.0,3.0,4.0,3.0,2.0,8.0,0.663815954708128
11366,49.0,63.0,6.0,0.0,1.0,2.0,3.0,3.0,1.0,3.0,1.43521384391312
14324,38.0,54.0,5.0,1.0,4.0,3.0,1.0,2.0,1.0,3.0,1.26385205019008
13251,54.0,79.0,4.0,0.0,6.0,2.0,2.0,5.0,4.0,8.0,1.68240793888125
10369,54.0,43.0,4.0,1.0,5.0,3.0,4.0,3.0,1.0,7.0,0.505434552314697
13483,43.0,25.0,2.0,0.0,1.0,3.0,1.0,1.0,3.0,1.0,1.08684267040155
8741,37.0,45.0,5.0,1.0,4.0,2.0,3.0,3.0,2.0,6.0,1.36625450557337
9935,55.0,43.0,3.0,0.0,4.0,3.0,4.0,1.0,1.0,7.0,0.378201205467138
12525,55.0,45.0,3.0,1.0,5.0,2.0,4.0,4.0,4.0,6.0,0.467732194611889
10572,74.0,58.0,4.0,1.0,6.0,3.0,4.0,5.0,1.0,7.0,1.21360505046559
7745,49.0,42.0,4.0,0.0,4.0,2.0,3.0,4.0,2.0,7.0,1.17405670928093
12712,39.0,46.0,5.0,1.0,4.0,2.0,1.0,3.0,2.0,5.0,1.40604028789898
8975,44.0,59.0,5.0,1.0,4.0,3.0,2.0,2.0,3.0,6.0,0.833215983336481
10151,60.0,60.0,5.0,1.0,6.0,2.0,3.0,,,4.0,1.4269558196171
8742,21.0,8.0,4.0,1.0,1.0,3.0,1.0,1.0,3.0,3.0,0.933001197747722
13820,23.0,58.0,6.0,1.0,1.0,2.0,1.0,3.0,2.0,1.0,0.711299310232988
10370,43.0,39.0,5.0,0.0,4.0,2.0,3.0,3.0,1.0,7.0,0.63022092619849
11103,27.0,39.0,3.0,1.0,1.0,3.0,1.0,1.0,1.0,7.0,2.96665298809055
11844,72.0,50.0,6.0,1.0,4.0,2.0,4.0,3.0,1.0,9.0,0.5583082876702
12098,63.0,62.0,6.0,0.0,5.0,2.0,,5.0,1.0,2.0,0.973995435495995
14371,75.0,50.0,5.0,1.0,5.0,3.0,4.0,4.0,1.0,7.0,0.455829022142875
11630,34.0,51.0,5.0,1.0,2.0,3.0,,3.0,3.0,2.0,0.744186257090991
14327,59.0,46.0,5.0,1.0,2.0,2.0,4.0,1.0,3.0,8.0,0.529356791902151
11240,78.0,69.0,6.0,1.0,6.0,3.0,4.0,1.0,1.0,1.0,1.19622835520067
10573,79.0,62.0,6.0,1.0,6.0,3.0,4.0,4.0,1.0,9.0,1.28641024519565
14313,51.0,42.0,5.0,1.0,3.0,3.0,4.0,5.0,2.0,4.0,0.618436892267338
7746,49.0,55.0,6.0,1.0,6.0,2.0,1.0,3.0,3.0,1.0,0.875270037099789
10371,61.0,64.0,5.0,1.0,5.0,3.0,4.0,3.0,2.0,9.0,0.684160110180682
11104,81.0,52.0,4.0,1.0,6.0,3.0,4.0,3.0,2.0,7.0,0.227340298421614
13774,49.0,42.0,4.0,0.0,4.0,1.0,,2.0,3.0,6.0,0.909188568757773
13263,82.0,68.0,5.0,0.0,6.0,2.0,4.0,5.0,2.0,4.0,0.931399452242956
12238,56.0,44.0,5.0,1.0,5.0,3.0,4.0,3.0,2.0,6.0,1.44240777948356
8743,71.0,55.0,5.0,0.0,6.0,0.0,4.0,2.0,3.0,5.0,1.05168577848678
10574,39.0,50.0,6.0,1.0,6.0,3.0,1.0,5.0,2.0,7.0,0.63022092619849
9709,34.0,77.0,7.0,1.0,6.0,2.0,2.0,1.0,4.0,1.0,0.482664698350186
9936,49.0,47.0,4.0,0.0,4.0,3.0,4.0,2.0,3.0,4.0,0.92640661363468
10152,64.0,57.0,6.0,1.0,6.0,3.0,4.0,4.0,1.0,2.0,1.12910808850406
13410,63.0,53.0,6.0,1.0,5.0,3.0,1.0,1.0,3.0,3.0,2.28986289229921
10372,69.0,52.0,5.0,0.0,2.0,2.0,4.0,1.0,2.0,5.0,0.565033071290946
9214,76.0,57.0,5.0,1.0,4.0,3.0,4.0,2.0,2.0,7.0,0.227340298421614
11937,53.0,49.0,5.0,0.0,4.0,2.0,4.0,4.0,1.0,4.0,0.616869759144283
12902,75.0,64.0,6.0,1.0,6.0,3.0,4.0,5.0,1.0,9.0,0.694742310796871
11631,86.0,70.0,5.0,1.0,6.0,3.0,4.0,3.0,1.0,9.0,1.22920384419514
11938,41.0,37.0,3.0,1.0,3.0,0.0,1.0,1.0,2.0,1.0,0.691478516864794
12170,33.0,59.0,6.0,1.0,5.0,3.0,4.0,4.0,2.0,2.0,0.6189779945125
14312,57.0,56.0,5.0,1.0,6.0,3.0,4.0,3.0,2.0,9.0,0.719250277404472
10373,75.0,49.0,5.0,1.0,6.0,3.0,4.0,3.0,2.0,4.0,0.566006688827149
7323,47.0,40.0,5.0,0.0,2.0,0.0,,4.0,2.0,1.0,0.47552714055201
10575,32.0,53.0,6.0,1.0,5.0,3.0,2.0,3.0,2.0,4.0,0.662573159858047
8744,52.0,36.0,4.0,1.0,4.0,2.0,4.0,4.0,2.0,6.0,1.0213221859217
9459,95.0,75.0,5.0,0.0,6.0,2.0,4.0,5.0,2.0,3.0,0.692207248723215
11105,40.0,82.0,6.0,1.0,6.0,2.0,1.0,1.0,2.0,1.0,2.23249523400527
10374,49.0,52.0,4.0,1.0,6.0,3.0,3.0,3.0,2.0,6.0,2.39124060305604
13272,66.0,39.0,3.0,1.0,5.0,3.0,3.0,2.0,1.0,3.0,0.677184723317399
13355,49.0,57.0,5.0,1.0,4.0,3.0,4.0,4.0,2.0,4.0,0.780767883188043
12020,32.0,45.0,4.0,1.0,6.0,3.0,3.0,1.0,3.0,6.0,0.402196767726746
13822,21.0,38.0,5.0,1.0,2.0,2.0,1.0,1.0,3.0,1.0,0.723455150566843
12360,86.0,75.0,6.0,1.0,6.0,3.0,4.0,5.0,1.0,9.0,0.307781199232946
14163,61.0,44.0,5.0,1.0,1.0,3.0,4.0,2.0,2.0,5.0,4.23829844916254
9460,75.0,55.0,5.0,0.0,6.0,3.0,4.0,4.0,2.0,7.0,0.289271779438408
10576,31.0,37.0,2.0,1.0,2.0,3.0,2.0,5.0,3.0,5.0,0.826986207479568
14296,77.0,67.0,5.0,0.0,6.0,3.0,4.0,4.0,1.0,5.0,0.513327670258078
11241,65.0,45.0,2.0,1.0,1.0,2.0,4.0,1.0,3.0,8.0,1.11217800098189
14322,61.0,56.0,5.0,1.0,5.0,3.0,4.0,4.0,1.0,5.0,0.69787471607682
8135,57.0,52.0,5.0,1.0,4.0,2.0,4.0,3.0,1.0,8.0,1.43038080453109
13764,49.0,42.0,5.0,1.0,4.0,3.0,2.0,5.0,1.0,4.0,1.18739932876964
10771,43.0,43.0,5.0,1.0,3.0,3.0,3.0,2.0,3.0,7.0,0.886629853592856
13897,60.0,61.0,5.0,1.0,6.0,2.0,4.0,5.0,1.0,6.0,1.20063901550996
9461,54.0,28.0,5.0,1.0,2.0,3.0,1.0,3.0,1.0,3.0,0.96639439562481
8537,49.0,42.0,4.0,0.0,4.0,3.0,3.0,5.0,2.0,8.0,1.51405597295409
13411,60.0,53.0,5.0,1.0,3.0,3.0,4.0,4.0,2.0,9.0,1.88801290841242
11733,66.0,55.0,5.0,1.0,5.0,3.0,4.0,4.0,2.0,9.0,1.88801290841242
12813,46.0,38.0,5.0,1.0,2.0,2.0,4.0,1.0,1.0,8.0,0.789444717479985
9937,68.0,63.0,5.0,1.0,6.0,3.0,4.0,2.0,1.0,7.0,0.952531600830888
10772,58.0,49.0,5.0,1.0,6.0,3.0,4.0,5.0,2.0,9.0,0.899822332961181
8745,74.0,48.0,5.0,1.0,6.0,3.0,4.0,5.0,2.0,6.0,0.681028437530365
10773,64.0,68.0,6.0,0.0,1.0,3.0,4.0,1.0,1.0,8.0,1.12805300228553
9215,74.0,68.0,7.0,1.0,6.0,2.0,4.0,5.0,1.0,7.0,2.00297869809281
12903,53.0,38.0,4.0,1.0,4.0,1.0,4.0,3.0,3.0,3.0,0.61147162941977
12171,63.0,54.0,5.0,1.0,6.0,3.0,4.0,5.0,2.0,4.0,0.695188086913514
12904,84.0,49.0,4.0,0.0,5.0,3.0,4.0,4.0,2.0,5.0,0.500172094237707
9462,24.0,45.0,5.0,0.0,2.0,2.0,2.0,3.0,2.0,4.0,1.04804731697044
12713,61.0,55.0,6.0,1.0,2.0,3.0,4.0,3.0,1.0,9.0,0.809941456143922
12870,49.0,46.0,5.0,0.0,4.0,3.0,2.0,3.0,2.0,7.0,0.434197570457766
12172,76.0,52.0,5.0,1.0,5.0,3.0,4.0,3.0,1.0,7.0,0.386645788643253
9710,60.0,44.0,5.0,1.0,4.0,3.0,4.0,4.0,2.0,7.0,0.322242695449367
8333,30.0,34.0,4.0,0.0,2.0,3.0,2.0,1.0,3.0,8.0,0.308556564734302
13385,59.0,55.0,5.0,0.0,5.0,3.0,4.0,4.0,1.0,3.0,0.599184229362663
8136,49.0,40.0,5.0,0.0,1.0,2.0,3.0,5.0,2.0,8.0,0.543430110234177
8137,76.0,57.0,4.0,0.0,4.0,3.0,3.0,3.0,1.0,2.0,0.683481385708241
8138,53.0,55.0,5.0,1.0,6.0,1.0,2.0,3.0,2.0,7.0,1.86086623433935
12099,30.0,55.0,4.0,1.0,6.0,1.0,2.0,4.0,1.0,1.0,0.618358895047247
10375,55.0,82.0,7.0,1.0,3.0,3.0,4.0,5.0,2.0,8.0,0.731879085087013
14340,71.0,82.0,5.0,0.0,6.0,3.0,4.0,5.0,1.0,7.0,1.1793283708525
11511,57.0,52.0,5.0,1.0,6.0,3.0,4.0,3.0,2.0,9.0,0.640924888797202
10153,73.0,53.0,6.0,1.0,5.0,3.0,4.0,4.0,1.0,3.0,0.488926027207662
12782,50.0,39.0,5.0,1.0,4.0,2.0,4.0,1.0,2.0,5.0,1.16807222064516
9939,26.0,44.0,4.0,0.0,3.0,3.0,2.0,1.0,2.0,3.0,0.407958533173383
10922,55.0,47.0,5.0,1.0,6.0,2.0,2.0,3.0,2.0,1.0,0.691993610515168
9940,53.0,68.0,7.0,1.0,6.0,3.0,4.0,4.0,1.0,9.0,2.06278144654467
11734,51.0,60.0,6.0,1.0,6.0,3.0,4.0,4.0,2.0,8.0,0.595390494842748
12021,54.0,50.0,5.0,,2.0,1.0,1.0,2.0,2.0,1.0,0.809760075906105
13202,46.0,44.0,5.0,1.0,5.0,3.0,3.0,3.0,1.0,9.0,1.89011668022466
10154,73.0,46.0,3.0,0.0,5.0,2.0,4.0,5.0,2.0,9.0,0.67625413979477
12173,,48.0,7.0,1.0,5.0,1.0,1.0,5.0,2.0,8.0,1.25396385103415
8334,67.0,56.0,5.0,1.0,5.0,3.0,4.0,5.0,2.0,9.0,1.09001191019314
14306,58.0,54.0,6.0,1.0,6.0,3.0,4.0,2.0,2.0,8.0,0.880039544650249
13100,65.0,45.0,6.0,1.0,4.0,3.0,4.0,3.0,1.0,9.0,0.845508501355146
10577,54.0,55.0,5.0,1.0,6.0,0.0,4.0,1.0,2.0,9.0,1.41274047381618
9711,29.0,38.0,3.0,0.0,2.0,0.0,1.0,3.0,3.0,1.0,1.12604885488349
9941,49.0,41.0,5.0,1.0,4.0,3.0,3.0,3.0,3.0,8.0,0.566761134604328
10376,42.0,54.0,5.0,1.0,5.0,2.0,2.0,1.0,2.0,6.0,0.833215983336481
14326,42.0,47.0,2.0,0.0,2.0,2.0,4.0,5.0,2.0,3.0,1.55997791182877
13727,38.0,45.0,4.0,1.0,4.0,3.0,3.0,3.0,2.0,7.0,0.914068107356535
11106,67.0,51.0,6.0,1.0,5.0,1.0,4.0,4.0,3.0,5.0,0.4137676529217
13770,45.0,53.0,6.0,1.0,2.0,2.0,2.0,1.0,1.0,3.0,1.2645135952214
8335,64.0,56.0,5.0,1.0,1.0,3.0,4.0,5.0,1.0,7.0,1.14675023615601
13628,71.0,59.0,5.0,1.0,4.0,3.0,4.0,4.0,1.0,8.0,0.389485713688035
9463,90.0,57.0,6.0,1.0,6.0,3.0,4.0,4.0,1.0,9.0,0.721776282697989
11632,59.0,48.0,5.0,1.0,5.0,2.0,3.0,4.0,3.0,6.0,1.5485755626943
8976,82.0,85.0,5.0,0.0,5.0,2.0,4.0,5.0,1.0,8.0,0.428443646566966
14391,52.0,39.0,5.0,0.0,4.0,2.0,1.0,2.0,3.0,3.0,0.805668324007921
9942,76.0,38.0,2.0,0.0,3.0,3.0,4.0,3.0,3.0,5.0,0.581735431939286
11845,95.0,85.0,6.0,1.0,6.0,3.0,4.0,5.0,1.0,8.0,0.604983941676389
12871,70.0,65.0,5.0,1.0,6.0,3.0,4.0,4.0,1.0,8.0,0.789444717479985
8012,43.0,48.0,7.0,1.0,4.0,2.0,4.0,2.0,4.0,8.0,2.22934979203128
8139,50.0,33.0,3.0,0.0,5.0,3.0,4.0,5.0,2.0,7.0,0.760060876128717
10578,77.0,62.0,7.0,1.0,5.0,3.0,4.0,5.0,3.0,8.0,0.222343394447957
11367,95.0,75.0,6.0,1.0,6.0,3.0,4.0,5.0,4.0,3.0,1.01521862421331
11512,60.0,63.0,5.0,0.0,3.0,3.0,4.0,2.0,2.0,4.0,0.605872820614108
14315,42.0,51.0,5.0,1.0,4.0,3.0,4.0,3.0,1.0,6.0,0.532042853709463
11513,58.0,56.0,5.0,1.0,6.0,3.0,3.0,5.0,1.0,7.0,1.13061664336457
11735,45.0,39.0,,0.0,3.0,1.0,3.0,5.0,3.0,2.0,1.2891407244937
11736,72.0,49.0,5.0,1.0,6.0,3.0,4.0,3.0,1.0,5.0,0.518039919267035
8746,50.0,48.0,5.0,0.0,5.0,2.0,3.0,4.0,2.0,9.0,1.01961363157284
9712,78.0,67.0,6.0,0.0,6.0,3.0,4.0,4.0,1.0,8.0,0.305947472130587
9713,69.0,55.0,6.0,1.0,5.0,3.0,4.0,2.0,2.0,7.0,0.495238483924799
8538,60.0,50.0,5.0,1.0,6.0,3.0,4.0,4.0,1.0,8.0,0.646888631698657
7869,62.0,42.0,5.0,1.0,4.0,2.0,4.0,3.0,3.0,5.0,1.09435206302439
13256,41.0,35.0,4.0,1.0,4.0,2.0,1.0,2.0,2.0,5.0,1.54868525394476
10155,60.0,60.0,6.0,0.0,5.0,3.0,4.0,2.0,2.0,7.0,0.214625862348427
8747,58.0,62.0,7.0,1.0,6.0,3.0,4.0,4.0,1.0,9.0,0.589904769487649
11633,47.0,49.0,5.0,1.0,4.0,3.0,2.0,2.0,2.0,2.0,1.01531523730411
11514,59.0,54.0,6.0,1.0,5.0,3.0,4.0,4.0,2.0,5.0,0.499253671708482
8748,49.0,45.0,4.0,1.0,4.0,3.0,2.0,1.0,1.0,7.0,2.5801933619178
8140,53.0,47.0,5.0,0.0,5.0,3.0,3.0,2.0,1.0,6.0,1.32112395443057
7229,51.0,50.0,7.0,0.0,6.0,3.0,4.0,4.0,3.0,9.0,1.36935821733678
8539,62.0,42.0,4.0,1.0,6.0,1.0,4.0,2.0,2.0,6.0,0.716383176936619
8749,16.0,35.0,6.0,0.0,2.0,1.0,1.0,2.0,2.0,5.0,0.821747621231998
10579,68.0,52.0,5.0,1.0,5.0,3.0,4.0,3.0,2.0,5.0,0.474631665580547
8977,50.0,36.0,5.0,0.0,3.0,1.0,2.0,4.0,2.0,8.0,1.18750354950659
9464,65.0,59.0,6.0,1.0,6.0,3.0,4.0,4.0,1.0,7.0,0.322242695449367
8978,69.0,65.0,6.0,1.0,5.0,3.0,4.0,3.0,2.0,8.0,0.604178082510975
7405,56.0,50.0,5.0,0.0,4.0,3.0,4.0,2.0,3.0,5.0,1.85399741826842
11634,76.0,56.0,5.0,0.0,5.0,3.0,4.0,5.0,2.0,9.0,0.674930141367527
9216,52.0,41.0,4.0,0.0,2.0,3.0,2.0,3.0,3.0,5.0,1.12541063383473
8336,63.0,54.0,5.0,1.0,6.0,2.0,4.0,3.0,2.0,7.0,1.76723149013913
14213,60.0,51.0,5.0,1.0,4.0,2.0,4.0,5.0,2.0,6.0,1.40604028789898
10774,62.0,55.0,5.0,1.0,6.0,3.0,4.0,3.0,1.0,9.0,1.52817363022826
10580,64.0,56.0,5.0,0.0,5.0,2.0,4.0,3.0,2.0,7.0,0.279248192711346
9465,63.0,57.0,5.0,1.0,6.0,3.0,4.0,4.0,2.0,8.0,0.61862525860499
8540,41.0,71.0,5.0,1.0,5.0,3.0,1.0,2.0,1.0,1.0,0.482664698350186
10775,40.0,60.0,5.0,1.0,1.0,3.0,1.0,2.0,2.0,7.0,0.322606128026554
13067,45.0,20.0,3.0,1.0,4.0,0.0,1.0,1.0,3.0,6.0,0.765786964282592
9466,95.0,56.0,5.0,1.0,5.0,2.0,4.0,3.0,2.0,9.0,0.451574711521211
12526,40.0,58.0,5.0,1.0,1.0,3.0,1.0,4.0,1.0,4.0,0.407958533173383
13252,64.0,45.0,4.0,0.0,3.0,2.0,4.0,3.0,2.0,9.0,0.899822332961181
7870,72.0,73.0,6.0,1.0,6.0,3.0,4.0,2.0,3.0,9.0,0.894459785460165
12425,72.0,44.0,,0.0,5.0,3.0,4.0,2.0,3.0,3.0,0.639249972444769
9467,63.0,55.0,5.0,0.0,5.0,3.0,4.0,3.0,2.0,2.0,0.811519549548362
8979,46.0,52.0,5.0,1.0,4.0,3.0,3.0,3.0,2.0,8.0,0.3628706760013
12477,53.0,47.0,5.0,1.0,6.0,3.0,1.0,3.0,3.0,3.0,0.909891560930167
8337,70.0,51.0,5.0,0.0,2.0,3.0,4.0,3.0,2.0,7.0,0.426220118055533
14325,78.0,76.0,6.0,1.0,5.0,3.0,4.0,3.0,1.0,9.0,0.928992531052044
11939,64.0,51.0,5.0,1.0,5.0,3.0,4.0,4.0,2.0,4.0,0.616893145190339
9714,55.0,55.0,5.0,1.0,4.0,3.0,4.0,4.0,2.0,7.0,0.667865374082767
9217,62.0,52.0,5.0,1.0,5.0,3.0,4.0,4.0,2.0,7.0,0.455829022142875
11846,64.0,60.0,5.0,1.0,6.0,3.0,4.0,5.0,2.0,8.0,0.919734520517594
7273,50.0,41.0,4.0,0.0,4.0,2.0,,3.0,2.0,3.0,1.13774319603453
13537,48.0,65.0,7.0,1.0,6.0,2.0,1.0,1.0,2.0,3.0,0.435041621019388
8141,75.0,68.0,6.0,1.0,6.0,3.0,4.0,3.0,2.0,9.0,0.446504870156368
7747,43.0,48.0,6.0,0.0,4.0,3.0,,1.0,2.0,8.0,1.29790052559854
10377,72.0,47.0,4.0,0.0,6.0,3.0,4.0,5.0,2.0,6.0,0.604002794759079
10378,57.0,51.0,5.0,0.0,3.0,3.0,4.0,3.0,2.0,8.0,0.389485713688035
7324,50.0,42.0,4.0,0.0,2.0,0.0,3.0,4.0,3.0,3.0,0.591801842268996
8980,42.0,56.0,5.0,1.0,2.0,1.0,1.0,1.0,3.0,3.0,1.67879012298429
8142,57.0,59.0,6.0,0.0,6.0,3.0,4.0,4.0,2.0,9.0,1.1583360857457
10581,25.0,36.0,4.0,0.0,4.0,0.0,2.0,3.0,2.0,1.0,0.691993610515168
7871,80.0,50.0,5.0,1.0,5.0,3.0,4.0,4.0,2.0,8.0,0.822848867051868
13505,71.0,63.0,5.0,1.0,6.0,3.0,4.0,3.0,2.0,2.0,0.715223801393582
11515,73.0,51.0,5.0,0.0,5.0,3.0,4.0,4.0,2.0,8.0,0.308556564734302
11368,59.0,50.0,6.0,1.0,6.0,3.0,4.0,3.0,2.0,6.0,0.507634084770293
12601,43.0,42.0,4.0,0.0,5.0,3.0,4.0,3.0,2.0,3.0,0.457334717926253
9468,56.0,57.0,6.0,1.0,5.0,3.0,4.0,4.0,1.0,7.0,0.794645494865317
10582,50.0,49.0,4.0,1.0,3.0,3.0,2.0,3.0,1.0,7.0,0.207202529402069
13417,47.0,38.0,2.0,0.0,5.0,2.0,4.0,5.0,1.0,2.0,0.956551561070554
8541,57.0,57.0,6.0,1.0,6.0,3.0,4.0,4.0,1.0,6.0,0.474631665580547
7230,48.0,42.0,4.0,1.0,3.0,2.0,,4.0,3.0,1.0,1.35848687173872
7407,46.0,42.0,5.0,0.0,3.0,2.0,1.0,5.0,2.0,6.0,1.07027161922065
11107,67.0,56.0,5.0,1.0,6.0,3.0,4.0,5.0,3.0,8.0,0.615005147632315
12643,62.0,49.0,5.0,0.0,4.0,3.0,,4.0,2.0,6.0,0.518039919267035
11737,40.0,9.0,4.0,0.0,2.0,3.0,1.0,3.0,3.0,2.0,1.88230056686826
12361,47.0,33.0,1.0,1.0,4.0,3.0,4.0,3.0,1.0,1.0,2.38398270623513
13641,47.0,53.0,5.0,1.0,2.0,3.0,,2.0,2.0,5.0,0.660503625024
7748,77.0,58.0,6.0,0.0,6.0,3.0,4.0,5.0,1.0,9.0,0.845508501355146
8143,62.0,52.0,5.0,1.0,4.0,3.0,4.0,4.0,2.0,6.0,0.830919720533772
14361,77.0,54.0,5.0,1.0,5.0,3.0,4.0,5.0,2.0,9.0,0.697936270306241
8338,63.0,57.0,5.0,0.0,4.0,3.0,4.0,4.0,2.0,8.0,1.53155824881854
9469,71.0,69.0,5.0,1.0,5.0,3.0,4.0,4.0,1.0,9.0,0.819822713517509
10156,57.0,51.0,4.0,1.0,4.0,2.0,4.0,4.0,1.0,9.0,0.354585684267469
8144,48.0,57.0,6.0,0.0,3.0,3.0,2.0,1.0,1.0,2.0,1.29784619428007
9218,64.0,53.0,5.0,1.0,4.0,3.0,4.0,4.0,2.0,9.0,3.29975078586931
8339,44.0,45.0,5.0,1.0,5.0,3.0,4.0,1.0,1.0,7.0,0.559520962881406
12312,56.0,51.0,5.0,0.0,4.0,3.0,4.0,3.0,1.0,9.0,1.14866919001225
7749,70.0,42.0,5.0,0.0,3.0,2.0,4.0,5.0,1.0,9.0,1.71142242819492
9943,46.0,50.0,5.0,1.0,5.0,3.0,1.0,3.0,2.0,5.0,1.09435206302439
9715,39.0,43.0,3.0,1.0,2.0,1.0,1.0,2.0,2.0,5.0,1.31669727196403
10776,58.0,54.0,5.0,1.0,5.0,3.0,4.0,4.0,3.0,7.0,0.789853901623572
13023,53.0,55.0,7.0,1.0,5.0,3.0,4.0,1.0,1.0,6.0,0.500172094237707
11516,58.0,55.0,6.0,1.0,6.0,3.0,4.0,4.0,1.0,9.0,0.677903285457568
13307,46.0,46.0,,1.0,5.0,3.0,3.0,3.0,3.0,5.0,1.25262772451057
9944,22.0,47.0,5.0,0.0,1.0,3.0,1.0,1.0,2.0,3.0,1.83166161439418
10157,43.0,34.0,3.0,1.0,4.0,3.0,4.0,3.0,2.0,7.0,0.585983905785532
8542,36.0,33.0,,0.0,2.0,3.0,,3.0,1.0,4.0,1.46377554851332
10379,65.0,64.0,6.0,1.0,6.0,1.0,4.0,4.0,1.0,6.0,0.935249882760383
12313,64.0,53.0,6.0,1.0,5.0,3.0,4.0,3.0,2.0,8.0,0.534212475310017
9219,63.0,57.0,5.0,0.0,5.0,3.0,4.0,4.0,2.0,2.0,0.662206802046615
14360,57.0,44.0,4.0,0.0,4.0,3.0,4.0,3.0,1.0,3.0,0.733979139655193
9716,56.0,47.0,5.0,1.0,6.0,2.0,4.0,4.0,2.0,9.0,1.14866919001225
13173,77.0,46.0,5.0,1.0,6.0,2.0,4.0,4.0,1.0,4.0,0.729937150973869
9717,56.0,48.0,5.0,0.0,4.0,2.0,4.0,4.0,3.0,8.0,0.657132330949578
11635,95.0,85.0,7.0,1.0,6.0,3.0,4.0,4.0,1.0,8.0,0.299638880314051
12022,26.0,21.0,2.0,0.0,1.0,2.0,1.0,5.0,1.0,2.0,1.45326195280175
11940,73.0,62.0,5.0,1.0,5.0,3.0,4.0,3.0,2.0,7.0,0.196817953757112
7408,21.0,33.0,1.0,1.0,3.0,2.0,1.0,3.0,1.0,1.0,0.593063879603539
9718,63.0,51.0,5.0,1.0,3.0,3.0,4.0,4.0,1.0,6.0,0.525180859847914
12362,61.0,51.0,5.0,1.0,5.0,3.0,4.0,1.0,1.0,7.0,0.416230442384957
10380,61.0,54.0,6.0,0.0,6.0,1.0,4.0,5.0,3.0,8.0,0.727695340999046
12023,41.0,48.0,5.0,0.0,4.0,2.0,1.0,3.0,1.0,3.0,0.728540757913676
12602,52.0,39.0,3.0,1.0,2.0,2.0,4.0,4.0,1.0,4.0,0.776107895687571
11369,51.0,54.0,6.0,1.0,3.0,3.0,4.0,4.0,2.0,8.0,0.400155835428909
7872,55.0,45.0,5.0,0.0,5.0,3.0,4.0,3.0,3.0,7.0,2.41411729865828
9945,64.0,67.0,6.0,1.0,5.0,3.0,4.0,5.0,2.0,7.0,1.36230274714595
11847,58.0,47.0,5.0,1.0,4.0,2.0,3.0,1.0,1.0,3.0,0.605351138340356
11108,76.0,60.0,5.0,1.0,6.0,3.0,4.0,5.0,2.0,6.0,0.935249882760383
13462,60.0,42.0,5.0,0.0,5.0,3.0,4.0,5.0,2.0,6.0,1.2659972021872
10923,56.0,52.0,6.0,1.0,5.0,3.0,4.0,5.0,2.0,2.0,0.788528615532101
9946,66.0,55.0,6.0,1.0,6.0,3.0,4.0,4.0,1.0,6.0,0.551436338099879
11242,36.0,41.0,3.0,0.0,1.0,3.0,1.0,5.0,1.0,6.0,1.53084772126781
14144,58.0,52.0,5.0,1.0,6.0,2.0,,3.0,4.0,8.0,1.27293220885162
13318,62.0,54.0,6.0,1.0,5.0,3.0,4.0,2.0,2.0,2.0,0.8566479072326
11738,49.0,42.0,5.0,0.0,2.0,2.0,,2.0,2.0,2.0,0.973995435495995
8750,80.0,85.0,5.0,0.0,1.0,3.0,4.0,4.0,1.0,4.0,0.597089468668002
11636,50.0,44.0,2.0,0.0,5.0,1.0,3.0,3.0,3.0,2.0,0.679425764389034
9470,49.0,40.0,4.0,1.0,6.0,3.0,4.0,3.0,1.0,9.0,1.12355510817575
13418,70.0,46.0,4.0,0.0,6.0,3.0,4.0,5.0,2.0,7.0,0.585983905785532
9471,59.0,55.0,6.0,0.0,5.0,1.0,4.0,4.0,2.0,2.0,0.920246279714658
7167,48.0,42.0,5.0,0.0,3.0,2.0,2.0,1.0,4.0,7.0,1.94553733171176
8013,18.0,38.0,4.0,1.0,3.0,3.0,2.0,1.0,3.0,6.0,0.734577568537436
9472,48.0,44.0,4.0,1.0,4.0,2.0,2.0,3.0,1.0,7.0,1.29650086268389
12478,49.0,43.0,4.0,1.0,4.0,3.0,2.0,3.0,2.0,6.0,1.09435206302439
9220,67.0,70.0,7.0,1.0,5.0,3.0,4.0,3.0,1.0,9.0,0.838544918601215
10158,68.0,45.0,5.0,0.0,4.0,2.0,4.0,4.0,2.0,2.0,0.788528615532101
10159,42.0,27.0,4.0,1.0,2.0,3.0,1.0,3.0,3.0,8.0,0.847496026590327
7750,76.0,65.0,6.0,1.0,6.0,3.0,4.0,5.0,2.0,8.0,0.69830112663319
13182,60.0,56.0,5.0,1.0,6.0,3.0,4.0,4.0,2.0,7.0,0.455862315055375
8014,69.0,58.0,6.0,1.0,5.0,3.0,4.0,3.0,1.0,4.0,0.394714136663499
8145,54.0,39.0,4.0,1.0,4.0,3.0,4.0,5.0,2.0,9.0,1.1583360857457
10924,61.0,78.0,5.0,1.0,6.0,3.0,4.0,3.0,1.0,6.0,0.600186524272417
8340,61.0,47.0,4.0,1.0,5.0,3.0,4.0,5.0,2.0,8.0,0.729823003934988
13645,43.0,35.0,4.0,1.0,5.0,3.0,4.0,2.0,4.0,7.0,0.670231724014829
9473,48.0,54.0,5.0,1.0,4.0,3.0,4.0,3.0,1.0,8.0,0.725442053252653
11739,49.0,42.0,4.0,1.0,4.0,1.0,,3.0,3.0,1.0,1.22101459532274
13438,58.0,55.0,5.0,,5.0,3.0,4.0,4.0,2.0,5.0,0.428241076700406
8543,57.0,51.0,5.0,1.0,6.0,3.0,4.0,4.0,1.0,8.0,0.61862525860499
10381,56.0,55.0,5.0,1.0,6.0,1.0,3.0,4.0,2.0,5.0,0.415975259825831
8751,37.0,28.0,3.0,1.0,3.0,2.0,1.0,2.0,4.0,6.0,1.09435206302439
10925,77.0,60.0,6.0,0.0,6.0,3.0,4.0,4.0,3.0,9.0,0.478042815117411
11109,53.0,55.0,5.0,1.0,3.0,3.0,4.0,1.0,2.0,3.0,0.721076441764695
13024,66.0,64.0,5.0,1.0,5.0,3.0,4.0,2.0,2.0,7.0,0.91484217551825
9719,42.0,32.0,,,2.0,3.0,3.0,4.0,2.0,3.0,0.771035483823076
10160,59.0,44.0,3.0,0.0,5.0,3.0,4.0,4.0,2.0,6.0,0.76226322074866
9474,68.0,57.0,6.0,1.0,6.0,3.0,4.0,4.0,2.0,9.0,1.16222162556731
12024,56.0,55.0,4.0,1.0,5.0,3.0,4.0,4.0,1.0,6.0,0.665615373257549
8015,58.0,53.0,5.0,0.0,5.0,3.0,4.0,4.0,1.0,7.0,0.775454683494388
11517,33.0,37.0,4.0,1.0,4.0,3.0,3.0,3.0,1.0,2.0,0.738258015607038
7409,60.0,42.0,5.0,1.0,4.0,3.0,3.0,4.0,1.0,9.0,0.88786060698818
9221,42.0,53.0,6.0,1.0,3.0,3.0,3.0,3.0,2.0,7.0,0.684353668127862
10382,23.0,50.0,2.0,1.0,1.0,3.0,2.0,4.0,2.0,5.0,0.861416462637923
9475,64.0,58.0,5.0,1.0,5.0,3.0,4.0,4.0,1.0,7.0,1.1793283708525
10777,64.0,44.0,5.0,0.0,2.0,1.0,,4.0,3.0,1.0,1.02995952604517
13928,80.0,55.0,6.0,0.0,5.0,3.0,4.0,4.0,1.0,9.0,0.447015941810779
8982,67.0,42.0,4.0,1.0,4.0,3.0,4.0,1.0,2.0,6.0,1.40479528977462
9222,49.0,48.0,6.0,1.0,4.0,3.0,4.0,3.0,1.0,4.0,0.592668158292303
13369,53.0,55.0,4.0,0.0,2.0,1.0,3.0,2.0,2.0,1.0,0.993591485149144
11848,54.0,75.0,6.0,1.0,6.0,2.0,4.0,3.0,1.0,1.0,1.40615624300233
11849,62.0,53.0,5.0,1.0,5.0,3.0,4.0,4.0,1.0,6.0,0.474009408222484
10161,67.0,49.0,5.0,0.0,5.0,3.0,4.0,5.0,1.0,5.0,0.551436338099879
11110,34.0,52.0,6.0,1.0,4.0,3.0,4.0,2.0,2.0,3.0,1.31255765390759
12565,52.0,78.0,5.0,1.0,6.0,3.0,,1.0,1.0,7.0,1.54724225368128
10926,43.0,52.0,6.0,0.0,3.0,3.0,3.0,4.0,2.0,7.0,0.526645510232788
8016,43.0,60.0,6.0,1.0,5.0,2.0,,4.0,3.0,3.0,3.40440536923201
14153,58.0,43.0,4.0,1.0,5.0,3.0,3.0,4.0,2.0,8.0,1.22290085629918
12025,62.0,50.0,4.0,1.0,4.0,3.0,3.0,3.0,2.0,1.0,1.11661458649369
8544,23.0,46.0,4.0,0.0,2.0,2.0,1.0,4.0,2.0,1.0,0.852221782826003
10583,50.0,55.0,6.0,1.0,6.0,3.0,4.0,4.0,1.0,9.0,0.719250277404472
9223,75.0,61.0,5.0,1.0,6.0,3.0,4.0,5.0,1.0,9.0,1.22920384419514
10162,45.0,48.0,3.0,1.0,3.0,3.0,4.0,3.0,2.0,4.0,1.21458806404216
10383,49.0,58.0,5.0,1.0,6.0,2.0,4.0,3.0,2.0,7.0,0.455829022142875
13356,24.0,42.0,3.0,0.0,2.0,3.0,1.0,3.0,1.0,1.0,0.77096047750649
13659,39.0,22.0,1.0,1.0,1.0,1.0,1.0,5.0,4.0,1.0,1.03203855290188
14030,40.0,38.0,4.0,1.0,1.0,2.0,2.0,3.0,2.0,5.0,1.72403052544096
13729,63.0,55.0,6.0,1.0,6.0,3.0,4.0,5.0,1.0,8.0,0.639120546351219
13448,60.0,69.0,5.0,1.0,6.0,3.0,4.0,5.0,1.0,8.0,0.468941312687827
12426,69.0,64.0,6.0,0.0,6.0,3.0,4.0,1.0,2.0,8.0,0.42220607306353
8146,61.0,57.0,5.0,1.0,4.0,3.0,4.0,5.0,1.0,9.0,0.651943387792858
13888,48.0,37.0,4.0,0.0,3.0,1.0,,3.0,2.0,7.0,0.578094268137697
14006,56.0,54.0,6.0,1.0,6.0,2.0,4.0,1.0,1.0,4.0,0.733979139655193
13106,50.0,50.0,4.0,0.0,4.0,3.0,4.0,2.0,4.0,5.0,0.404224225123736
13691,45.0,41.0,4.0,0.0,5.0,2.0,3.0,1.0,2.0,4.0,0.565870216181797
9224,59.0,43.0,5.0,0.0,5.0,3.0,4.0,4.0,2.0,5.0,1.0213221859217
9947,51.0,47.0,6.0,0.0,5.0,3.0,3.0,2.0,1.0,1.0,0.921602177690402
10778,58.0,53.0,7.0,1.0,4.0,1.0,4.0,1.0,1.0,1.0,1.00773235972176
11243,53.0,53.0,6.0,,5.0,3.0,4.0,2.0,2.0,7.0,1.31024974590806
11244,47.0,43.0,4.0,1.0,4.0,3.0,4.0,4.0,2.0,5.0,1.08934450393574
13801,49.0,40.0,4.0,,3.0,3.0,,3.0,3.0,7.0,0.357272471479038
8018,54.0,37.0,4.0,1.0,5.0,3.0,4.0,3.0,2.0,8.0,0.768394659393932
10779,72.0,85.0,7.0,1.0,6.0,3.0,4.0,4.0,2.0,8.0,0.721637536684555
12831,79.0,79.0,7.0,1.0,6.0,3.0,4.0,5.0,1.0,9.0,1.00095972069999
13725,69.0,52.0,5.0,1.0,6.0,1.0,4.0,1.0,3.0,5.0,1.13791656212467
13278,55.0,46.0,5.0,1.0,4.0,3.0,4.0,4.0,1.0,7.0,1.34642713223461
8147,49.0,50.0,2.0,0.0,5.0,3.0,2.0,2.0,3.0,2.0,1.02519171409611
8546,51.0,42.0,4.0,1.0,3.0,1.0,3.0,2.0,2.0,7.0,2.25313272334695
10384,77.0,52.0,5.0,0.0,6.0,3.0,4.0,4.0,2.0,9.0,0.6014132546953
12527,36.0,49.0,4.0,0.0,1.0,2.0,1.0,1.0,1.0,2.0,0.94243184972882
11370,85.0,52.0,5.0,0.0,5.0,3.0,4.0,3.0,,9.0,0.697936270306241
9720,62.0,61.0,5.0,1.0,6.0,3.0,4.0,4.0,2.0,7.0,1.29518070629363
9948,62.0,49.0,4.0,1.0,4.0,3.0,4.0,4.0,2.0,9.0,1.88801290841242
8019,79.0,57.0,4.0,1.0,5.0,2.0,4.0,4.0,2.0,9.0,2.26912752712378
13120,59.0,56.0,5.0,0.0,6.0,3.0,4.0,4.0,2.0,8.0,1.66166751392628
10780,61.0,60.0,5.0,1.0,4.0,3.0,4.0,4.0,2.0,7.0,0.306374066125091
9949,64.0,51.0,5.0,0.0,5.0,3.0,3.0,4.0,2.0,8.0,0.604178082510975
9950,43.0,54.0,5.0,1.0,5.0,3.0,1.0,2.0,1.0,6.0,1.20500016455278
8547,46.0,56.0,6.0,1.0,5.0,3.0,4.0,4.0,1.0,6.0,1.28059198951955
11518,60.0,53.0,5.0,1.0,6.0,3.0,4.0,2.0,1.0,8.0,1.95442063472733
11941,77.0,44.0,5.0,1.0,5.0,3.0,4.0,5.0,2.0,8.0,0.657132330949578
8752,59.0,49.0,4.0,1.0,5.0,3.0,4.0,3.0,2.0,8.0,0.658359391717678
13575,79.0,52.0,5.0,0.0,4.0,3.0,4.0,3.0,2.0,6.0,0.467155267860155
10584,38.0,37.0,4.0,1.0,2.0,3.0,3.0,3.0,2.0,6.0,0.942420354896042
10927,52.0,53.0,5.0,0.0,6.0,3.0,4.0,5.0,1.0,3.0,0.63753656711185
7410,65.0,53.0,,0.0,5.0,2.0,3.0,2.0,4.0,4.0,1.46788712190122
11245,67.0,68.0,6.0,1.0,3.0,1.0,4.0,3.0,1.0,4.0,0.517984987288817
14288,61.0,42.0,5.0,0.0,3.0,3.0,4.0,4.0,2.0,6.0,0.392571143705642
13225,67.0,67.0,5.0,1.0,6.0,3.0,4.0,3.0,2.0,8.0,0.768394659393932
14285,45.0,50.0,4.0,0.0,5.0,3.0,1.0,3.0,1.0,2.0,0.85202606955017
12905,62.0,63.0,5.0,0.0,1.0,3.0,3.0,4.0,1.0,3.0,1.18739932876964
10585,58.0,56.0,5.0,1.0,5.0,3.0,4.0,2.0,2.0,8.0,1.30150653538086
13189,21.0,61.0,6.0,0.0,2.0,3.0,1.0,1.0,2.0,4.0,0.697205553669911
13522,56.0,44.0,5.0,1.0,2.0,3.0,4.0,3.0,2.0,9.0,1.05680540749134
7233,40.0,42.0,1.0,0.0,4.0,2.0,1.0,4.0,3.0,1.0,3.37210461394737
8753,58.0,52.0,4.0,0.0,2.0,0.0,4.0,3.0,2.0,6.0,1.10080008353817
12427,47.0,34.0,3.0,0.0,5.0,1.0,4.0,1.0,1.0,3.0,0.528814248199208
10163,95.0,52.0,5.0,0.0,6.0,2.0,4.0,5.0,1.0,9.0,0.904335141685298
10928,46.0,32.0,3.0,1.0,3.0,3.0,4.0,3.0,3.0,7.0,0.649254894096317
10164,59.0,69.0,6.0,1.0,5.0,3.0,4.0,3.0,2.0,7.0,0.740365495223282
11371,55.0,80.0,7.0,0.0,5.0,1.0,,4.0,2.0,7.0,0.510272282395416
13525,57.0,43.0,6.0,1.0,4.0,1.0,4.0,1.0,2.0,8.0,1.516247645187
10165,59.0,52.0,5.0,0.0,5.0,3.0,3.0,5.0,3.0,7.0,0.345001951408897
10929,64.0,53.0,5.0,0.0,3.0,3.0,4.0,4.0,2.0,5.0,0.699852019370652
11111,55.0,60.0,6.0,1.0,5.0,3.0,3.0,2.0,1.0,2.0,0.678636385218509
8754,56.0,44.0,6.0,1.0,2.0,3.0,3.0,3.0,4.0,8.0,0.787896320316313
13703,63.0,56.0,5.0,0.0,6.0,3.0,4.0,3.0,2.0,4.0,0.729937150973869
8148,36.0,40.0,3.0,0.0,1.0,3.0,1.0,1.0,2.0,1.0,0.563103225143282
11112,56.0,39.0,4.0,1.0,6.0,2.0,4.0,2.0,3.0,8.0,0.50424779677292
8020,65.0,69.0,4.0,0.0,6.0,3.0,4.0,2.0,1.0,6.0,1.01920657106667
9721,49.0,49.0,5.0,1.0,5.0,3.0,3.0,1.0,1.0,6.0,1.05214508052413
8755,70.0,64.0,4.0,1.0,6.0,3.0,4.0,5.0,2.0,9.0,0.719250277404472
10166,62.0,60.0,5.0,1.0,5.0,3.0,4.0,4.0,1.0,7.0,0.208434914599238
7274,73.0,44.0,5.0,0.0,4.0,0.0,,3.0,3.0,4.0,3.15083768289104
10586,56.0,42.0,4.0,1.0,4.0,1.0,4.0,4.0,4.0,1.0,0.601127943590114
13662,84.0,67.0,6.0,1.0,5.0,3.0,4.0,1.0,1.0,8.0,0.657132330949578
10587,53.0,47.0,5.0,0.0,6.0,3.0,4.0,4.0,1.0,7.0,0.322606128026554
10385,51.0,40.0,4.0,1.0,4.0,2.0,4.0,3.0,3.0,3.0,1.59199399580238
11519,54.0,46.0,5.0,0.0,4.0,3.0,4.0,5.0,2.0,3.0,0.662573159858047
14359,73.0,58.0,5.0,1.0,5.0,3.0,4.0,4.0,1.0,9.0,0.700309459150432
13570,46.0,59.0,5.0,1.0,6.0,3.0,4.0,2.0,2.0,7.0,1.2591191592278
14378,66.0,61.0,5.0,1.0,6.0,3.0,4.0,4.0,2.0,6.0,0.899751340611876
13935,51.0,47.0,6.0,1.0,5.0,3.0,4.0,5.0,1.0,3.0,0.607926984332265
7751,80.0,58.0,6.0,1.0,5.0,3.0,4.0,3.0,1.0,9.0,0.946179992799249
8341,49.0,39.0,3.0,1.0,5.0,3.0,3.0,1.0,2.0,5.0,1.41468585787787
13985,48.0,45.0,3.0,1.0,2.0,3.0,3.0,1.0,1.0,6.0,1.6190491820277
13248,63.0,45.0,4.0,1.0,5.0,2.0,4.0,4.0,2.0,7.0,0.796351210429683
13621,75.0,57.0,6.0,0.0,5.0,3.0,4.0,4.0,3.0,7.0,0.539430335985968
10930,36.0,41.0,4.0,0.0,6.0,3.0,2.0,1.0,3.0,7.0,1.54724225368128
7200,52.0,48.0,5.0,,2.0,1.0,3.0,1.0,3.0,7.0,1.59613504321202
13745,57.0,48.0,5.0,1.0,4.0,2.0,4.0,1.0,2.0,6.0,0.873325703748059
9722,50.0,46.0,3.0,1.0,4.0,3.0,2.0,3.0,2.0,8.0,0.494482491223351
8342,52.0,44.0,5.0,1.0,3.0,3.0,3.0,3.0,2.0,5.0,0.856847825223486
13237,52.0,50.0,5.0,1.0,4.0,0.0,4.0,2.0,3.0,5.0,1.69043533229295
10167,53.0,50.0,6.0,0.0,6.0,3.0,3.0,2.0,2.0,7.0,0.456403041109179
7201,66.0,55.0,5.0,0.0,4.0,1.0,,2.0,3.0,1.0,3.35057062341512
13234,69.0,77.0,7.0,1.0,6.0,3.0,4.0,5.0,1.0,2.0,0.656104426131851
8343,75.0,66.0,5.0,1.0,6.0,3.0,4.0,4.0,2.0,6.0,0.87387502521174
10168,59.0,42.0,5.0,0.0,5.0,3.0,4.0,4.0,2.0,8.0,0.389485713688035
10169,51.0,45.0,6.0,1.0,3.0,2.0,3.0,3.0,2.0,8.0,1.30150653538086
14090,60.0,58.0,5.0,0.0,6.0,2.0,4.0,4.0,2.0,6.0,0.492435035640645
8984,75.0,53.0,5.0,0.0,5.0,3.0,4.0,4.0,1.0,5.0,0.319338267302343
14085,86.0,85.0,7.0,1.0,6.0,3.0,4.0,5.0,1.0,3.0,1.48633358312316
13494,69.0,59.0,6.0,1.0,5.0,3.0,4.0,4.0,1.0,4.0,0.692207248723215
9225,59.0,55.0,5.0,1.0,6.0,3.0,4.0,2.0,1.0,5.0,0.428241076700406
12528,44.0,41.0,2.0,1.0,4.0,3.0,4.0,3.0,2.0,7.0,0.456403041109179
7275,46.0,73.0,7.0,0.0,6.0,1.0,4.0,1.0,3.0,2.0,1.80026302504794
11246,32.0,48.0,3.0,1.0,4.0,3.0,1.0,2.0,1.0,7.0,1.21360505046559
14295,75.0,56.0,5.0,0.0,1.0,2.0,4.0,2.0,2.0,5.0,0.561755834512983
11520,46.0,39.0,1.0,1.0,5.0,3.0,4.0,4.0,2.0,2.0,0.93076392353572
9226,70.0,63.0,4.0,1.0,6.0,3.0,4.0,4.0,1.0,2.0,0.435273945008533
13154,34.0,45.0,,1.0,3.0,3.0,1.0,3.0,2.0,1.0,0.86123262336661
10170,49.0,41.0,4.0,1.0,4.0,1.0,3.0,3.0,3.0,2.0,1.31808777578382
8756,69.0,48.0,5.0,1.0,3.0,3.0,4.0,2.0,2.0,8.0,0.400689567546821
8344,47.0,50.0,5.0,1.0,3.0,3.0,3.0,1.0,1.0,3.0,0.422072482650956
10931,44.0,55.0,4.0,0.0,4.0,2.0,2.0,1.0,1.0,7.0,1.3200894828811
14283,54.0,38.0,4.0,1.0,3.0,0.0,,1.0,1.0,2.0,0.803804214674518
13719,58.0,85.0,6.0,1.0,6.0,2.0,4.0,3.0,1.0,5.0,1.47446585237136
10782,57.0,51.0,5.0,1.0,3.0,3.0,4.0,4.0,1.0,7.0,0.464136477035121
7325,54.0,32.0,4.0,0.0,3.0,3.0,3.0,2.0,3.0,9.0,1.05680540749134
7326,64.0,85.0,5.0,1.0,6.0,3.0,4.0,5.0,4.0,7.0,1.1793283708525
13502,49.0,46.0,5.0,1.0,3.0,2.0,2.0,2.0,2.0,6.0,0.751880650734296
12026,65.0,68.0,5.0,1.0,6.0,3.0,4.0,4.0,2.0,5.0,0.313219051685533
8345,39.0,23.0,1.0,0.0,1.0,2.0,1.0,1.0,3.0,1.0,0.917188922572685
8346,76.0,61.0,6.0,0.0,3.0,3.0,4.0,5.0,3.0,6.0,0.614241701235786
7327,63.0,56.0,5.0,1.0,5.0,3.0,4.0,3.0,1.0,9.0,2.91986910059698
12174,47.0,44.0,3.0,0.0,4.0,2.0,2.0,1.0,2.0,5.0,1.11221128281235
9723,33.0,30.0,3.0,0.0,4.0,3.0,2.0,1.0,2.0,2.0,1.75950189399629
10386,71.0,57.0,6.0,0.0,5.0,3.0,4.0,5.0,1.0,7.0,0.495238483924799
9476,59.0,57.0,5.0,1.0,2.0,3.0,4.0,4.0,2.0,7.0,0.662529973397482
11942,44.0,41.0,3.0,0.0,4.0,2.0,1.0,4.0,2.0,1.0,1.95825058381748
9951,57.0,82.0,5.0,1.0,6.0,3.0,4.0,3.0,2.0,8.0,1.27293220885162
13244,57.0,62.0,5.0,1.0,4.0,3.0,4.0,3.0,4.0,2.0,0.978745339251396
13054,88.0,53.0,6.0,0.0,5.0,3.0,4.0,4.0,2.0,8.0,0.479041478485887
13602,59.0,58.0,5.0,0.0,4.0,3.0,4.0,4.0,3.0,9.0,0.721776282697989
12872,71.0,71.0,5.0,1.0,6.0,3.0,4.0,4.0,1.0,7.0,0.580001665888422
8149,79.0,75.0,6.0,1.0,6.0,3.0,4.0,4.0,1.0,8.0,1.23096309231429
14342,47.0,42.0,4.0,0.0,2.0,3.0,1.0,3.0,4.0,1.0,0.996975112251112
8757,73.0,51.0,5.0,1.0,2.0,3.0,4.0,5.0,1.0,9.0,0.992996267046333
8347,30.0,62.0,6.0,1.0,1.0,3.0,1.0,1.0,2.0,2.0,1.08032828733591
9724,73.0,63.0,5.0,0.0,6.0,3.0,4.0,5.0,1.0,9.0,0.478042815117411
8348,46.0,33.0,2.0,0.0,3.0,2.0,,5.0,1.0,6.0,1.63823138780551
8758,82.0,59.0,6.0,1.0,5.0,3.0,4.0,4.0,1.0,8.0,0.645436206518663
12991,71.0,55.0,4.0,1.0,6.0,3.0,4.0,4.0,1.0,3.0,0.597089468668002
13612,72.0,57.0,6.0,1.0,4.0,3.0,4.0,2.0,1.0,9.0,0.710662773519383
13549,54.0,35.0,2.0,1.0,5.0,3.0,4.0,5.0,2.0,5.0,0.500172094237707
12529,66.0,47.0,4.0,0.0,1.0,3.0,4.0,3.0,3.0,1.0,1.30131399573476
9227,50.0,59.0,6.0,1.0,2.0,3.0,4.0,1.0,2.0,6.0,0.603385559440927
11113,63.0,53.0,5.0,0.0,5.0,3.0,4.0,4.0,3.0,8.0,1.30942000372595
12923,88.0,71.0,6.0,1.0,6.0,3.0,4.0,4.0,1.0,9.0,0.372888894408165
14339,54.0,54.0,4.0,0.0,4.0,3.0,4.0,2.0,2.0,7.0,0.401987587665569
9228,62.0,49.0,3.0,0.0,4.0,3.0,3.0,1.0,3.0,7.0,2.75918424264658
10932,54.0,46.0,4.0,1.0,1.0,3.0,4.0,4.0,3.0,7.0,0.613581252944949
12832,58.0,48.0,5.0,1.0,6.0,2.0,4.0,3.0,2.0,3.0,1.1917592164672
10933,56.0,61.0,4.0,1.0,6.0,3.0,4.0,3.0,1.0,7.0,1.2489763678685
14298,63.0,56.0,5.0,1.0,4.0,3.0,4.0,3.0,2.0,8.0,0.228929776203313
13726,67.0,45.0,6.0,1.0,3.0,3.0,4.0,5.0,2.0,9.0,0.67126740057961
10171,53.0,42.0,4.0,0.0,2.0,2.0,4.0,3.0,2.0,3.0,0.47849335718323
14004,41.0,24.0,5.0,0.0,3.0,0.0,3.0,3.0,2.0,4.0,1.96935718482191
8985,66.0,64.0,6.0,1.0,6.0,3.0,4.0,5.0,2.0,9.0,0.673477740553127
10387,73.0,60.0,5.0,0.0,6.0,3.0,4.0,5.0,1.0,8.0,0.783595453204397
10588,82.0,62.0,6.0,1.0,4.0,2.0,4.0,5.0,1.0,1.0,0.806641766805092
14291,65.0,41.0,5.0,0.0,5.0,3.0,4.0,2.0,2.0,7.0,0.658819472794372
12603,43.0,40.0,4.0,0.0,5.0,3.0,,4.0,3.0,8.0,1.63552660547092
10172,67.0,49.0,6.0,0.0,6.0,2.0,3.0,4.0,2.0,4.0,1.2843494236727
10589,64.0,53.0,7.0,0.0,6.0,3.0,4.0,4.0,1.0,9.0,1.37791109140587
8150,95.0,85.0,6.0,0.0,6.0,3.0,4.0,4.0,4.0,9.0,0.733129034003188
10934,40.0,48.0,4.0,1.0,1.0,2.0,1.0,5.0,2.0,5.0,1.42531218505645
10590,62.0,57.0,4.0,1.0,5.0,1.0,4.0,5.0,3.0,8.0,1.88286799611714
10388,55.0,43.0,3.0,1.0,5.0,3.0,4.0,4.0,2.0,8.0,0.768394659393932
12906,65.0,53.0,6.0,1.0,5.0,3.0,4.0,3.0,2.0,6.0,0.330219680654687
13556,49.0,37.0,4.0,0.0,2.0,3.0,4.0,5.0,3.0,3.0,1.75528541452042
10935,38.0,49.0,4.0,1.0,6.0,3.0,1.0,5.0,2.0,3.0,0.88986130273669
11114,82.0,61.0,6.0,0.0,5.0,3.0,4.0,5.0,1.0,4.0,0.597089468668002
12314,49.0,42.0,4.0,1.0,4.0,3.0,3.0,3.0,3.0,7.0,0.724991236537067
13155,33.0,37.0,3.0,1.0,4.0,3.0,1.0,4.0,3.0,8.0,1.63552660547092
10783,81.0,82.0,6.0,,4.0,3.0,4.0,5.0,2.0,8.0,0.615005147632315
10173,77.0,72.0,5.0,1.0,6.0,2.0,4.0,1.0,1.0,6.0,1.71540100141089
12175,43.0,49.0,4.0,1.0,6.0,3.0,4.0,1.0,2.0,5.0,0.76226322074866
7328,45.0,39.0,7.0,0.0,3.0,3.0,4.0,4.0,2.0,8.0,0.910753131200259
14281,42.0,52.0,4.0,0.0,3.0,2.0,4.0,3.0,3.0,2.0,0.829187692819472
14345,68.0,58.0,5.0,0.0,6.0,3.0,4.0,4.0,2.0,7.0,0.335194967033134
13055,64.0,51.0,3.0,0.0,5.0,3.0,4.0,4.0,1.0,2.0,1.06960085912194
11740,75.0,57.0,4.0,0.0,5.0,3.0,4.0,4.0,1.0,3.0,0.658213625678349
12315,57.0,41.0,5.0,1.0,6.0,3.0,4.0,1.0,3.0,3.0,0.745464253150577
7414,73.0,45.0,5.0,0.0,6.0,2.0,4.0,4.0,2.0,8.0,1.47261461979309
12680,57.0,60.0,5.0,1.0,6.0,3.0,3.0,1.0,3.0,2.0,1.01252145883079
9477,57.0,56.0,5.0,1.0,5.0,1.0,4.0,1.0,3.0,4.0,0.458079256902057
10936,50.0,54.0,5.0,1.0,5.0,3.0,4.0,5.0,1.0,6.0,0.330219680654687
7276,48.0,36.0,3.0,1.0,6.0,2.0,4.0,1.0,3.0,9.0,1.136270396264
10174,54.0,51.0,4.0,1.0,6.0,2.0,4.0,4.0,2.0,6.0,1.27508443633292
14255,26.0,41.0,5.0,1.0,5.0,3.0,3.0,1.0,3.0,3.0,0.597089468668002
9229,72.0,71.0,7.0,1.0,6.0,2.0,4.0,3.0,1.0,7.0,0.720619392106815
11850,56.0,47.0,5.0,1.0,5.0,3.0,4.0,3.0,2.0,9.0,0.663734838771561
11247,60.0,47.0,4.0,1.0,3.0,3.0,3.0,2.0,2.0,2.0,1.209190081768
10937,73.0,62.0,5.0,0.0,6.0,3.0,4.0,5.0,2.0,6.0,1.04006809608078
9725,65.0,42.0,5.0,0.0,6.0,2.0,4.0,5.0,2.0,5.0,1.20041109906776
9230,45.0,37.0,4.0,1.0,3.0,3.0,1.0,4.0,3.0,4.0,0.591801842268996
10938,95.0,85.0,7.0,1.0,6.0,3.0,4.0,5.0,1.0,9.0,0.446504870156368
9952,26.0,54.0,4.0,1.0,1.0,3.0,1.0,2.0,3.0,4.0,2.13717873043587
13245,63.0,51.0,4.0,1.0,6.0,2.0,4.0,3.0,2.0,5.0,0.579867046325649
9726,45.0,28.0,3.0,0.0,3.0,3.0,2.0,5.0,3.0,8.0,1.17974460869725
9478,64.0,57.0,6.0,1.0,5.0,1.0,1.0,1.0,2.0,1.0,0.639515233996807
13087,67.0,58.0,5.0,1.0,6.0,3.0,4.0,4.0,2.0,8.0,0.792701232969205
9953,33.0,41.0,5.0,0.0,4.0,2.0,1.0,1.0,1.0,1.0,1.21780419674505
12027,58.0,48.0,5.0,0.0,4.0,3.0,4.0,2.0,3.0,2.0,0.788528615532101
14290,70.0,44.0,3.0,0.0,6.0,3.0,4.0,2.0,2.0,3.0,0.352410594234575
7146,49.0,42.0,5.0,0.0,4.0,2.0,2.0,3.0,2.0,6.0,0.532268013402422
13846,50.0,37.0,4.0,1.0,3.0,2.0,,3.0,2.0,6.0,0.53298526578165
8021,38.0,51.0,3.0,0.0,2.0,3.0,1.0,3.0,1.0,5.0,1.28902369003071
11373,86.0,42.0,6.0,1.0,6.0,2.0,4.0,2.0,3.0,7.0,0.684238312816018
10939,83.0,59.0,5.0,1.0,5.0,2.0,4.0,3.0,2.0,4.0,0.581113103115018
13461,62.0,57.0,6.0,1.0,6.0,2.0,4.0,4.0,1.0,7.0,0.589284193232421
10591,59.0,60.0,6.0,1.0,4.0,3.0,4.0,2.0,2.0,9.0,0.59160988631997
9727,22.0,27.0,3.0,0.0,2.0,2.0,1.0,3.0,2.0,5.0,0.579867046325649
12976,68.0,51.0,5.0,1.0,6.0,3.0,4.0,4.0,2.0,5.0,0.366178980683048
12783,72.0,66.0,6.0,0.0,4.0,3.0,4.0,2.0,3.0,7.0,0.677942386493938
12814,80.0,55.0,7.0,1.0,5.0,3.0,4.0,3.0,2.0,9.0,0.478042815117411
9479,48.0,55.0,5.0,1.0,4.0,3.0,2.0,3.0,2.0,2.0,0.828283838360128
13538,45.0,55.0,4.0,1.0,5.0,3.0,4.0,2.0,1.0,6.0,1.40604028789898
10175,73.0,57.0,6.0,0.0,3.0,3.0,4.0,5.0,1.0,7.0,0.322606128026554
9728,29.0,38.0,5.0,1.0,2.0,3.0,1.0,3.0,2.0,1.0,1.01016772555133
11637,65.0,35.0,3.0,0.0,3.0,2.0,4.0,4.0,1.0,6.0,0.723371623953322
9231,60.0,61.0,5.0,1.0,6.0,3.0,4.0,4.0,4.0,7.0,1.0789181238601
9729,51.0,23.0,1.0,0.0,1.0,1.0,3.0,1.0,3.0,8.0,1.22290085629918
12681,32.0,41.0,5.0,0.0,4.0,3.0,1.0,1.0,4.0,3.0,1.38854906324016
7874,68.0,60.0,6.0,1.0,5.0,3.0,4.0,4.0,2.0,6.0,0.875877593879604
10940,51.0,47.0,4.0,1.0,4.0,3.0,4.0,3.0,2.0,4.0,0.620849769726877
10592,40.0,30.0,3.0,0.0,4.0,3.0,3.0,3.0,3.0,5.0,0.935249882760383
10784,64.0,59.0,6.0,1.0,6.0,3.0,4.0,2.0,2.0,9.0,0.788397093004573
9232,56.0,51.0,5.0,1.0,6.0,2.0,4.0,5.0,2.0,2.0,0.813526489788127
9730,55.0,57.0,5.0,1.0,5.0,3.0,4.0,4.0,4.0,8.0,0.476962626107654
8350,64.0,58.0,5.0,0.0,5.0,3.0,4.0,5.0,1.0,8.0,0.721637536684555
8986,78.0,58.0,6.0,1.0,5.0,3.0,4.0,4.0,2.0,9.0,1.44539312454278
11943,76.0,52.0,5.0,1.0,5.0,2.0,4.0,4.0,1.0,5.0,1.30777137488157
8759,46.0,31.0,1.0,1.0,2.0,2.0,1.0,1.0,2.0,1.0,0.788528615532101
10785,95.0,75.0,6.0,1.0,6.0,3.0,4.0,4.0,1.0,6.0,0.581735431939286
10941,66.0,49.0,2.0,,4.0,2.0,2.0,3.0,2.0,1.0,1.35511347421624
8351,64.0,49.0,4.0,1.0,5.0,3.0,4.0,3.0,2.0,8.0,0.407962312575271
11944,59.0,41.0,4.0,0.0,5.0,1.0,3.0,4.0,2.0,3.0,0.810065039460786
9480,57.0,50.0,5.0,1.0,4.0,3.0,4.0,4.0,2.0,9.0,0.992996267046333
10593,63.0,53.0,5.0,1.0,5.0,3.0,4.0,4.0,2.0,6.0,0.96542807721105
7202,56.0,36.0,1.0,0.0,4.0,2.0,4.0,5.0,2.0,9.0,1.50499893395835
10389,57.0,57.0,5.0,0.0,5.0,2.0,4.0,1.0,1.0,6.0,0.646088092592623
13610,75.0,57.0,5.0,0.0,5.0,3.0,4.0,4.0,2.0,3.0,0.745464253150577
13464,47.0,37.0,4.0,0.0,3.0,2.0,1.0,3.0,2.0,3.0,0.657293279937394
11638,72.0,50.0,5.0,1.0,4.0,3.0,4.0,4.0,2.0,9.0,0.899822332961181
8760,54.0,55.0,6.0,1.0,6.0,3.0,4.0,4.0,2.0,8.0,0.773123771609444
10942,48.0,44.0,5.0,1.0,5.0,3.0,4.0,2.0,2.0,7.0,1.36107295722139
12566,60.0,53.0,6.0,1.0,6.0,3.0,4.0,3.0,2.0,9.0,2.51581853267946
12644,43.0,58.0,5.0,0.0,5.0,3.0,1.0,4.0,2.0,4.0,2.32219218203623
10786,36.0,17.0,2.0,0.0,2.0,2.0,1.0,4.0,2.0,2.0,0.60726226707604
7277,41.0,48.0,4.0,1.0,4.0,0.0,2.0,3.0,3.0,7.0,0.628575624408971
13375,60.0,53.0,5.0,1.0,5.0,3.0,4.0,4.0,3.0,8.0,0.671988438422431
7278,25.0,10.0,1.0,0.0,1.0,3.0,1.0,5.0,4.0,1.0,1.0095099102759
13130,44.0,53.0,1.0,0.0,4.0,1.0,2.0,5.0,1.0,5.0,1.02021034044076
10594,64.0,53.0,5.0,0.0,4.0,3.0,4.0,2.0,1.0,3.0,0.653542392899133
9954,59.0,68.0,4.0,1.0,6.0,1.0,4.0,4.0,1.0,1.0,1.2072591865379
8761,47.0,37.0,5.0,0.0,5.0,1.0,1.0,2.0,1.0,4.0,0.577532244147222
11374,81.0,45.0,4.0,1.0,6.0,3.0,4.0,4.0,2.0,9.0,0.67625413979477
10787,42.0,40.0,5.0,1.0,4.0,3.0,2.0,2.0,3.0,8.0,0.391800591446705
13190,61.0,50.0,5.0,1.0,5.0,3.0,4.0,5.0,3.0,5.0,0.495375163584685
8352,54.0,38.0,2.0,0.0,5.0,2.0,4.0,5.0,2.0,8.0,1.1376525284446
10943,59.0,55.0,5.0,1.0,5.0,3.0,4.0,4.0,1.0,7.0,0.486540384025852
14338,74.0,56.0,6.0,1.0,5.0,2.0,4.0,4.0,2.0,7.0,2.75918424264658
14178,70.0,48.0,6.0,0.0,5.0,3.0,4.0,3.0,3.0,5.0,0.565115074980188
11522,44.0,45.0,4.0,0.0,2.0,2.0,,3.0,2.0,1.0,1.0095099102759
11851,60.0,55.0,5.0,1.0,4.0,2.0,4.0,5.0,1.0,6.0,0.428241076700406
12429,65.0,70.0,5.0,1.0,6.0,2.0,4.0,4.0,1.0,9.0,1.44507762879252
13546,52.0,68.0,7.0,1.0,2.0,3.0,4.0,5.0,1.0,5.0,0.564469225969891
11115,47.0,50.0,5.0,1.0,3.0,3.0,3.0,4.0,2.0,3.0,0.679425764389034
9481,74.0,50.0,5.0,0.0,4.0,3.0,4.0,3.0,1.0,9.0,2.8132126634854
7279,26.0,79.0,6.0,1.0,6.0,1.0,4.0,2.0,1.0,6.0,0.9379121198635552
11741,60.0,52.0,5.0,1.0,6.0,3.0,4.0,3.0,2.0,4.0,0.557602495370006
8987,65.0,57.0,5.0,1.0,5.0,3.0,4.0,5.0,2.0,8.0,0.615005147632315
10176,34.0,57.0,5.0,0.0,5.0,2.0,,2.0,3.0,5.0,1.39588296188844
14045,45.0,40.0,4.0,1.0,2.0,3.0,2.0,3.0,2.0,8.0,1.17974460869725
10177,67.0,57.0,5.0,1.0,6.0,3.0,4.0,4.0,3.0,9.0,1.38851111848718
8353,66.0,63.0,4.0,1.0,5.0,3.0,4.0,3.0,1.0,8.0,0.924840981129284
13402,46.0,47.0,7.0,0.0,4.0,3.0,3.0,1.0,1.0,1.0,1.15146760390183
8354,47.0,42.0,4.0,,4.0,1.0,4.0,2.0,1.0,2.0,1.03785717548653
11523,52.0,45.0,4.0,1.0,6.0,3.0,4.0,5.0,3.0,5.0,0.604002794759079
8151,66.0,60.0,5.0,0.0,5.0,2.0,1.0,2.0,2.0,1.0,0.917188922572685
9482,70.0,10.0,4.0,0.0,5.0,3.0,1.0,2.0,1.0,4.0,1.12235058734901
12028,38.0,27.0,3.0,0.0,3.0,3.0,3.0,1.0,1.0,2.0,1.10886132264254
9233,50.0,42.0,4.0,1.0,5.0,3.0,2.0,4.0,2.0,4.0,1.1768342748771
8549,58.0,55.0,5.0,1.0,5.0,3.0,4.0,3.0,2.0,6.0,0.402196767726746
8550,42.0,40.0,3.0,0.0,3.0,3.0,1.0,1.0,2.0,1.0,0.539446655957805
11742,64.0,51.0,5.0,1.0,6.0,3.0,4.0,2.0,3.0,6.0,0.299912109276619
9483,61.0,55.0,5.0,1.0,5.0,3.0,4.0,4.0,2.0,4.0,0.618374573960238
8551,71.0,58.0,6.0,0.0,2.0,3.0,4.0,3.0,2.0,8.0,0.847496026590327
10390,80.0,46.0,4.0,0.0,6.0,1.0,4.0,1.0,2.0,2.0,1.17476250957208
11524,58.0,45.0,5.0,0.0,6.0,3.0,4.0,5.0,2.0,8.0,0.731314255270182
8988,65.0,58.0,6.0,1.0,6.0,3.0,4.0,4.0,1.0,9.0,0.904335141685298
10788,53.0,42.0,5.0,0.0,4.0,3.0,1.0,1.0,3.0,7.0,1.74596715305986
9484,81.0,69.0,6.0,0.0,6.0,3.0,4.0,5.0,1.0,7.0,0.505434552314697
13212,51.0,40.0,4.0,0.0,5.0,2.0,3.0,2.0,1.0,8.0,1.23096309231429
12714,37.0,42.0,4.0,0.0,3.0,2.0,1.0,4.0,3.0,4.0,1.17297099389495
13713,34.0,36.0,5.0,1.0,3.0,2.0,2.0,1.0,2.0,6.0,2.32460721088913
11248,55.0,41.0,4.0,0.0,6.0,3.0,4.0,3.0,2.0,3.0,0.829187692819472
9731,78.0,64.0,4.0,0.0,6.0,3.0,4.0,5.0,2.0,8.0,1.13805749142956
8355,35.0,42.0,5.0,1.0,4.0,1.0,2.0,2.0,2.0,4.0,0.813526489788127
11525,51.0,57.0,5.0,1.0,6.0,3.0,,4.0,1.0,6.0,0.943815532668167
13837,73.0,70.0,5.0,1.0,5.0,3.0,4.0,4.0,1.0,8.0,1.29790052559854
12029,95.0,64.0,6.0,0.0,6.0,3.0,4.0,3.0,2.0,9.0,0.478042815117411
7236,55.0,45.0,4.0,1.0,4.0,1.0,2.0,2.0,2.0,8.0,1.26660232912984
11375,71.0,55.0,5.0,0.0,5.0,3.0,4.0,4.0,1.0,7.0,1.23107425024163
8022,69.0,56.0,5.0,1.0,4.0,3.0,4.0,2.0,2.0,9.0,0.67625413979477
7237,72.0,61.0,6.0,1.0,6.0,3.0,4.0,5.0,1.0,9.0,0.617604056615203
11945,71.0,50.0,5.0,1.0,6.0,2.0,4.0,4.0,1.0,7.0,1.18761455431409
12430,46.0,50.0,4.0,1.0,6.0,2.0,3.0,1.0,3.0,8.0,0.930510391620043
8356,72.0,72.0,6.0,0.0,6.0,3.0,4.0,4.0,4.0,8.0,1.29790052559854
10391,56.0,50.0,5.0,1.0,5.0,3.0,4.0,4.0,2.0,9.0,1.54170343799089
8357,67.0,41.0,5.0,1.0,5.0,3.0,4.0,3.0,1.0,8.0,0.768394659393932
8762,73.0,60.0,5.0,1.0,5.0,3.0,4.0,3.0,2.0,5.0,3.38517470236849
13300,71.0,62.0,6.0,1.0,5.0,3.0,4.0,5.0,1.0,8.0,0.700774415325726
11526,95.0,62.0,4.0,0.0,2.0,2.0,4.0,5.0,1.0,6.0,0.500172094237707
12030,49.0,42.0,5.0,1.0,4.0,3.0,4.0,3.0,2.0,5.0,1.54160407492093
14308,72.0,70.0,7.0,1.0,6.0,3.0,4.0,5.0,1.0,5.0,0.7451431892208
11852,70.0,54.0,4.0,1.0,4.0,3.0,4.0,3.0,1.0,2.0,0.760633994341251
13539,53.0,47.0,5.0,0.0,3.0,0.0,4.0,1.0,2.0,8.0,1.41228500345572
10944,37.0,33.0,4.0,1.0,3.0,2.0,,2.0,1.0,4.0,0.435404416436995
9485,49.0,61.0,4.0,0.0,4.0,3.0,4.0,1.0,1.0,7.0,0.731023877349905
11376,31.0,41.0,6.0,1.0,4.0,3.0,4.0,5.0,2.0,9.0,0.986328867452414
10178,37.0,66.0,6.0,1.0,5.0,3.0,3.0,1.0,2.0,8.0,0.954375326206464
8358,61.0,55.0,4.0,1.0,4.0,2.0,3.0,4.0,1.0,4.0,2.51641813389735
10179,59.0,44.0,5.0,1.0,4.0,2.0,4.0,2.0,2.0,6.0,1.5485755626943
13524,53.0,52.0,6.0,1.0,4.0,2.0,3.0,1.0,1.0,7.0,1.03558777114037
8552,39.0,36.0,5.0,0.0,1.0,3.0,1.0,5.0,2.0,2.0,1.08407274386734
14011,54.0,37.0,4.0,0.0,2.0,1.0,1.0,1.0,2.0,1.0,1.19622835520067
8152,52.0,31.0,2.0,0.0,4.0,1.0,3.0,5.0,3.0,8.0,1.53090448427113
11249,73.0,57.0,6.0,0.0,5.0,3.0,4.0,4.0,2.0,8.0,0.604178082510975
12176,55.0,55.0,5.0,0.0,5.0,3.0,1.0,2.0,3.0,5.0,0.392184764125426
13803,50.0,55.0,5.0,1.0,4.0,3.0,4.0,4.0,1.0,2.0,0.487048036112357
7752,62.0,61.0,4.0,1.0,6.0,3.0,4.0,4.0,1.0,4.0,0.491009308549587
11377,67.0,49.0,6.0,1.0,4.0,3.0,4.0,3.0,1.0,5.0,0.52848766696378
10180,64.0,59.0,7.0,1.0,5.0,3.0,4.0,4.0,1.0,9.0,0.819822713517509
8553,62.0,57.0,5.0,1.0,6.0,3.0,4.0,4.0,2.0,9.0,0.632451216324027
9486,62.0,56.0,5.0,0.0,5.0,3.0,4.0,4.0,3.0,8.0,0.574464262664477
8763,54.0,53.0,6.0,1.0,5.0,3.0,4.0,4.0,2.0,5.0,0.620497859078307
8554,65.0,57.0,6.0,1.0,5.0,3.0,4.0,4.0,2.0,8.0,0.721637536684555
7415,46.0,32.0,3.0,1.0,6.0,3.0,4.0,4.0,2.0,7.0,1.17637336370774
9732,51.0,50.0,4.0,0.0,2.0,3.0,4.0,4.0,1.0,9.0,0.5583082876702
13907,53.0,46.0,5.0,0.0,4.0,3.0,4.0,5.0,1.0,9.0,0.788397093004573
13213,47.0,37.0,5.0,0.0,4.0,3.0,4.0,5.0,1.0,8.0,0.563158231354014
11639,57.0,51.0,5.0,1.0,6.0,3.0,4.0,5.0,3.0,7.0,0.743708205486255
9234,95.0,85.0,7.0,0.0,6.0,3.0,4.0,5.0,2.0,9.0,0.663026738476576
9955,70.0,56.0,6.0,1.0,4.0,3.0,4.0,2.0,2.0,9.0,0.756305103092812
7329,59.0,53.0,2.0,0.0,6.0,2.0,4.0,4.0,1.0,3.0,0.799067729197805
8023,60.0,51.0,5.0,1.0,4.0,3.0,4.0,4.0,2.0,7.0,0.724991236537067
11116,59.0,57.0,5.0,0.0,5.0,3.0,3.0,4.0,1.0,8.0,0.768568695842022
8359,73.0,62.0,7.0,1.0,5.0,3.0,4.0,5.0,2.0,8.0,1.29370152495364
11250,39.0,39.0,5.0,1.0,2.0,2.0,1.0,2.0,2.0,4.0,1.11236529494164
11378,58.0,36.0,4.0,0.0,2.0,3.0,4.0,4.0,2.0,5.0,0.467732194611889
8764,73.0,81.0,5.0,1.0,5.0,3.0,4.0,4.0,2.0,6.0,1.1633208868472
13796,59.0,44.0,6.0,0.0,2.0,2.0,4.0,4.0,1.0,7.0,0.416230442384957
9956,57.0,52.0,5.0,0.0,3.0,3.0,3.0,3.0,2.0,3.0,1.40208419752394
10392,77.0,63.0,5.0,1.0,6.0,3.0,4.0,4.0,1.0,8.0,1.12805300228553
12431,37.0,46.0,5.0,0.0,3.0,3.0,2.0,5.0,2.0,1.0,2.72792382054502
14377,60.0,67.0,6.0,1.0,6.0,3.0,4.0,2.0,2.0,7.0,1.41480850273533
8555,48.0,54.0,5.0,0.0,5.0,3.0,3.0,2.0,1.0,4.0,0.518968239394716
11251,43.0,41.0,6.0,1.0,1.0,3.0,3.0,1.0,4.0,3.0,2.20093242470117
8153,29.0,42.0,4.0,0.0,2.0,2.0,2.0,4.0,3.0,2.0,3.62843994321716
10789,58.0,35.0,5.0,1.0,2.0,3.0,4.0,3.0,3.0,7.0,1.45388331569806
12363,57.0,51.0,5.0,1.0,3.0,2.0,4.0,5.0,2.0,7.0,1.54724225368128
9957,80.0,82.0,7.0,1.0,5.0,2.0,4.0,5.0,1.0,7.0,0.487992914064358
11117,62.0,45.0,5.0,0.0,5.0,1.0,4.0,3.0,2.0,7.0,0.565768034600773
12177,62.0,53.0,6.0,1.0,6.0,3.0,4.0,5.0,3.0,4.0,0.909891560930167
8024,49.0,58.0,5.0,0.0,2.0,3.0,4.0,1.0,1.0,2.0,1.03403455304394
10181,63.0,49.0,5.0,1.0,6.0,3.0,4.0,3.0,2.0,9.0,1.28641024519565
9235,47.0,50.0,6.0,0.0,4.0,3.0,3.0,3.0,1.0,7.0,0.462550679578911
12239,41.0,69.0,6.0,1.0,4.0,2.0,3.0,1.0,2.0,1.0,1.21019362577133
10393,67.0,58.0,4.0,1.0,5.0,2.0,4.0,2.0,2.0,3.0,0.565870216181797
12784,51.0,41.0,4.0,0.0,6.0,3.0,3.0,1.0,3.0,1.0,1.34625782889252
9236,57.0,42.0,5.0,0.0,3.0,2.0,4.0,3.0,2.0,7.0,0.883125614113223
9958,59.0,42.0,1.0,0.0,4.0,2.0,,4.0,3.0,1.0,1.00201326814626
7203,51.0,40.0,4.0,0.0,2.0,0.0,2.0,2.0,3.0,4.0,0.487082279355653
10182,55.0,85.0,6.0,1.0,5.0,1.0,4.0,2.0,1.0,1.0,1.45213829151532
13497,67.0,59.0,4.0,1.0,6.0,3.0,4.0,4.0,2.0,9.0,1.61249326308834
14350,72.0,85.0,7.0,1.0,6.0,3.0,4.0,5.0,1.0,8.0,0.744866816076369
11640,54.0,51.0,4.0,1.0,5.0,3.0,4.0,3.0,3.0,6.0,0.845212713147787
11118,48.0,47.0,3.0,1.0,5.0,3.0,3.0,2.0,2.0,8.0,0.9368592923935312
10394,54.0,48.0,6.0,1.0,6.0,3.0,4.0,2.0,1.0,9.0,2.20359585105929
13706,45.0,36.0,4.0,1.0,3.0,3.0,3.0,4.0,3.0,4.0,1.12518220811423
8765,59.0,58.0,5.0,1.0,2.0,2.0,4.0,1.0,1.0,1.0,0.91417119305818
12682,49.0,19.0,3.0,0.0,4.0,2.0,1.0,1.0,1.0,2.0,0.747102525277982
7753,75.0,57.0,6.0,1.0,6.0,3.0,4.0,5.0,2.0,9.0,0.486719565870663
14002,60.0,42.0,4.0,1.0,3.0,3.0,4.0,5.0,2.0,5.0,0.566150255806276
8766,48.0,51.0,4.0,1.0,3.0,2.0,3.0,1.0,1.0,3.0,0.729937150973869
12873,95.0,49.0,5.0,0.0,5.0,3.0,4.0,3.0,1.0,4.0,0.517984987288817
11379,65.0,45.0,5.0,1.0,6.0,3.0,4.0,4.0,1.0,4.0,0.679425764389034
11252,79.0,52.0,6.0,0.0,6.0,3.0,4.0,4.0,1.0,7.0,0.783229454178326
9959,72.0,64.0,5.0,0.0,5.0,3.0,4.0,3.0,1.0,8.0,0.165566677886881
13730,65.0,67.0,6.0,0.0,2.0,1.0,4.0,2.0,1.0,8.0,0.566761134604328
13301,53.0,55.0,5.0,1.0,5.0,1.0,3.0,4.0,2.0,9.0,1.71185004733555
12432,81.0,56.0,6.0,1.0,6.0,2.0,4.0,4.0,1.0,8.0,0.605160304005381
10946,63.0,54.0,6.0,0.0,4.0,3.0,4.0,3.0,2.0,8.0,0.731086535269289
9960,73.0,51.0,5.0,1.0,5.0,3.0,4.0,3.0,2.0,8.0,0.566148813903296
9237,64.0,51.0,5.0,1.0,5.0,3.0,4.0,4.0,2.0,9.0,0.944791046346529
11380,63.0,49.0,5.0,0.0,4.0,2.0,4.0,4.0,2.0,1.0,0.889523731118053
13284,61.0,45.0,5.0,1.0,6.0,3.0,4.0,2.0,3.0,9.0,0.589904769487649
8768,58.0,41.0,3.0,0.0,4.0,1.0,,3.0,1.0,6.0,0.611483232880643
13557,51.0,48.0,5.0,1.0,6.0,3.0,3.0,5.0,2.0,7.0,1.45729206920332
14259,58.0,53.0,5.0,1.0,4.0,3.0,4.0,2.0,2.0,9.0,0.815617648809735
13818,35.0,32.0,5.0,0.0,2.0,3.0,1.0,3.0,2.0,1.0,1.10656948703984
9487,59.0,40.0,5.0,1.0,4.0,3.0,4.0,4.0,2.0,9.0,2.49206476756058
14316,95.0,69.0,6.0,1.0,2.0,2.0,4.0,1.0,2.0,7.0,0.529142545503811
7754,69.0,50.0,6.0,1.0,4.0,3.0,4.0,4.0,3.0,5.0,0.856847825223486
8769,44.0,67.0,5.0,1.0,5.0,3.0,3.0,3.0,1.0,7.0,0.67664171484121
9488,61.0,58.0,5.0,1.0,3.0,1.0,3.0,3.0,1.0,7.0,1.59459877328327
13203,63.0,55.0,6.0,1.0,5.0,3.0,4.0,4.0,2.0,7.0,0.487089115240458
12100,54.0,43.0,4.0,0.0,5.0,2.0,4.0,5.0,1.0,6.0,0.579867046325649
11853,64.0,52.0,4.0,0.0,4.0,1.0,4.0,4.0,1.0,9.0,1.8159236731463
10595,54.0,52.0,5.0,1.0,4.0,2.0,3.0,2.0,1.0,6.0,1.97847583264673
12364,64.0,48.0,5.0,1.0,6.0,3.0,4.0,2.0,2.0,3.0,0.64647964995007
13746,46.0,40.0,4.0,1.0,4.0,3.0,1.0,1.0,1.0,6.0,0.749052415523579
12874,53.0,47.0,4.0,1.0,5.0,2.0,3.0,3.0,2.0,8.0,5.18477594585938
10395,29.0,39.0,5.0,1.0,2.0,2.0,1.0,4.0,3.0,5.0,1.74007705982158
12178,38.0,33.0,1.0,0.0,2.0,2.0,,3.0,2.0,1.0,3.41097139058643
13195,42.0,44.0,4.0,0.0,5.0,2.0,4.0,3.0,3.0,3.0,1.01103924078967
13025,61.0,57.0,5.0,1.0,5.0,3.0,4.0,5.0,2.0,3.0,0.637269085368631
8770,53.0,54.0,6.0,0.0,5.0,3.0,4.0,4.0,2.0,9.0,0.756305103092812
8771,57.0,43.0,4.0,1.0,5.0,2.0,4.0,4.0,1.0,9.0,1.12355510817575
12645,47.0,41.0,4.0,0.0,2.0,3.0,4.0,4.0,2.0,3.0,0.586210208495836
13273,68.0,65.0,6.0,1.0,6.0,3.0,4.0,3.0,2.0,8.0,0.586267861028443
11641,75.0,65.0,6.0,1.0,6.0,3.0,4.0,4.0,1.0,9.0,0.986328867452414
8989,58.0,49.0,5.0,0.0,4.0,3.0,4.0,3.0,2.0,4.0,1.12275265958766
11743,67.0,58.0,5.0,1.0,5.0,3.0,4.0,5.0,1.0,8.0,0.566148813903296
11253,47.0,60.0,3.0,0.0,6.0,2.0,1.0,3.0,2.0,3.0,1.7749464882043
13500,51.0,57.0,5.0,1.0,6.0,3.0,4.0,2.0,2.0,1.0,0.924551139943546
13779,43.0,37.0,5.0,1.0,4.0,3.0,1.0,1.0,3.0,3.0,1.05063962332988
13944,41.0,33.0,1.0,0.0,4.0,2.0,1.0,4.0,2.0,5.0,1.71777801924034
11947,39.0,30.0,4.0,0.0,4.0,2.0,,5.0,2.0,1.0,0.994369755326658
13638,47.0,55.0,5.0,1.0,5.0,1.0,4.0,4.0,3.0,1.0,1.46129280684836
11642,63.0,61.0,4.0,0.0,3.0,3.0,4.0,5.0,1.0,5.0,0.816106912879049
11948,47.0,49.0,5.0,1.0,6.0,3.0,4.0,5.0,3.0,1.0,0.844247831173208
8990,49.0,42.0,5.0,0.0,5.0,0.0,2.0,1.0,3.0,1.0,1.90552440807896
11119,37.0,30.0,1.0,1.0,1.0,1.0,1.0,1.0,3.0,1.0,1.22242530543429
10596,59.0,46.0,5.0,1.0,6.0,3.0,4.0,4.0,1.0,8.0,1.0383072108175
13728,85.0,57.0,5.0,1.0,6.0,3.0,4.0,3.0,2.0,8.0,0.489789888236169
10183,49.0,45.0,4.0,0.0,4.0,3.0,3.0,2.0,2.0,3.0,1.19081536531256
13406,64.0,55.0,5.0,0.0,6.0,3.0,4.0,3.0,4.0,8.0,0.701231511246516
12316,68.0,48.0,4.0,0.0,1.0,3.0,1.0,1.0,2.0,8.0,0.400689567546821
10184,34.0,47.0,3.0,0.0,5.0,3.0,3.0,1.0,2.0,7.0,0.710653446770657
9238,68.0,72.0,5.0,1.0,6.0,3.0,4.0,5.0,1.0,9.0,0.670269722396469
12433,72.0,64.0,6.0,0.0,5.0,0.0,4.0,3.0,1.0,5.0,0.319338267302343
9961,62.0,54.0,5.0,1.0,5.0,3.0,,2.0,4.0,2.0,2.5220282707845
13010,57.0,53.0,5.0,0.0,4.0,3.0,3.0,3.0,1.0,3.0,1.84166314965239
12646,46.0,38.0,4.0,1.0,4.0,3.0,3.0,5.0,2.0,6.0,1.18229123952345
12938,60.0,42.0,5.0,1.0,6.0,3.0,4.0,4.0,2.0,8.0,1.32457975021124
13852,47.0,29.0,2.0,0.0,2.0,2.0,1.0,2.0,3.0,8.0,2.99930269015404
8154,69.0,69.0,6.0,1.0,6.0,3.0,4.0,5.0,3.0,9.0,0.845508501355146
8155,54.0,55.0,5.0,1.0,6.0,3.0,1.0,2.0,1.0,4.0,0.826776006164513
8360,21.0,16.0,4.0,0.0,1.0,3.0,1.0,1.0,2.0,6.0,0.708577399812888
12785,64.0,74.0,7.0,1.0,5.0,3.0,4.0,4.0,1.0,4.0,0.595962980333658
14346,50.0,43.0,4.0,1.0,4.0,1.0,3.0,3.0,3.0,5.0,0.498584490843393
10185,30.0,24.0,2.0,0.0,1.0,3.0,1.0,1.0,4.0,2.0,1.04197287177274
12365,53.0,44.0,5.0,1.0,5.0,3.0,3.0,5.0,2.0,6.0,1.28059198951955
9962,61.0,69.0,6.0,1.0,6.0,3.0,4.0,1.0,1.0,6.0,0.746987577325845
14376,49.0,48.0,4.0,0.0,6.0,2.0,1.0,1.0,1.0,1.0,1.16497181972093
12715,56.0,38.0,5.0,1.0,4.0,3.0,4.0,3.0,1.0,2.0,0.920246279714658
12961,51.0,60.0,6.0,0.0,5.0,2.0,4.0,3.0,1.0,1.0,1.37929419961747
8156,74.0,70.0,6.0,1.0,6.0,3.0,4.0,4.0,2.0,9.0,1.41095415422069
10597,79.0,61.0,5.0,0.0,4.0,2.0,4.0,3.0,1.0,6.0,1.31669727196403
11643,37.0,41.0,4.0,1.0,3.0,3.0,3.0,2.0,1.0,6.0,0.531960163694276
12833,44.0,42.0,4.0,1.0,3.0,3.0,2.0,3.0,1.0,5.0,1.39891926830972
14239,54.0,50.0,4.0,1.0,5.0,3.0,4.0,3.0,1.0,8.0,1.18933354318161
10947,53.0,31.0,5.0,0.0,2.0,3.0,3.0,5.0,1.0,5.0,1.28059198951955
8991,24.0,51.0,3.0,1.0,4.0,3.0,1.0,2.0,1.0,2.0,1.23051748273151
13107,52.0,37.0,4.0,0.0,2.0,3.0,3.0,2.0,2.0,3.0,0.557602495370006
7168,27.0,57.0,6.0,1.0,3.0,1.0,2.0,1.0,3.0,6.0,0.800789761238991
12567,89.0,64.0,5.0,1.0,6.0,3.0,4.0,5.0,1.0,5.0,0.483796130421764
9489,41.0,40.0,5.0,0.0,3.0,3.0,1.0,2.0,2.0,4.0,1.02778569704252
9490,53.0,44.0,3.0,0.0,4.0,2.0,4.0,2.0,3.0,6.0,0.678280916718995
11744,46.0,34.0,2.0,1.0,2.0,3.0,1.0,1.0,1.0,2.0,1.33309815833708
12101,47.0,45.0,4.0,1.0,4.0,3.0,4.0,2.0,2.0,5.0,0.821070388448458
12568,69.0,51.0,5.0,1.0,6.0,3.0,4.0,5.0,2.0,6.0,0.516721646260755
10186,59.0,47.0,5.0,1.0,2.0,2.0,4.0,4.0,2.0,6.0,0.752188494163203
8362,29.0,20.0,1.0,0.0,1.0,2.0,1.0,1.0,3.0,2.0,1.24069397998588
8992,70.0,56.0,5.0,1.0,5.0,3.0,4.0,1.0,1.0,8.0,0.566098111241492
10396,48.0,75.0,6.0,1.0,4.0,2.0,3.0,1.0,1.0,2.0,1.35701851316821
7418,53.0,50.0,5.0,0.0,5.0,3.0,4.0,2.0,3.0,9.0,1.10601209334068
11854,53.0,56.0,5.0,1.0,5.0,3.0,4.0,,2.0,6.0,1.4128431848946
9734,37.0,41.0,4.0,1.0,3.0,3.0,,1.0,3.0,3.0,1.04804731697044
12102,38.0,35.0,3.0,1.0,2.0,3.0,2.0,3.0,4.0,1.0,1.56894110765843
10790,95.0,85.0,5.0,1.0,1.0,3.0,4.0,5.0,1.0,7.0,0.386645788643253
8363,59.0,54.0,5.0,0.0,5.0,3.0,4.0,4.0,1.0,7.0,0.681181906858153
12031,61.0,45.0,,1.0,5.0,3.0,4.0,1.0,3.0,7.0,0.462819606241255
12103,60.0,67.0,6.0,1.0,5.0,2.0,4.0,4.0,2.0,6.0,0.566150255806276
9491,34.0,51.0,5.0,1.0,4.0,3.0,4.0,4.0,3.0,3.0,0.676369542774648
7876,55.0,56.0,5.0,1.0,4.0,2.0,4.0,4.0,2.0,3.0,0.675816242706003
11120,65.0,57.0,6.0,1.0,6.0,3.0,4.0,3.0,2.0,3.0,0.422072482650956
8556,70.0,48.0,5.0,1.0,6.0,3.0,4.0,3.0,3.0,5.0,0.500172094237707
13226,59.0,46.0,5.0,0.0,5.0,3.0,2.0,1.0,1.0,2.0,1.62697066712802
8772,48.0,42.0,4.0,0.0,3.0,1.0,3.0,1.0,1.0,7.0,2.12706387219873
9239,44.0,42.0,6.0,1.0,4.0,3.0,2.0,4.0,2.0,7.0,0.959400184803773
10187,31.0,38.0,1.0,0.0,3.0,2.0,2.0,4.0,3.0,2.0,1.4743203473375
9240,56.0,65.0,6.0,1.0,6.0,2.0,4.0,5.0,2.0,9.0,1.08982852923978
11381,81.0,57.0,6.0,0.0,5.0,3.0,4.0,4.0,2.0,9.0,0.412416240443258
11745,73.0,36.0,4.0,0.0,2.0,3.0,4.0,2.0,3.0,3.0,0.514265283788127
12569,31.0,18.0,1.0,1.0,6.0,2.0,1.0,3.0,4.0,1.0,3.15858229596366
7755,64.0,76.0,7.0,1.0,6.0,3.0,4.0,1.0,1.0,9.0,0.651943387792858
10948,74.0,85.0,6.0,1.0,6.0,2.0,4.0,4.0,1.0,9.0,2.08058359916753
9492,83.0,61.0,7.0,1.0,6.0,3.0,4.0,4.0,1.0,9.0,0.684160110180682
10188,60.0,48.0,5.0,0.0,5.0,3.0,4.0,3.0,2.0,5.0,0.572698744103642
13607,73.0,46.0,4.0,0.0,6.0,3.0,4.0,5.0,2.0,8.0,1.38134957692235
9493,79.0,66.0,6.0,1.0,5.0,3.0,4.0,5.0,1.0,8.0,0.40340673011185
12240,47.0,56.0,6.0,1.0,6.0,3.0,4.0,3.0,2.0,8.0,0.904335004926166
8993,37.0,44.0,2.0,1.0,3.0,2.0,1.0,1.0,1.0,4.0,1.19032538982208
10791,76.0,49.0,6.0,0.0,5.0,3.0,4.0,5.0,1.0,8.0,0.326852542366742
10792,59.0,58.0,4.0,1.0,6.0,2.0,4.0,5.0,2.0,6.0,1.32460529751815
10793,79.0,40.0,4.0,0.0,6.0,3.0,4.0,5.0,3.0,5.0,0.579867046325649
8773,74.0,70.0,5.0,1.0,6.0,3.0,4.0,4.0,1.0,9.0,1.33345257387537
10189,54.0,47.0,5.0,1.0,4.0,3.0,4.0,1.0,2.0,3.0,0.991833958598636
9494,70.0,48.0,5.0,0.0,4.0,3.0,4.0,3.0,3.0,9.0,0.655304600164212
8994,58.0,55.0,5.0,1.0,5.0,3.0,4.0,4.0,1.0,7.0,1.57462625216913
13724,54.0,49.0,4.0,0.0,4.0,3.0,3.0,3.0,3.0,2.0,0.858966031999443
12683,56.0,45.0,5.0,0.0,6.0,2.0,4.0,3.0,2.0,6.0,0.474009408222484
12479,54.0,42.0,3.0,1.0,4.0,2.0,4.0,5.0,2.0,4.0,1.01767561199858
9963,80.0,59.0,5.0,1.0,4.0,3.0,4.0,3.0,2.0,6.0,0.498584490843393
7756,47.0,42.0,1.0,0.0,3.0,2.0,3.0,3.0,1.0,8.0,1.43157930643065
7757,53.0,47.0,6.0,1.0,6.0,3.0,4.0,4.0,2.0,9.0,1.41095415422069
10794,44.0,56.0,4.0,1.0,5.0,3.0,4.0,4.0,2.0,9.0,1.136270396264
8774,59.0,56.0,6.0,1.0,6.0,3.0,4.0,5.0,2.0,7.0,0.559528944584538
9241,29.0,34.0,3.0,0.0,1.0,3.0,4.0,4.0,2.0,7.0,0.67664171484121
12179,41.0,22.0,1.0,0.0,2.0,3.0,1.0,1.0,3.0,2.0,1.3113062785403
7420,69.0,59.0,6.0,1.0,6.0,3.0,4.0,4.0,2.0,8.0,0.57682275648546
7421,36.0,31.0,2.0,0.0,3.0,2.0,,1.0,2.0,1.0,1.03836932103962
12434,52.0,51.0,4.0,0.0,5.0,3.0,3.0,5.0,2.0,1.0,1.55739330102601
13566,65.0,82.0,4.0,1.0,5.0,0.0,,1.0,3.0,1.0,1.08381772211918
9242,80.0,57.0,6.0,1.0,6.0,3.0,4.0,2.0,2.0,9.0,0.568397353121393
14273,40.0,30.0,2.0,0.0,2.0,3.0,2.0,4.0,3.0,5.0,0.406187898510529
9495,66.0,48.0,4.0,1.0,4.0,3.0,4.0,5.0,1.0,8.0,1.13788634934236
9964,47.0,46.0,5.0,1.0,4.0,3.0,2.0,3.0,2.0,3.0,1.08549003346922
8775,45.0,52.0,6.0,1.0,5.0,3.0,4.0,5.0,1.0,4.0,0.428974418488095
12939,77.0,60.0,6.0,1.0,6.0,3.0,4.0,5.0,2.0,8.0,0.669932745881724
10397,63.0,67.0,6.0,1.0,2.0,3.0,3.0,3.0,1.0,7.0,0.393255029132808
12104,55.0,57.0,5.0,1.0,6.0,3.0,4.0,4.0,2.0,7.0,0.63022092619849
10949,59.0,57.0,5.0,1.0,5.0,3.0,4.0,3.0,1.0,5.0,0.467732194611889
11855,48.0,47.0,5.0,1.0,6.0,2.0,3.0,4.0,3.0,7.0,0.580001665888422
14080,59.0,44.0,5.0,0.0,5.0,3.0,4.0,5.0,2.0,8.0,0.790106185384546
9496,34.0,31.0,3.0,0.0,1.0,3.0,3.0,1.0,2.0,4.0,1.09297470921647
12435,67.0,47.0,5.0,1.0,4.0,3.0,4.0,4.0,2.0,4.0,0.616869759144283
10398,45.0,55.0,5.0,1.0,6.0,2.0,1.0,3.0,1.0,2.0,1.14254483992293
10190,38.0,30.0,5.0,0.0,5.0,3.0,4.0,5.0,3.0,6.0,0.746987577325845
11949,58.0,53.0,4.0,1.0,6.0,3.0,4.0,4.0,1.0,5.0,0.305365107299431
12530,95.0,80.0,3.0,0.0,2.0,3.0,4.0,5.0,1.0,5.0,0.467732194611889
12366,68.0,43.0,3.0,1.0,5.0,2.0,4.0,2.0,1.0,3.0,0.911002953259815
7877,60.0,54.0,4.0,1.0,5.0,3.0,4.0,4.0,3.0,4.0,0.490584843627469
12436,74.0,50.0,5.0,0.0,4.0,3.0,4.0,4.0,1.0,8.0,0.316833483296811
8025,46.0,51.0,6.0,1.0,5.0,3.0,4.0,5.0,2.0,7.0,0.493441391818479
11121,68.0,52.0,5.0,0.0,3.0,3.0,4.0,4.0,2.0,8.0,0.389242114325975
12962,70.0,56.0,3.0,0.0,6.0,3.0,4.0,4.0,2.0,5.0,0.548739943332194
11254,68.0,63.0,5.0,1.0,6.0,3.0,4.0,4.0,2.0,5.0,1.31599040077571
7758,49.0,42.0,4.0,1.0,3.0,1.0,,3.0,1.0,4.0,0.999690297426544
12963,70.0,51.0,5.0,1.0,6.0,3.0,4.0,2.0,2.0,6.0,0.402196767726746
13068,64.0,54.0,6.0,1.0,4.0,3.0,4.0,4.0,1.0,6.0,0.483246502016968
8995,50.0,32.0,4.0,0.0,1.0,3.0,2.0,3.0,1.0,8.0,0.627726942989392
12180,65.0,56.0,5.0,0.0,5.0,3.0,4.0,5.0,1.0,7.0,0.472651557003082
10598,58.0,50.0,5.0,1.0,5.0,3.0,4.0,1.0,1.0,7.0,0.424147547971629
14279,53.0,46.0,5.0,1.0,6.0,3.0,3.0,3.0,2.0,1.0,0.546559485638954
8364,49.0,42.0,4.0,1.0,2.0,2.0,3.0,4.0,2.0,5.0,1.31599040077571
9497,62.0,64.0,5.0,1.0,5.0,3.0,4.0,4.0,2.0,9.0,1.52817363022826
10795,66.0,47.0,5.0,1.0,6.0,3.0,4.0,1.0,2.0,6.0,0.998458368557246
10191,54.0,42.0,,1.0,6.0,2.0,4.0,4.0,1.0,9.0,1.87711392513111
10192,48.0,48.0,5.0,1.0,6.0,3.0,4.0,3.0,2.0,5.0,0.518039919267035
11122,59.0,50.0,4.0,1.0,5.0,3.0,4.0,3.0,2.0,9.0,0.928992531052044
9243,57.0,54.0,5.0,0.0,5.0,3.0,4.0,1.0,1.0,2.0,0.991833958598636
12181,51.0,38.0,,1.0,4.0,1.0,3.0,1.0,2.0,7.0,0.630161696332151
8365,39.0,37.0,4.0,1.0,2.0,3.0,2.0,1.0,3.0,6.0,1.16807222064516
10599,47.0,43.0,4.0,1.0,5.0,3.0,4.0,4.0,2.0,3.0,0.692791032753904
11644,67.0,50.0,5.0,1.0,5.0,3.0,4.0,3.0,2.0,8.0,0.718016897644808
13741,69.0,65.0,6.0,0.0,2.0,3.0,4.0,3.0,2.0,4.0,0.639249972444769
10399,60.0,56.0,5.0,0.0,6.0,3.0,4.0,5.0,2.0,6.0,0.788277038761786
9244,40.0,42.0,5.0,1.0,2.0,3.0,1.0,1.0,1.0,7.0,0.937970033121979
9965,52.0,43.0,4.0,1.0,2.0,3.0,4.0,4.0,3.0,9.0,0.958472791770346
10600,58.0,41.0,4.0,0.0,6.0,1.0,4.0,2.0,3.0,2.0,0.642271028610867
14354,66.0,45.0,5.0,0.0,6.0,3.0,4.0,5.0,3.0,7.0,0.455862315055375
9245,65.0,73.0,5.0,1.0,6.0,3.0,4.0,3.0,1.0,6.0,0.66001887845439
12940,62.0,47.0,5.0,1.0,5.0,3.0,4.0,4.0,3.0,8.0,0.924148617842031
9246,77.0,57.0,6.0,0.0,6.0,3.0,4.0,5.0,1.0,5.0,0.54331220114613
10796,75.0,53.0,5.0,0.0,6.0,3.0,4.0,1.0,4.0,8.0,0.48692788097342
13457,60.0,82.0,6.0,1.0,6.0,3.0,4.0,5.0,1.0,9.0,1.33011826739428
11856,64.0,49.0,5.0,1.0,5.0,3.0,4.0,1.0,2.0,8.0,0.585572121575855
11857,51.0,36.0,5.0,1.0,2.0,1.0,4.0,3.0,3.0,3.0,0.940001413287045
12032,46.0,49.0,4.0,0.0,6.0,3.0,4.0,4.0,2.0,1.0,1.25371723305428
14386,66.0,53.0,5.0,0.0,3.0,2.0,4.0,3.0,2.0,5.0,0.413799092208977
11255,40.0,22.0,1.0,0.0,2.0,3.0,1.0,1.0,3.0,7.0,0.830801459403526
8996,37.0,62.0,6.0,1.0,6.0,1.0,4.0,2.0,4.0,2.0,1.96254290524218
11383,14.0,64.0,5.0,0.0,2.0,2.0,1.0,1.0,1.0,2.0,1.51036454673785
12105,52.0,48.0,5.0,0.0,5.0,3.0,4.0,3.0,2.0,7.0,0.794645494865317
9966,47.0,35.0,4.0,0.0,3.0,2.0,2.0,1.0,3.0,2.0,0.660898169810707
11123,50.0,39.0,4.0,0.0,4.0,3.0,4.0,3.0,2.0,3.0,0.521543407519832
8026,57.0,42.0,5.0,1.0,6.0,1.0,4.0,1.0,1.0,8.0,1.42658424350689
10400,40.0,34.0,4.0,1.0,3.0,3.0,3.0,3.0,2.0,8.0,0.721637536684555
9498,49.0,42.0,5.0,1.0,4.0,3.0,,4.0,3.0,6.0,1.4128431848946
11256,74.0,68.0,5.0,1.0,6.0,3.0,4.0,5.0,1.0,9.0,0.838544918601215
9735,41.0,42.0,2.0,0.0,4.0,3.0,3.0,2.0,1.0,2.0,1.98408860254462
11384,58.0,49.0,4.0,1.0,6.0,3.0,4.0,4.0,1.0,6.0,1.51658956942117
12033,58.0,61.0,5.0,1.0,5.0,1.0,4.0,4.0,2.0,9.0,0.61945483555332
13732,53.0,38.0,5.0,1.0,5.0,3.0,3.0,3.0,3.0,8.0,0.768906137818262
11858,56.0,31.0,4.0,0.0,3.0,3.0,3.0,3.0,2.0,3.0,0.759258677162833
11645,70.0,72.0,6.0,1.0,6.0,2.0,4.0,1.0,1.0,1.0,0.520564063916423
7759,50.0,73.0,5.0,1.0,6.0,3.0,4.0,4.0,1.0,8.0,1.53090448427113
10797,40.0,53.0,4.0,1.0,1.0,3.0,1.0,1.0,1.0,3.0,1.23062060000594
11257,71.0,53.0,5.0,1.0,5.0,2.0,4.0,4.0,2.0,7.0,0.227340298421614
12570,58.0,52.0,5.0,1.0,6.0,2.0,4.0,3.0,2.0,7.0,0.648429072412901
10193,83.0,55.0,4.0,1.0,5.0,3.0,4.0,3.0,1.0,7.0,1.62618301046212
12716,50.0,41.0,5.0,1.0,5.0,1.0,3.0,3.0,1.0,4.0,0.668980860503847
9736,67.0,43.0,5.0,1.0,5.0,2.0,4.0,3.0,2.0,5.0,0.444795219618399
7760,55.0,42.0,4.0,0.0,1.0,1.0,,,,1.0,1.02519171409611
13357,40.0,57.0,4.0,1.0,5.0,3.0,,4.0,3.0,1.0,0.875270037099789
9247,55.0,50.0,5.0,1.0,6.0,3.0,4.0,4.0,2.0,5.0,1.53084772126781
10194,86.0,70.0,5.0,0.0,6.0,3.0,4.0,3.0,1.0,8.0,0.228929776203313
7878,62.0,71.0,5.0,1.0,6.0,2.0,4.0,4.0,2.0,6.0,0.849523959415437
10401,60.0,48.0,6.0,1.0,3.0,3.0,4.0,1.0,1.0,8.0,0.773123771609444
10950,58.0,53.0,4.0,1.0,6.0,2.0,4.0,3.0,3.0,8.0,2.08467600306094
13914,55.0,51.0,4.0,1.0,5.0,2.0,4.0,5.0,2.0,8.0,0.726507079214918
8776,41.0,41.0,5.0,0.0,2.0,3.0,3.0,5.0,4.0,5.0,0.566150255806276
11746,58.0,58.0,6.0,1.0,6.0,3.0,4.0,3.0,2.0,8.0,0.57682275648546
12941,65.0,69.0,5.0,1.0,5.0,3.0,4.0,3.0,1.0,7.0,0.586853874643215
8777,63.0,51.0,5.0,0.0,6.0,3.0,3.0,1.0,2.0,5.0,1.14922016521095
9499,43.0,42.0,5.0,0.0,4.0,3.0,3.0,4.0,3.0,3.0,0.511368849364939
9967,58.0,42.0,3.0,1.0,5.0,1.0,4.0,5.0,2.0,8.0,0.92644465253217
10798,42.0,52.0,2.0,1.0,5.0,2.0,4.0,2.0,1.0,2.0,0.647300589645439
9500,50.0,43.0,5.0,1.0,4.0,2.0,1.0,1.0,2.0,2.0,1.2645135952214
13131,60.0,31.0,4.0,0.0,4.0,2.0,1.0,4.0,2.0,4.0,1.21652350246841
8366,34.0,62.0,6.0,0.0,1.0,3.0,4.0,5.0,3.0,1.0,0.842645804983349
11950,58.0,56.0,6.0,1.0,6.0,3.0,4.0,3.0,1.0,7.0,0.781485603692439
12106,67.0,77.0,7.0,1.0,6.0,3.0,4.0,3.0,2.0,6.0,1.86307541548753
8778,40.0,40.0,4.0,1.0,2.0,2.0,3.0,3.0,3.0,6.0,0.334141135898757
8027,48.0,37.0,4.0,0.0,5.0,3.0,4.0,4.0,2.0,8.0,0.656407776175572
10195,43.0,40.0,4.0,1.0,5.0,3.0,4.0,2.0,3.0,7.0,0.720619392106815
11527,68.0,45.0,5.0,1.0,6.0,3.0,4.0,4.0,2.0,7.0,0.426220118055533
8158,51.0,55.0,5.0,1.0,6.0,3.0,2.0,3.0,2.0,7.0,0.914068107356535
12367,49.0,37.0,4.0,0.0,2.0,2.0,4.0,,2.0,5.0,1.32756071178087
8367,72.0,44.0,3.0,0.0,6.0,3.0,4.0,5.0,3.0,3.0,1.0272658337673
7330,47.0,51.0,5.0,1.0,4.0,0.0,3.0,3.0,4.0,1.0,0.591350041291775
8159,65.0,52.0,5.0,0.0,5.0,2.0,3.0,4.0,2.0,7.0,0.566900884003056
13454,45.0,41.0,5.0,0.0,4.0,2.0,3.0,1.0,1.0,1.0,1.72832516608573
12480,33.0,54.0,6.0,1.0,4.0,3.0,4.0,4.0,3.0,4.0,0.719502949358097
8779,41.0,44.0,5.0,0.0,3.0,2.0,1.0,2.0,2.0,5.0,1.40604028789898
10196,32.0,38.0,4.0,1.0,5.0,3.0,3.0,4.0,2.0,7.0,1.1484573119666
12368,61.0,55.0,4.0,1.0,6.0,3.0,4.0,2.0,1.0,7.0,0.57303776498983
12241,62.0,67.0,6.0,1.0,5.0,3.0,4.0,4.0,2.0,9.0,1.76604652399257
9248,49.0,56.0,6.0,1.0,4.0,3.0,4.0,1.0,1.0,3.0,1.4269558196171
10951,67.0,55.0,6.0,1.0,4.0,3.0,4.0,1.0,3.0,7.0,0.520903605569945
8160,62.0,49.0,5.0,1.0,5.0,3.0,4.0,3.0,2.0,8.0,1.20311480401574
9501,39.0,55.0,5.0,1.0,5.0,3.0,1.0,3.0,2.0,5.0,1.99234452978255
9502,68.0,53.0,5.0,1.0,6.0,3.0,4.0,4.0,1.0,7.0,0.556598365750898
8368,42.0,45.0,5.0,1.0,5.0,3.0,3.0,1.0,2.0,9.0,2.25555058822916
12604,74.0,69.0,5.0,1.0,5.0,3.0,4.0,5.0,1.0,8.0,0.566148813903296
13069,76.0,82.0,6.0,1.0,6.0,3.0,4.0,4.0,1.0,9.0,0.447015941810779
11646,67.0,56.0,6.0,1.0,4.0,3.0,4.0,4.0,1.0,8.0,0.8126460761258
11747,61.0,53.0,5.0,1.0,5.0,3.0,4.0,4.0,2.0,3.0,0.876540459997036
7238,49.0,42.0,7.0,1.0,4.0,1.0,4.0,5.0,3.0,3.0,1.18006943229918
11528,66.0,56.0,5.0,0.0,5.0,3.0,4.0,3.0,2.0,7.0,0.73290331242106
10601,56.0,50.0,5.0,1.0,6.0,3.0,4.0,2.0,2.0,8.0,0.656407776175572
8997,45.0,49.0,7.0,0.0,1.0,3.0,4.0,2.0,2.0,9.0,0.554126749189011
11859,50.0,39.0,3.0,1.0,4.0,2.0,3.0,1.0,1.0,1.0,0.710111837935117
10799,50.0,43.0,4.0,0.0,3.0,3.0,3.0,5.0,3.0,7.0,1.34642713223461
11529,56.0,53.0,5.0,1.0,5.0,3.0,4.0,5.0,2.0,9.0,1.28641024519565
9737,59.0,50.0,4.0,1.0,5.0,3.0,4.0,4.0,3.0,8.0,0.726507079214918
11385,71.0,69.0,5.0,1.0,6.0,3.0,4.0,3.0,2.0,4.0,0.605872820614108
9968,63.0,51.0,5.0,1.0,5.0,3.0,4.0,3.0,2.0,8.0,1.1376525284446
10197,68.0,63.0,5.0,1.0,6.0,3.0,4.0,4.0,1.0,9.0,0.316835049611977
8998,50.0,34.0,4.0,1.0,6.0,2.0,4.0,2.0,2.0,8.0,1.11080607275561
8161,47.0,29.0,5.0,1.0,5.0,1.0,4.0,2.0,3.0,1.0,1.44717827582639
7425,50.0,34.0,4.0,0.0,3.0,1.0,2.0,4.0,3.0,7.0,0.67664171484121
12107,30.0,45.0,5.0,0.0,1.0,1.0,1.0,4.0,1.0,5.0,1.26990970808127
12605,65.0,53.0,5.0,1.0,6.0,2.0,,1.0,1.0,3.0,1.4743203473375
12942,38.0,33.0,4.0,1.0,3.0,1.0,2.0,1.0,4.0,3.0,2.47593524699691
8999,62.0,51.0,4.0,0.0,5.0,3.0,4.0,5.0,1.0,6.0,0.603385559440927
10952,59.0,48.0,5.0,1.0,4.0,3.0,4.0,2.0,2.0,5.0,0.616246170526686
8369,50.0,42.0,3.0,1.0,6.0,0.0,,,,2.0,1.38793384150184
11124,61.0,50.0,5.0,,5.0,3.0,1.0,4.0,1.0,6.0,0.699852019370652
9503,95.0,69.0,6.0,0.0,6.0,3.0,4.0,5.0,2.0,9.0,0.478042815117411
9504,39.0,50.0,4.0,0.0,5.0,0.0,1.0,1.0,3.0,1.0,1.38880558424684
11647,60.0,48.0,6.0,1.0,5.0,2.0,3.0,4.0,2.0,8.0,1.34676020371007
7331,47.0,44.0,5.0,0.0,3.0,0.0,1.0,3.0,1.0,2.0,1.35848687173872
9249,56.0,52.0,5.0,1.0,4.0,3.0,4.0,4.0,2.0,2.0,0.642175679409576
11530,55.0,49.0,4.0,0.0,5.0,3.0,,1.0,1.0,1.0,1.98386915842326
10953,68.0,47.0,5.0,1.0,6.0,3.0,4.0,5.0,1.0,7.0,0.495371370519282
11125,72.0,36.0,3.0,1.0,3.0,2.0,1.0,1.0,3.0,4.0,2.54008846197549
11258,62.0,57.0,5.0,1.0,6.0,3.0,4.0,4.0,1.0,9.0,1.01674055446258
8028,66.0,50.0,4.0,0.0,5.0,3.0,4.0,3.0,2.0,9.0,0.928992531052044
12034,63.0,54.0,5.0,1.0,6.0,2.0,4.0,2.0,2.0,8.0,0.428443646566966
9000,78.0,54.0,7.0,1.0,6.0,3.0,4.0,4.0,2.0,9.0,1.28641024519565
9738,53.0,42.0,4.0,1.0,4.0,2.0,4.0,1.0,3.0,7.0,2.14688810076164
9969,52.0,58.0,5.0,1.0,5.0,3.0,4.0,3.0,2.0,8.0,0.721637536684555
12035,44.0,45.0,4.0,1.0,3.0,2.0,2.0,4.0,1.0,7.0,1.47961340874607
9505,68.0,60.0,6.0,1.0,6.0,3.0,4.0,5.0,2.0,8.0,0.43034126450506
11531,52.0,35.0,3.0,0.0,3.0,2.0,3.0,1.0,3.0,2.0,1.06960085912194
9506,82.0,60.0,5.0,0.0,6.0,3.0,4.0,3.0,1.0,9.0,0.631623161858667
13246,35.0,45.0,4.0,0.0,2.0,3.0,4.0,3.0,3.0,3.0,0.599184229362663
11951,57.0,47.0,4.0,1.0,5.0,2.0,3.0,3.0,3.0,9.0,2.42388161135155
11126,79.0,51.0,5.0,1.0,4.0,3.0,4.0,4.0,2.0,2.0,0.766194288724884
12369,60.0,52.0,5.0,1.0,3.0,3.0,4.0,5.0,2.0,8.0,1.29790052559854
14146,32.0,60.0,5.0,1.0,6.0,1.0,3.0,2.0,3.0,2.0,1.00773235972176
11386,48.0,25.0,6.0,0.0,2.0,3.0,4.0,3.0,3.0,4.0,1.41623963044899
9507,58.0,42.0,5.0,1.0,6.0,3.0,4.0,4.0,1.0,3.0,0.659948954960737
10800,43.0,44.0,3.0,0.0,3.0,2.0,3.0,3.0,1.0,2.0,1.93125532955041
11952,70.0,62.0,6.0,1.0,6.0,3.0,4.0,3.0,1.0,3.0,0.658213625678349
12717,51.0,21.0,3.0,0.0,4.0,2.0,4.0,3.0,2.0,7.0,0.456403041109179
12242,63.0,48.0,5.0,0.0,4.0,3.0,4.0,4.0,1.0,6.0,0.353565343769126
10198,33.0,48.0,5.0,1.0,5.0,1.0,,1.0,2.0,4.0,1.29340972927412
10602,53.0,38.0,4.0,1.0,2.0,3.0,4.0,3.0,2.0,7.0,0.757206935156666
12108,29.0,37.0,2.0,0.0,2.0,1.0,1.0,1.0,3.0,2.0,0.647300589645439
13285,45.0,42.0,4.0,0.0,2.0,2.0,1.0,1.0,3.0,3.0,1.05954509434181
10603,57.0,51.0,5.0,1.0,4.0,3.0,3.0,2.0,2.0,7.0,0.724991236537067
11860,69.0,52.0,5.0,1.0,5.0,3.0,1.0,2.0,1.0,9.0,0.663227684916965
13889,37.0,56.0,7.0,1.0,6.0,2.0,1.0,1.0,1.0,1.0,2.10043471128903
9970,56.0,51.0,5.0,1.0,5.0,3.0,4.0,3.0,3.0,7.0,0.337537553070552
11532,55.0,41.0,4.0,1.0,3.0,3.0,4.0,3.0,2.0,7.0,0.654310685710088
7148,49.0,46.0,4.0,0.0,4.0,2.0,,1.0,3.0,9.0,0.573277327089371
10199,44.0,41.0,4.0,1.0,2.0,3.0,,1.0,2.0,4.0,1.02711727266038
12531,63.0,60.0,5.0,1.0,5.0,3.0,4.0,4.0,1.0,3.0,0.536623145481679
8370,51.0,67.0,6.0,1.0,4.0,3.0,4.0,4.0,2.0,8.0,1.43597132467536
7879,47.0,19.0,3.0,0.0,5.0,3.0,4.0,1.0,3.0,3.0,1.08549003346922
8557,50.0,48.0,4.0,1.0,4.0,3.0,3.0,4.0,2.0,9.0,0.67583588656469
12718,69.0,53.0,5.0,0.0,5.0,3.0,4.0,4.0,3.0,3.0,0.703622855774183
9001,44.0,45.0,4.0,0.0,3.0,2.0,3.0,5.0,1.0,2.0,0.797301129803325
11387,81.0,59.0,5.0,1.0,3.0,3.0,4.0,4.0,2.0,4.0,0.711712774278741
8780,52.0,69.0,6.0,1.0,6.0,3.0,1.0,3.0,1.0,8.0,0.790420205231749
11127,67.0,70.0,5.0,0.0,5.0,2.0,4.0,3.0,2.0,4.0,0.716479204813478
10604,60.0,51.0,6.0,1.0,6.0,3.0,4.0,3.0,2.0,7.0,0.781847539351896
8558,69.0,55.0,5.0,0.0,4.0,3.0,4.0,4.0,2.0,9.0,0.6315765164949
9971,59.0,64.0,7.0,1.0,6.0,2.0,4.0,4.0,2.0,8.0,0.242529596904614
9972,48.0,55.0,6.0,1.0,5.0,2.0,3.0,3.0,3.0,8.0,0.595390494842748
13753,45.0,43.0,6.0,1.0,6.0,3.0,4.0,4.0,2.0,8.0,1.26123291751748
10954,77.0,80.0,7.0,1.0,5.0,3.0,4.0,1.0,1.0,5.0,0.510018381799692
12943,62.0,46.0,5.0,1.0,4.0,3.0,4.0,4.0,2.0,8.0,0.646888631698657
9739,35.0,44.0,5.0,1.0,3.0,1.0,1.0,2.0,1.0,3.0,1.83166161439418
9740,63.0,45.0,5.0,0.0,6.0,3.0,4.0,4.0,2.0,8.0,0.718044697726845
12532,61.0,63.0,6.0,1.0,6.0,2.0,4.0,1.0,1.0,6.0,1.97471948270544
11259,55.0,51.0,5.0,0.0,5.0,3.0,3.0,4.0,2.0,7.0,0.322242695449367
9508,63.0,47.0,6.0,0.0,4.0,3.0,4.0,4.0,2.0,9.0,0.631623161858667
9741,36.0,47.0,4.0,1.0,5.0,3.0,3.0,1.0,2.0,6.0,0.876291467311012
13108,69.0,58.0,5.0,0.0,5.0,3.0,4.0,3.0,2.0,7.0,0.404281787438902
13788,29.0,56.0,5.0,1.0,2.0,2.0,2.0,2.0,3.0,6.0,1.19385762819959
9742,38.0,37.0,4.0,1.0,5.0,3.0,4.0,2.0,3.0,5.0,0.776277533278278
9003,69.0,85.0,7.0,1.0,2.0,3.0,4.0,5.0,2.0,9.0,0.630826566815191
12182,34.0,34.0,2.0,1.0,5.0,3.0,3.0,4.0,2.0,7.0,1.06710818386439
11128,82.0,53.0,3.0,1.0,6.0,2.0,4.0,2.0,1.0,8.0,1.0242002734307
12243,66.0,61.0,5.0,1.0,6.0,3.0,4.0,4.0,1.0,9.0,0.894459785460165
12977,58.0,48.0,5.0,0.0,6.0,2.0,4.0,3.0,3.0,2.0,0.811519549548362
11953,57.0,47.0,5.0,1.0,2.0,3.0,4.0,3.0,1.0,9.0,0.899822332961181
11388,73.0,78.0,,0.0,5.0,3.0,4.0,4.0,2.0,8.0,0.7443561743999
14123,68.0,43.0,5.0,0.0,6.0,3.0,4.0,4.0,1.0,9.0,1.52817363022826
11129,53.0,23.0,2.0,0.0,2.0,3.0,4.0,5.0,3.0,6.0,1.53598159555176
12719,55.0,36.0,5.0,0.0,1.0,3.0,4.0,5.0,2.0,1.0,0.407973058608714
12684,60.0,56.0,6.0,1.0,2.0,3.0,4.0,5.0,2.0,6.0,0.816106912879049
9509,37.0,46.0,4.0,1.0,4.0,2.0,2.0,3.0,3.0,2.0,1.94111200563196
11954,56.0,41.0,4.0,1.0,5.0,3.0,4.0,2.0,2.0,2.0,1.3113062785403
9004,55.0,49.0,5.0,1.0,6.0,3.0,4.0,4.0,1.0,8.0,0.700774415325726
7761,62.0,69.0,6.0,1.0,6.0,3.0,4.0,5.0,3.0,9.0,1.05680540749134
7880,48.0,45.0,6.0,1.0,5.0,0.0,3.0,1.0,3.0,8.0,2.02856471797561
13896,75.0,43.0,5.0,1.0,5.0,3.0,4.0,5.0,1.0,9.0,2.51581853267946
8371,58.0,50.0,5.0,1.0,2.0,2.0,4.0,5.0,1.0,8.0,1.37320475319238
9250,74.0,60.0,5.0,0.0,5.0,3.0,4.0,2.0,3.0,8.0,0.69830112663319
10955,64.0,42.0,5.0,1.0,5.0,3.0,4.0,3.0,2.0,9.0,0.447015941810779
11130,66.0,63.0,7.0,1.0,5.0,3.0,4.0,5.0,3.0,8.0,0.658359391717678
8029,44.0,48.0,6.0,1.0,2.0,3.0,3.0,2.0,3.0,8.0,0.768906137818262
12685,61.0,43.0,4.0,0.0,4.0,3.0,4.0,3.0,2.0,7.0,0.743708205486255
7426,49.0,42.0,4.0,0.0,4.0,3.0,,3.0,3.0,1.0,1.23051748273151
9005,61.0,50.0,5.0,1.0,5.0,3.0,4.0,4.0,3.0,6.0,0.645928225189882
8559,39.0,40.0,7.0,1.0,6.0,2.0,1.0,4.0,1.0,3.0,0.647300589645439
8162,55.0,45.0,5.0,1.0,5.0,3.0,4.0,5.0,3.0,7.0,0.462819606241255
11533,63.0,63.0,5.0,1.0,4.0,3.0,4.0,5.0,2.0,6.0,0.565115074980188
11648,38.0,53.0,6.0,0.0,3.0,3.0,1.0,3.0,1.0,3.0,0.984157502793207
11260,31.0,48.0,3.0,1.0,2.0,3.0,3.0,5.0,4.0,2.0,0.966438260213091
8030,43.0,42.0,4.0,0.0,4.0,3.0,2.0,4.0,4.0,3.0,0.593167201166051
9973,50.0,38.0,4.0,0.0,4.0,3.0,,,,8.0,0.768394659393932
9974,28.0,28.0,3.0,1.0,1.0,3.0,1.0,3.0,2.0,3.0,0.597089468668002
11534,52.0,53.0,6.0,0.0,2.0,3.0,4.0,1.0,1.0,2.0,1.37929419961747
13445,66.0,55.0,6.0,0.0,4.0,3.0,4.0,3.0,2.0,7.0,0.617322785008849
12606,57.0,42.0,4.0,1.0,5.0,3.0,4.0,2.0,2.0,6.0,0.483796130421764
9510,53.0,45.0,6.0,1.0,4.0,3.0,4.0,3.0,3.0,8.0,0.924840981129284
12647,60.0,40.0,4.0,1.0,5.0,3.0,4.0,4.0,2.0,6.0,0.475634403398036
12944,48.0,35.0,2.0,1.0,3.0,3.0,3.0,4.0,2.0,2.0,1.53031863122212
9251,57.0,55.0,6.0,1.0,6.0,3.0,4.0,4.0,1.0,9.0,0.651943387792858
9006,59.0,51.0,5.0,1.0,6.0,3.0,4.0,3.0,2.0,7.0,0.835379512588388
9975,70.0,58.0,5.0,0.0,5.0,3.0,4.0,5.0,1.0,8.0,0.792701232969205
8031,68.0,44.0,3.0,0.0,6.0,3.0,4.0,4.0,1.0,6.0,0.986393308889071
10200,36.0,85.0,6.0,1.0,5.0,3.0,1.0,4.0,1.0,1.0,1.02519171409611
9007,66.0,53.0,4.0,1.0,4.0,2.0,4.0,3.0,2.0,8.0,1.17974460869725
9511,52.0,57.0,6.0,1.0,4.0,3.0,4.0,3.0,3.0,9.0,0.928992531052044
8560,75.0,72.0,6.0,0.0,5.0,3.0,4.0,5.0,1.0,9.0,0.995267991212858
12481,61.0,60.0,5.0,1.0,4.0,3.0,4.0,5.0,1.0,3.0,0.64647964995007
9252,34.0,34.0,4.0,1.0,4.0,3.0,3.0,1.0,3.0,1.0,1.36052894655547
10402,75.0,55.0,6.0,1.0,4.0,2.0,4.0,3.0,2.0,9.0,1.77993131248284
12183,60.0,44.0,5.0,0.0,5.0,3.0,4.0,3.0,2.0,9.0,0.838544918601215
8561,71.0,61.0,6.0,1.0,6.0,3.0,4.0,4.0,3.0,8.0,0.742083946856187
10956,41.0,39.0,3.0,1.0,2.0,3.0,1.0,2.0,2.0,4.0,0.727757586853888
11261,71.0,59.0,5.0,1.0,6.0,3.0,4.0,5.0,2.0,4.0,0.7262658296302
9253,75.0,60.0,6.0,1.0,5.0,3.0,4.0,4.0,2.0,7.0,0.378201205467138
12036,54.0,42.0,5.0,1.0,3.0,2.0,,1.0,1.0,4.0,0.973995435495995
9976,42.0,49.0,3.0,1.0,6.0,3.0,2.0,5.0,3.0,2.0,0.622568959152191
12648,73.0,45.0,6.0,1.0,6.0,3.0,4.0,4.0,2.0,5.0,0.482612950331641
10403,57.0,52.0,5.0,0.0,5.0,3.0,4.0,5.0,1.0,3.0,0.256260584731207
8781,48.0,42.0,4.0,1.0,4.0,3.0,4.0,2.0,3.0,6.0,0.996566933991211
9977,77.0,61.0,5.0,1.0,6.0,3.0,4.0,5.0,1.0,8.0,0.528783552910245
13026,41.0,47.0,5.0,1.0,5.0,2.0,3.0,3.0,4.0,1.0,1.98396707962643
11649,44.0,44.0,5.0,0.0,5.0,3.0,4.0,4.0,2.0,5.0,0.629328924983196
9743,57.0,53.0,5.0,1.0,4.0,3.0,4.0,5.0,2.0,6.0,1.022379906537
8782,49.0,46.0,5.0,1.0,4.0,3.0,3.0,4.0,3.0,8.0,1.26660232912984
12992,46.0,51.0,4.0,1.0,6.0,2.0,4.0,4.0,1.0,2.0,0.425854005491386
8032,48.0,31.0,1.0,0.0,4.0,1.0,4.0,1.0,3.0,5.0,0.76226322074866
14065,55.0,50.0,5.0,1.0,4.0,2.0,3.0,3.0,2.0,6.0,1.34367812540406
12482,95.0,85.0,7.0,0.0,6.0,3.0,4.0,4.0,2.0,7.0,0.351263934325689
13469,44.0,50.0,2.0,0.0,6.0,3.0,3.0,4.0,1.0,4.0,0.831370618238244
14278,41.0,46.0,4.0,1.0,4.0,2.0,1.0,3.0,1.0,9.0,1.96039687112388
11262,60.0,49.0,5.0,0.0,2.0,2.0,3.0,3.0,2.0,7.0,0.599315149119556
13122,51.0,45.0,4.0,1.0,5.0,3.0,3.0,4.0,2.0,8.0,0.660163839451111
11748,48.0,42.0,5.0,1.0,4.0,2.0,1.0,2.0,1.0,2.0,1.58823370128862
10201,57.0,48.0,3.0,1.0,6.0,2.0,4.0,2.0,1.0,8.0,1.31007696092163
14393,58.0,51.0,4.0,1.0,6.0,3.0,4.0,4.0,2.0,7.0,0.585649939204784
9978,36.0,39.0,2.0,1.0,4.0,3.0,2.0,4.0,2.0,8.0,0.61862525860499
11749,64.0,42.0,5.0,1.0,5.0,3.0,4.0,5.0,2.0,8.0,0.242529596904614
11389,55.0,66.0,6.0,1.0,5.0,3.0,4.0,4.0,1.0,8.0,0.74140427117964
11390,95.0,67.0,6.0,0.0,6.0,3.0,4.0,4.0,2.0,9.0,0.305977967105136
7204,53.0,42.0,5.0,0.0,4.0,0.0,,3.0,2.0,1.0,0.837233845884165
9979,75.0,56.0,5.0,1.0,6.0,3.0,4.0,4.0,2.0,6.0,0.499919209713241
11650,58.0,44.0,5.0,1.0,6.0,2.0,3.0,1.0,2.0,9.0,2.42848636179796
8163,59.0,82.0,7.0,0.0,6.0,3.0,4.0,4.0,1.0,4.0,1.19744957504286
9008,73.0,59.0,7.0,1.0,5.0,3.0,4.0,5.0,1.0,7.0,0.462550679578911
13257,40.0,56.0,4.0,1.0,2.0,3.0,3.0,1.0,2.0,7.0,0.692731216273593
11131,54.0,47.0,5.0,1.0,4.0,3.0,3.0,4.0,1.0,9.0,2.06053393960051
12815,22.0,39.0,1.0,0.0,1.0,1.0,1.0,1.0,3.0,3.0,1.07185514372137
7332,49.0,42.0,3.0,0.0,3.0,3.0,,2.0,2.0,2.0,0.491009308549587
10202,55.0,50.0,4.0,1.0,5.0,3.0,4.0,2.0,2.0,9.0,1.13723396500634
10203,36.0,22.0,2.0,1.0,2.0,2.0,4.0,1.0,3.0,4.0,0.911002953259815
12318,53.0,57.0,5.0,1.0,6.0,3.0,4.0,5.0,2.0,7.0,0.456403041109179
12483,44.0,56.0,6.0,1.0,2.0,3.0,1.0,4.0,3.0,2.0,0.593063879603539
8783,63.0,38.0,3.0,1.0,6.0,2.0,4.0,4.0,1.0,9.0,3.86844202193869
12370,68.0,46.0,4.0,1.0,5.0,3.0,4.0,3.0,2.0,9.0,0.816679835167205
12437,42.0,43.0,4.0,0.0,2.0,2.0,,3.0,3.0,8.0,5.18477594585938
14276,89.0,73.0,5.0,1.0,6.0,3.0,4.0,1.0,1.0,8.0,0.544781107389302
11535,45.0,49.0,4.0,1.0,4.0,3.0,3.0,5.0,2.0,8.0,2.10272874849156
12786,39.0,52.0,5.0,1.0,3.0,2.0,2.0,3.0,2.0,5.0,1.24463811034722
12993,49.0,54.0,4.0,1.0,3.0,3.0,3.0,2.0,3.0,6.0,1.9225643187026
11391,51.0,43.0,6.0,1.0,4.0,3.0,4.0,5.0,2.0,8.0,0.721637536684555
7881,59.0,53.0,4.0,1.0,5.0,2.0,4.0,5.0,3.0,4.0,0.64647964995007
9744,63.0,48.0,5.0,1.0,5.0,1.0,4.0,5.0,3.0,7.0,1.32296052128881
14375,64.0,34.0,3.0,0.0,4.0,1.0,4.0,3.0,2.0,7.0,1.51550699282138
9512,70.0,64.0,7.0,1.0,4.0,3.0,4.0,3.0,1.0,8.0,0.595390494842748
11392,56.0,44.0,6.0,,5.0,3.0,4.0,3.0,3.0,7.0,0.472651557003082
13654,68.0,44.0,4.0,1.0,4.0,3.0,4.0,3.0,2.0,9.0,1.14276673103705
11750,62.0,56.0,5.0,0.0,6.0,3.0,4.0,4.0,2.0,8.0,0.228929776203313
11861,95.0,78.0,7.0,1.0,5.0,3.0,4.0,5.0,1.0,8.0,0.646888631698657
10957,42.0,63.0,5.0,1.0,5.0,3.0,3.0,5.0,3.0,2.0,1.52125740559556
9513,62.0,51.0,5.0,0.0,5.0,3.0,4.0,3.0,1.0,1.0,0.603389598148738
8784,44.0,39.0,4.0,1.0,4.0,2.0,2.0,2.0,1.0,2.0,1.00201326814626
12720,67.0,54.0,6.0,1.0,6.0,3.0,4.0,5.0,2.0,9.0,0.788397093004573
12184,57.0,45.0,5.0,0.0,5.0,3.0,4.0,5.0,2.0,9.0,1.57265315141734
8562,49.0,39.0,5.0,0.0,1.0,2.0,2.0,1.0,3.0,4.0,1.72808644300317
12571,50.0,37.0,4.0,1.0,3.0,3.0,1.0,3.0,1.0,2.0,0.789788285546255
8785,56.0,53.0,5.0,1.0,5.0,3.0,4.0,3.0,3.0,4.0,0.504506869771949
11651,36.0,50.0,6.0,1.0,4.0,3.0,2.0,2.0,2.0,7.0,0.432734217400614
12371,73.0,40.0,3.0,0.0,4.0,1.0,4.0,5.0,2.0,7.0,2.41411729865828
9980,41.0,49.0,6.0,0.0,4.0,2.0,1.0,2.0,2.0,1.0,1.00535425189244
10801,51.0,48.0,4.0,0.0,2.0,2.0,3.0,1.0,1.0,6.0,0.267138497198363
8563,62.0,57.0,5.0,0.0,6.0,3.0,4.0,5.0,2.0,8.0,1.84062405802501
9514,34.0,32.0,2.0,1.0,1.0,3.0,1.0,1.0,3.0,2.0,1.19622835520067
8372,55.0,37.0,4.0,0.0,3.0,3.0,4.0,5.0,3.0,9.0,1.94989118330671
11393,48.0,52.0,5.0,0.0,2.0,3.0,4.0,4.0,2.0,5.0,0.603291613099629
9009,53.0,47.0,4.0,0.0,4.0,3.0,4.0,5.0,2.0,1.0,1.39337674644623
14347,24.0,25.0,3.0,1.0,2.0,1.0,2.0,4.0,3.0,9.0,2.06053393960051
11394,65.0,52.0,5.0,1.0,6.0,3.0,4.0,5.0,2.0,7.0,0.462819606241255
10204,47.0,52.0,5.0,1.0,2.0,3.0,3.0,1.0,1.0,6.0,0.9379121198635552
11862,48.0,47.0,5.0,1.0,3.0,3.0,3.0,2.0,2.0,4.0,1.13436174812764
12109,28.0,55.0,5.0,1.0,2.0,3.0,1.0,3.0,3.0,4.0,0.843459521826915
12110,37.0,64.0,7.0,1.0,5.0,2.0,2.0,1.0,1.0,1.0,2.5220282707845
13883,42.0,66.0,7.0,1.0,5.0,3.0,4.0,5.0,1.0,8.0,0.502018913614153
7149,52.0,47.0,5.0,0.0,4.0,0.0,2.0,4.0,1.0,6.0,0.863482997953325
11395,42.0,47.0,5.0,1.0,4.0,3.0,3.0,3.0,3.0,6.0,0.541605881308155
13056,86.0,62.0,6.0,1.0,6.0,3.0,4.0,3.0,2.0,9.0,0.447015941810779
11263,65.0,52.0,5.0,1.0,5.0,3.0,4.0,5.0,2.0,8.0,0.35405674003059
14337,68.0,53.0,5.0,1.0,5.0,3.0,4.0,4.0,2.0,8.0,0.669932745881724
12244,56.0,62.0,5.0,1.0,4.0,2.0,4.0,4.0,1.0,4.0,0.64647964995007
10205,74.0,58.0,6.0,,6.0,3.0,4.0,5.0,1.0,9.0,0.986328867452414
10206,37.0,62.0,6.0,1.0,5.0,3.0,3.0,3.0,2.0,7.0,2.29352369226937
10404,54.0,49.0,4.0,1.0,6.0,3.0,4.0,2.0,2.0,8.0,0.742083946856187
13383,57.0,36.0,3.0,1.0,5.0,2.0,,3.0,2.0,4.0,2.35918486942641
10802,71.0,70.0,7.0,1.0,6.0,2.0,4.0,1.0,1.0,4.0,0.613108792790043
13157,66.0,31.0,6.0,1.0,6.0,1.0,1.0,3.0,1.0,1.0,0.605801909976521
10803,54.0,56.0,6.0,0.0,3.0,3.0,4.0,4.0,3.0,2.0,0.929523606926407
10959,58.0,41.0,5.0,0.0,1.0,1.0,1.0,1.0,2.0,2.0,0.753667067370684
12111,26.0,79.0,7.0,1.0,6.0,1.0,3.0,2.0,4.0,8.0,0.658359391717678
9745,52.0,29.0,3.0,0.0,1.0,3.0,1.0,3.0,4.0,3.0,1.61028917792567
8564,52.0,53.0,5.0,0.0,4.0,3.0,4.0,2.0,2.0,8.0,0.261640341874246
13351,47.0,52.0,5.0,1.0,3.0,0.0,3.0,3.0,3.0,2.0,0.639515233996807
13492,50.0,36.0,2.0,0.0,4.0,0.0,4.0,2.0,2.0,1.0,1.00535425189244
10405,81.0,53.0,5.0,0.0,3.0,3.0,4.0,5.0,2.0,8.0,0.389436230209029
12572,86.0,60.0,6.0,0.0,6.0,2.0,4.0,2.0,1.0,7.0,0.455862315055375
9515,41.0,38.0,5.0,1.0,3.0,3.0,2.0,2.0,2.0,4.0,1.18775518094736
10406,17.0,37.0,2.0,1.0,1.0,3.0,1.0,5.0,1.0,2.0,1.33309815833708
11652,50.0,54.0,5.0,1.0,6.0,3.0,4.0,3.0,2.0,7.0,0.456403041109179
14141,51.0,49.0,4.0,0.0,3.0,2.0,4.0,3.0,3.0,9.0,0.719250277404472
13793,65.0,62.0,7.0,0.0,6.0,3.0,4.0,3.0,4.0,9.0,0.307781199232946
10804,61.0,54.0,5.0,1.0,6.0,3.0,4.0,3.0,2.0,8.0,0.529356791902151
11863,65.0,56.0,5.0,1.0,4.0,3.0,4.0,5.0,2.0,8.0,0.646888631698657
11955,64.0,44.0,3.0,0.0,4.0,3.0,4.0,4.0,3.0,5.0,0.500172094237707
11864,65.0,53.0,5.0,0.0,5.0,3.0,4.0,,2.0,6.0,1.05190632749146
13771,66.0,54.0,6.0,1.0,5.0,3.0,4.0,3.0,1.0,8.0,1.13805749142956
8786,75.0,54.0,4.0,1.0,5.0,3.0,4.0,3.0,2.0,7.0,1.2448625598316
9981,54.0,57.0,5.0,1.0,5.0,3.0,4.0,4.0,2.0,9.0,1.01961363157284
10207,58.0,50.0,3.0,1.0,5.0,3.0,4.0,2.0,1.0,4.0,1.14254483992293
13506,43.0,56.0,6.0,0.0,4.0,3.0,4.0,3.0,1.0,7.0,0.712480510226011
9516,49.0,15.0,2.0,0.0,1.0,3.0,3.0,3.0,3.0,2.0,2.1555575843617
9010,51.0,55.0,6.0,1.0,4.0,3.0,4.0,5.0,2.0,6.0,0.546339439394862
10960,59.0,45.0,4.0,1.0,5.0,3.0,4.0,4.0,2.0,9.0,1.67150611214261
11264,68.0,47.0,5.0,1.0,5.0,3.0,4.0,3.0,2.0,8.0,1.6912796653151
9011,43.0,39.0,5.0,0.0,1.0,2.0,1.0,1.0,1.0,3.0,1.29257634075048
9012,43.0,36.0,4.0,0.0,4.0,2.0,1.0,1.0,3.0,4.0,0.921475513868912
8565,56.0,75.0,4.0,1.0,6.0,1.0,4.0,1.0,4.0,5.0,2.37451446698996
12484,42.0,49.0,5.0,0.0,5.0,3.0,3.0,3.0,2.0,8.0,2.03026515590146
10961,70.0,47.0,6.0,1.0,4.0,3.0,4.0,5.0,2.0,9.0,1.68505232567506
9013,57.0,50.0,4.0,1.0,4.0,2.0,3.0,3.0,2.0,7.0,0.585983905785532
8566,48.0,39.0,4.0,1.0,4.0,1.0,4.0,2.0,3.0,4.0,0.557602495370006
10208,67.0,62.0,4.0,1.0,5.0,3.0,4.0,4.0,1.0,9.0,1.77400689273698
11396,64.0,53.0,5.0,1.0,5.0,3.0,4.0,1.0,1.0,8.0,0.645417896451537
8567,51.0,42.0,5.0,0.0,5.0,2.0,4.0,3.0,2.0,7.0,1.46002402360721
10605,54.0,41.0,4.0,0.0,4.0,0.0,1.0,4.0,2.0,6.0,1.93134782904951
11397,32.0,34.0,3.0,0.0,2.0,2.0,1.0,1.0,3.0,1.0,0.835361879066067
11536,84.0,55.0,5.0,1.0,5.0,3.0,4.0,,1.0,7.0,0.352435664320157
11956,75.0,67.0,6.0,1.0,6.0,2.0,4.0,5.0,1.0,8.0,1.87432958187097
14056,39.0,43.0,5.0,1.0,5.0,3.0,1.0,5.0,2.0,6.0,1.16807222064516
7239,51.0,48.0,4.0,0.0,5.0,2.0,,4.0,2.0,2.0,0.591350041291775
11398,69.0,54.0,5.0,1.0,5.0,3.0,4.0,4.0,2.0,8.0,0.476242277801034
9746,52.0,57.0,5.0,1.0,5.0,3.0,4.0,4.0,1.0,9.0,0.774972652500234
13903,56.0,51.0,5.0,0.0,6.0,3.0,2.0,4.0,2.0,6.0,3.70003024907633
10209,76.0,58.0,6.0,1.0,6.0,3.0,4.0,4.0,1.0,8.0,0.515913145940406
10962,29.0,14.0,1.0,0.0,6.0,2.0,1.0,4.0,3.0,1.0,0.98998686901371
13665,61.0,50.0,6.0,1.0,5.0,3.0,4.0,1.0,1.0,4.0,1.96254290524218
13705,87.0,65.0,6.0,0.0,6.0,3.0,4.0,4.0,1.0,7.0,0.489795516322813
12855,69.0,47.0,5.0,1.0,4.0,3.0,4.0,3.0,2.0,9.0,0.873270710591611
11653,58.0,46.0,4.0,1.0,5.0,3.0,3.0,3.0,2.0,7.0,2.43022363200944
9014,45.0,37.0,4.0,0.0,3.0,3.0,3.0,4.0,3.0,2.0,1.08025344801867
13378,52.0,47.0,3.0,0.0,5.0,2.0,4.0,3.0,3.0,8.0,1.18074233567172
9747,50.0,37.0,4.0,1.0,5.0,3.0,2.0,2.0,2.0,3.0,1.18385919046743
8787,70.0,77.0,7.0,1.0,6.0,3.0,4.0,4.0,2.0,7.0,1.22838138701652
11132,78.0,85.0,7.0,1.0,6.0,2.0,4.0,5.0,1.0,7.0,0.772729191715478
14277,56.0,42.0,5.0,1.0,5.0,3.0,4.0,2.0,1.0,9.0,0.788397093004573
11133,86.0,66.0,5.0,1.0,6.0,3.0,4.0,5.0,1.0,8.0,0.563158231354014
12607,40.0,44.0,5.0,0.0,5.0,2.0,3.0,3.0,3.0,3.0,0.825482496350413
13398,58.0,51.0,5.0,1.0,4.0,2.0,4.0,3.0,2.0,7.0,0.495238483924799
11537,52.0,32.0,4.0,1.0,2.0,3.0,1.0,1.0,3.0,3.0,1.5726100195979
7762,81.0,74.0,6.0,0.0,6.0,3.0,4.0,5.0,2.0,9.0,1.29124059283439
13027,50.0,55.0,3.0,1.0,6.0,3.0,4.0,1.0,1.0,7.0,0.46307120073435
11134,73.0,52.0,5.0,0.0,5.0,3.0,4.0,4.0,2.0,3.0,0.745464253150577
9517,57.0,36.0,5.0,0.0,4.0,3.0,4.0,1.0,2.0,8.0,1.56335934954137
13877,31.0,32.0,4.0,1.0,3.0,0.0,1.0,3.0,3.0,1.0,0.826139422382396
14269,50.0,39.0,4.0,1.0,5.0,3.0,4.0,3.0,2.0,9.0,0.674930141367527
8568,60.0,47.0,5.0,1.0,5.0,3.0,4.0,,2.0,8.0,0.822848867051868
10606,57.0,56.0,6.0,0.0,1.0,3.0,4.0,4.0,2.0,2.0,0.401878424200741
14107,60.0,61.0,6.0,1.0,4.0,3.0,4.0,3.0,2.0,8.0,0.526242967949549
11265,54.0,45.0,4.0,1.0,6.0,3.0,4.0,5.0,2.0,7.0,1.31024974590806
9015,42.0,35.0,4.0,1.0,4.0,1.0,3.0,1.0,2.0,1.0,1.75076196833502
12245,61.0,51.0,5.0,1.0,4.0,3.0,4.0,4.0,2.0,6.0,0.442765215845355
12438,59.0,55.0,4.0,1.0,1.0,3.0,4.0,3.0,3.0,2.0,1.13403875924838
8788,95.0,59.0,5.0,0.0,6.0,3.0,4.0,5.0,3.0,7.0,0.322242695449367
8569,64.0,53.0,5.0,1.0,6.0,3.0,4.0,5.0,1.0,7.0,0.557069714734987
11399,57.0,52.0,6.0,1.0,3.0,2.0,4.0,1.0,1.0,2.0,1.12499328010693
11865,41.0,38.0,4.0,1.0,2.0,3.0,3.0,2.0,1.0,2.0,2.4486082093241
8789,58.0,52.0,5.0,0.0,4.0,3.0,4.0,5.0,2.0,8.0,0.646619982531285
11400,60.0,29.0,3.0,1.0,4.0,3.0,3.0,1.0,2.0,1.0,1.9618198771806
8033,59.0,58.0,6.0,1.0,6.0,2.0,4.0,3.0,3.0,8.0,0.797470978609299
9748,95.0,65.0,5.0,0.0,6.0,3.0,4.0,4.0,1.0,9.0,0.587820046146882
8166,49.0,42.0,5.0,1.0,3.0,1.0,,2.0,3.0,1.0,0.785892620419774
9749,95.0,74.0,7.0,1.0,6.0,3.0,4.0,4.0,1.0,8.0,0.566148813903296
12185,61.0,74.0,4.0,1.0,6.0,3.0,4.0,1.0,1.0,2.0,1.0872575333192
9016,67.0,51.0,5.0,0.0,5.0,3.0,4.0,5.0,2.0,9.0,0.719250277404472
9982,47.0,48.0,7.0,1.0,4.0,3.0,4.0,4.0,2.0,9.0,0.694742310796871
11538,60.0,50.0,4.0,1.0,6.0,3.0,4.0,4.0,2.0,8.0,1.18933354318161
7882,41.0,38.0,5.0,1.0,3.0,1.0,2.0,2.0,4.0,1.0,0.386006614226412
12721,48.0,40.0,3.0,0.0,3.0,2.0,1.0,3.0,2.0,6.0,0.731422582854646
9983,53.0,43.0,4.0,1.0,5.0,2.0,3.0,1.0,2.0,5.0,1.0934406957224
7883,39.0,56.0,4.0,1.0,4.0,2.0,2.0,4.0,3.0,8.0,1.39541367821625
12246,53.0,46.0,5.0,1.0,5.0,2.0,4.0,5.0,3.0,7.0,2.66258443208795
10210,53.0,34.0,3.0,1.0,2.0,3.0,,1.0,3.0,1.0,0.842645804983349
10607,95.0,40.0,3.0,0.0,5.0,3.0,4.0,4.0,2.0,8.0,0.476242277801034
12247,48.0,62.0,5.0,1.0,6.0,2.0,4.0,2.0,3.0,4.0,0.675816242706003
13911,62.0,53.0,5.0,1.0,5.0,3.0,,1.0,1.0,6.0,0.773749500547524
13690,46.0,43.0,5.0,0.0,4.0,3.0,3.0,1.0,2.0,4.0,0.348484925690553
9254,17.0,61.0,5.0,0.0,1.0,3.0,1.0,1.0,1.0,2.0,1.89353676602177
7240,49.0,42.0,4.0,0.0,3.0,2.0,,3.0,3.0,1.0,0.57489574250926
7431,54.0,44.0,5.0,1.0,5.0,3.0,4.0,2.0,2.0,7.0,0.770781714093263
11401,54.0,43.0,4.0,1.0,4.0,2.0,4.0,4.0,2.0,8.0,1.42658424350689
13785,43.0,54.0,4.0,0.0,6.0,2.0,1.0,,3.0,1.0,0.905669096051772
10805,47.0,42.0,5.0,1.0,5.0,2.0,1.0,3.0,2.0,3.0,1.48102213962894
14400,62.0,44.0,5.0,1.0,5.0,3.0,3.0,3.0,2.0,1.0,0.780410933681403
10806,95.0,56.0,5.0,0.0,5.0,3.0,4.0,3.0,2.0,8.0,0.389485713688035
13204,46.0,42.0,4.0,1.0,6.0,3.0,1.0,2.0,2.0,2.0,1.19443227123827
10608,60.0,34.0,3.0,1.0,4.0,3.0,4.0,3.0,3.0,2.0,1.72808644300317
8034,54.0,43.0,5.0,1.0,4.0,1.0,,4.0,2.0,8.0,0.655555633452988
8570,52.0,46.0,3.0,0.0,5.0,3.0,4.0,4.0,3.0,4.0,0.316892838902217
12186,39.0,46.0,4.0,1.0,3.0,1.0,1.0,2.0,2.0,6.0,1.75479179111718
8167,52.0,42.0,4.0,0.0,2.0,3.0,4.0,3.0,2.0,6.0,0.645928225189882
11135,86.0,64.0,5.0,0.0,6.0,3.0,4.0,3.0,2.0,8.0,0.787896320316313
12039,62.0,60.0,4.0,1.0,4.0,2.0,,,2.0,2.0,0.801111926963704
8168,63.0,40.0,4.0,1.0,6.0,3.0,4.0,5.0,2.0,8.0,0.482695115657595
9518,48.0,57.0,5.0,1.0,4.0,1.0,2.0,1.0,2.0,1.0,0.659994622662963
10963,60.0,41.0,4.0,1.0,3.0,1.0,4.0,5.0,3.0,6.0,0.763245203570024
8790,42.0,39.0,3.0,1.0,3.0,3.0,1.0,5.0,2.0,7.0,0.973537393519596
11402,59.0,53.0,5.0,0.0,2.0,2.0,1.0,1.0,1.0,1.0,0.864590347665345
10211,37.0,47.0,3.0,1.0,3.0,3.0,2.0,1.0,2.0,8.0,0.773123771609444
8169,57.0,74.0,7.0,1.0,5.0,3.0,4.0,4.0,1.0,9.0,0.67583588656469
11266,53.0,42.0,4.0,1.0,5.0,1.0,4.0,3.0,2.0,8.0,1.63552660547092
9255,54.0,18.0,3.0,0.0,4.0,3.0,4.0,5.0,3.0,9.0,0.788397093004573
8373,36.0,18.0,1.0,0.0,1.0,3.0,,3.0,3.0,2.0,1.18006943229918
11136,66.0,60.0,5.0,1.0,6.0,3.0,4.0,4.0,2.0,8.0,1.20311480401574
12533,39.0,58.0,5.0,0.0,5.0,2.0,,3.0,3.0,4.0,1.03986036798241
10964,84.0,80.0,7.0,1.0,3.0,3.0,4.0,1.0,2.0,9.0,0.446504870156368
11403,48.0,41.0,4.0,0.0,6.0,3.0,3.0,1.0,3.0,2.0,0.586210208495836
14267,49.0,49.0,5.0,1.0,3.0,3.0,4.0,5.0,2.0,2.0,0.750762438521213
7433,70.0,47.0,4.0,0.0,6.0,3.0,4.0,5.0,2.0,9.0,1.55264658844775
11267,50.0,46.0,5.0,1.0,4.0,2.0,3.0,4.0,2.0,8.0,0.451759614515526
7884,42.0,48.0,5.0,1.0,3.0,2.0,1.0,3.0,2.0,1.0,0.639515233996807
7763,73.0,29.0,1.0,0.0,3.0,1.0,,5.0,2.0,1.0,1.49248542903704
11268,78.0,51.0,5.0,0.0,5.0,3.0,4.0,5.0,2.0,7.0,0.585649939204784
10807,39.0,50.0,5.0,1.0,4.0,1.0,1.0,4.0,2.0,8.0,2.60849783850464
13313,67.0,54.0,4.0,1.0,2.0,2.0,4.0,5.0,1.0,6.0,0.729113544222089
10408,69.0,73.0,6.0,1.0,6.0,3.0,4.0,5.0,1.0,9.0,1.05680540749134
9984,50.0,61.0,5.0,1.0,5.0,3.0,3.0,3.0,1.0,7.0,1.21360505046559
12040,51.0,45.0,5.0,1.0,4.0,3.0,4.0,4.0,3.0,3.0,0.474856798281497
12187,40.0,43.0,4.0,1.0,3.0,2.0,1.0,1.0,4.0,4.0,0.704478954556021
12372,47.0,41.0,5.0,1.0,6.0,1.0,4.0,4.0,2.0,2.0,2.63992634515178
9985,38.0,38.0,4.0,0.0,4.0,1.0,1.0,1.0,3.0,2.0,0.741013368700983
13374,60.0,56.0,5.0,1.0,6.0,3.0,4.0,4.0,2.0,1.0,0.398697412531158
12686,23.0,76.0,7.0,1.0,3.0,3.0,1.0,3.0,4.0,4.0,3.77822152997248
10965,61.0,61.0,5.0,1.0,3.0,2.0,3.0,1.0,3.0,5.0,0.716115635492618
9986,47.0,40.0,4.0,0.0,4.0,3.0,4.0,3.0,2.0,3.0,0.721076441764695
8170,63.0,68.0,5.0,1.0,6.0,3.0,4.0,5.0,2.0,9.0,0.974702746830328
10966,70.0,51.0,5.0,1.0,5.0,3.0,4.0,2.0,1.0,7.0,0.367291877597199
8791,73.0,62.0,6.0,1.0,6.0,2.0,4.0,1.0,4.0,6.0,1.63823138780551
10609,62.0,61.0,5.0,1.0,5.0,2.0,3.0,4.0,1.0,2.0,0.520880809686653
8571,47.0,39.0,3.0,0.0,2.0,2.0,4.0,2.0,2.0,6.0,1.44887797026692
10610,60.0,54.0,5.0,0.0,6.0,3.0,4.0,5.0,2.0,8.0,0.526242967949549
11751,36.0,34.0,5.0,0.0,1.0,3.0,1.0,1.0,1.0,3.0,1.30186820842126
8572,61.0,51.0,5.0,1.0,5.0,3.0,4.0,3.0,3.0,4.0,0.595961895629272
13183,76.0,51.0,3.0,1.0,6.0,3.0,4.0,2.0,2.0,8.0,0.745163109450516
9257,45.0,32.0,3.0,1.0,2.0,1.0,1.0,3.0,3.0,3.0,1.0233333489611
9017,58.0,43.0,3.0,0.0,5.0,1.0,2.0,2.0,1.0,1.0,0.947175882538374
9018,32.0,28.0,1.0,1.0,6.0,1.0,1.0,1.0,3.0,1.0,1.1351071104352
9750,23.0,33.0,3.0,0.0,2.0,2.0,1.0,4.0,2.0,4.0,1.27456768675108
9258,52.0,48.0,5.0,1.0,3.0,2.0,4.0,3.0,3.0,8.0,0.655555633452988
10808,50.0,46.0,3.0,1.0,5.0,1.0,4.0,5.0,3.0,4.0,1.23108785208153
9519,58.0,54.0,5.0,1.0,2.0,1.0,4.0,4.0,2.0,8.0,1.08605493351384
12856,61.0,58.0,4.0,1.0,5.0,1.0,4.0,4.0,1.0,4.0,0.895798031139083
9520,35.0,44.0,4.0,1.0,2.0,3.0,3.0,3.0,4.0,8.0,0.744866816076369
8036,86.0,61.0,6.0,1.0,6.0,3.0,4.0,5.0,1.0,9.0,0.899822332961181
9751,56.0,52.0,5.0,1.0,5.0,2.0,3.0,1.0,2.0,8.0,2.57057035824217
12112,46.0,42.0,4.0,0.0,5.0,3.0,1.0,2.0,3.0,3.0,1.91076105766617
12248,64.0,51.0,4.0,1.0,5.0,3.0,4.0,3.0,1.0,7.0,1.22033856487947
9259,59.0,62.0,5.0,1.0,5.0,3.0,4.0,3.0,2.0,9.0,0.674930141367527
11539,55.0,49.0,5.0,1.0,5.0,3.0,3.0,2.0,3.0,4.0,1.02186515151615
10967,61.0,48.0,3.0,1.0,6.0,3.0,4.0,4.0,2.0,8.0,0.69830112663319
13011,47.0,37.0,4.0,0.0,3.0,2.0,1.0,2.0,1.0,2.0,2.54008846197549
11540,58.0,42.0,4.0,1.0,5.0,3.0,4.0,5.0,2.0,9.0,1.76604652399257
12113,77.0,57.0,5.0,1.0,5.0,3.0,4.0,4.0,2.0,8.0,0.222343394447957
13436,60.0,67.0,5.0,0.0,6.0,2.0,4.0,2.0,1.0,2.0,0.859751128656598
10212,55.0,41.0,4.0,0.0,5.0,3.0,4.0,3.0,2.0,7.0,0.520903605569945
10213,59.0,49.0,5.0,1.0,4.0,3.0,4.0,3.0,1.0,7.0,1.2591191592278
12964,72.0,54.0,5.0,1.0,6.0,3.0,4.0,3.0,2.0,6.0,0.52848766696378
12534,54.0,34.0,4.0,1.0,6.0,3.0,4.0,2.0,2.0,8.0,1.05033192217981
12249,57.0,57.0,4.0,0.0,4.0,3.0,3.0,2.0,1.0,1.0,0.914225472475233
11541,44.0,43.0,3.0,1.0,4.0,3.0,3.0,4.0,2.0,2.0,1.23146278036851
14263,62.0,53.0,6.0,1.0,3.0,3.0,4.0,4.0,2.0,6.0,0.294308541594341
8171,53.0,40.0,5.0,0.0,4.0,3.0,4.0,5.0,1.0,9.0,0.655304600164212
14348,66.0,54.0,,1.0,6.0,3.0,4.0,3.0,,7.0,0.589284193232421
11957,56.0,52.0,7.0,1.0,5.0,3.0,4.0,4.0,1.0,6.0,0.474631665580547
10611,29.0,53.0,4.0,1.0,4.0,3.0,1.0,1.0,3.0,1.0,1.02519171409611
10214,72.0,59.0,4.0,0.0,6.0,3.0,4.0,4.0,1.0,4.0,0.437093686542249
14173,51.0,72.0,6.0,0.0,6.0,3.0,4.0,4.0,3.0,7.0,0.697596057508642
7282,49.0,42.0,4.0,0.0,2.0,1.0,,5.0,4.0,1.0,2.65977781324736
12041,59.0,50.0,4.0,1.0,5.0,2.0,4.0,3.0,2.0,3.0,2.23662150315231
10409,86.0,71.0,6.0,1.0,6.0,3.0,4.0,3.0,1.0,7.0,0.970137189137574
8792,67.0,53.0,5.0,0.0,4.0,3.0,4.0,5.0,2.0,8.0,0.646888631698657
9260,86.0,75.0,7.0,1.0,4.0,2.0,4.0,5.0,1.0,8.0,0.792701232969205
9521,43.0,43.0,4.0,1.0,4.0,3.0,3.0,3.0,2.0,3.0,1.06701731565407
10215,59.0,54.0,6.0,1.0,5.0,3.0,4.0,3.0,2.0,7.0,0.67664171484121
8172,72.0,44.0,4.0,0.0,4.0,2.0,4.0,2.0,1.0,8.0,0.721637536684555
13029,54.0,56.0,5.0,1.0,6.0,3.0,4.0,3.0,2.0,7.0,0.464687017576344
7283,60.0,51.0,6.0,1.0,6.0,3.0,4.0,5.0,2.0,8.0,0.658359391717678
11404,36.0,30.0,3.0,1.0,2.0,2.0,1.0,1.0,3.0,3.0,0.692207248723215
14257,65.0,48.0,5.0,0.0,3.0,3.0,4.0,1.0,3.0,9.0,0.641699028519133
8173,89.0,85.0,5.0,0.0,5.0,3.0,4.0,4.0,1.0,7.0,0.565768034600773
10410,82.0,54.0,5.0,1.0,6.0,3.0,4.0,3.0,3.0,9.0,0.641699028519133
8174,75.0,54.0,6.0,0.0,6.0,3.0,4.0,5.0,1.0,9.0,0.670269722396469
7434,25.0,42.0,3.0,0.0,3.0,0.0,,4.0,2.0,2.0,0.740695339721115
11269,45.0,26.0,2.0,1.0,3.0,2.0,3.0,1.0,2.0,1.0,0.822411576166284
7885,50.0,39.0,4.0,0.0,4.0,2.0,3.0,3.0,2.0,5.0,1.43075958369317
11542,75.0,51.0,7.0,0.0,6.0,3.0,4.0,2.0,1.0,6.0,0.492435035640645
11654,63.0,48.0,4.0,1.0,5.0,2.0,4.0,4.0,2.0,7.0,1.1793283708525
13731,50.0,49.0,4.0,0.0,3.0,3.0,4.0,3.0,1.0,5.0,0.556445549460703
12319,65.0,50.0,5.0,1.0,6.0,3.0,4.0,5.0,2.0,9.0,0.49505346992289
7886,61.0,62.0,4.0,1.0,4.0,3.0,4.0,4.0,1.0,3.0,0.419506524917905
8038,72.0,69.0,7.0,1.0,6.0,3.0,4.0,4.0,2.0,9.0,1.71142242819492
10612,35.0,40.0,2.0,0.0,3.0,2.0,4.0,3.0,3.0,8.0,0.476962626107654
11137,53.0,57.0,4.0,0.0,2.0,2.0,4.0,3.0,1.0,3.0,0.733979139655193
10968,40.0,60.0,5.0,1.0,1.0,3.0,2.0,3.0,2.0,1.0,0.916167651738636
13815,78.0,44.0,4.0,1.0,6.0,3.0,4.0,5.0,1.0,9.0,1.16222162556731
7333,49.0,42.0,3.0,0.0,4.0,1.0,1.0,1.0,4.0,1.0,0.994369755326658
12373,37.0,56.0,1.0,,3.0,2.0,,5.0,4.0,1.0,1.00773235972176
7765,64.0,58.0,6.0,1.0,6.0,3.0,4.0,5.0,1.0,7.0,0.882493155621812
9752,95.0,85.0,7.0,1.0,6.0,2.0,4.0,5.0,1.0,8.0,0.782747066404378
8039,33.0,44.0,4.0,,3.0,3.0,3.0,5.0,1.0,8.0,1.24804671733264
8040,50.0,48.0,4.0,1.0,5.0,2.0,4.0,5.0,2.0,7.0,1.34642713223461
14395,61.0,49.0,5.0,1.0,5.0,2.0,4.0,4.0,3.0,1.0,0.978883400174158
7334,50.0,44.0,4.0,0.0,5.0,1.0,3.0,,3.0,2.0,1.18470398085762
12857,65.0,58.0,5.0,1.0,6.0,3.0,4.0,2.0,2.0,9.0,0.608328136961025
10216,47.0,46.0,4.0,1.0,6.0,3.0,4.0,1.0,2.0,7.0,0.649254894096317
12945,52.0,44.0,5.0,0.0,3.0,3.0,4.0,2.0,2.0,7.0,0.467825250894035
9522,44.0,49.0,5.0,1.0,3.0,2.0,,2.0,1.0,5.0,1.24463811034722
13696,59.0,56.0,5.0,1.0,5.0,3.0,4.0,5.0,2.0,7.0,1.43612782198583
12250,49.0,42.0,5.0,0.0,1.0,3.0,1.0,1.0,2.0,1.0,1.49247127347454
8573,39.0,55.0,4.0,1.0,1.0,2.0,4.0,2.0,1.0,1.0,1.11661458649369
9019,53.0,50.0,5.0,1.0,5.0,3.0,,1.0,3.0,4.0,0.668980860503847
12754,55.0,46.0,4.0,1.0,5.0,3.0,3.0,2.0,1.0,3.0,0.668980860503847
10217,55.0,45.0,5.0,1.0,3.0,2.0,3.0,1.0,2.0,3.0,0.704771206546301
9753,53.0,49.0,4.0,1.0,6.0,2.0,4.0,3.0,2.0,8.0,1.61372330815099
12755,52.0,54.0,4.0,0.0,3.0,3.0,4.0,2.0,1.0,9.0,1.22920384419514
11655,68.0,56.0,5.0,0.0,5.0,3.0,4.0,5.0,2.0,4.0,0.692207248723215
13633,59.0,64.0,5.0,1.0,5.0,3.0,4.0,3.0,1.0,7.0,1.23107425024163
10809,42.0,61.0,4.0,0.0,6.0,3.0,,2.0,4.0,1.0,0.785892620419774
9754,49.0,32.0,3.0,1.0,4.0,3.0,3.0,3.0,2.0,4.0,1.18739932876964
10411,72.0,60.0,5.0,0.0,5.0,3.0,4.0,4.0,1.0,1.0,1.12314932271992
8793,55.0,54.0,5.0,1.0,4.0,1.0,4.0,3.0,2.0,9.0,1.76091914382667
13279,50.0,35.0,4.0,1.0,5.0,3.0,3.0,1.0,2.0,5.0,2.08543044303675
7284,60.0,42.0,5.0,1.0,5.0,1.0,1.0,2.0,3.0,7.0,1.43612782198583
12649,41.0,40.0,5.0,1.0,2.0,3.0,2.0,2.0,1.0,1.0,0.891448968501593
9020,33.0,17.0,4.0,0.0,2.0,2.0,1.0,1.0,4.0,7.0,5.85306611956764
8175,41.0,73.0,4.0,1.0,6.0,2.0,4.0,5.0,2.0,6.0,0.402196767726746
11405,70.0,59.0,6.0,1.0,6.0,3.0,4.0,4.0,2.0,8.0,0.700774415325726
9987,66.0,43.0,5.0,1.0,2.0,3.0,4.0,4.0,2.0,9.0,0.638801285655031
9261,52.0,40.0,5.0,1.0,2.0,2.0,3.0,3.0,2.0,3.0,0.557602495370006
11270,76.0,51.0,5.0,1.0,6.0,3.0,4.0,3.0,2.0,8.0,0.427371542772774
9262,29.0,43.0,3.0,0.0,2.0,2.0,1.0,3.0,1.0,2.0,1.31808777578382
10810,49.0,56.0,5.0,1.0,5.0,3.0,3.0,5.0,1.0,6.0,0.453853885289179
11138,42.0,48.0,4.0,1.0,2.0,3.0,3.0,4.0,2.0,7.0,1.13061664336457
9755,78.0,69.0,4.0,0.0,6.0,3.0,4.0,3.0,1.0,8.0,0.242529596904614
9021,64.0,49.0,5.0,1.0,4.0,2.0,4.0,4.0,1.0,7.0,1.5142775349164
14254,70.0,59.0,6.0,0.0,5.0,2.0,4.0,3.0,2.0,4.0,0.64647964995007
8794,69.0,55.0,6.0,0.0,4.0,3.0,4.0,5.0,3.0,8.0,0.702691129236583
12320,85.0,73.0,6.0,1.0,6.0,3.0,4.0,5.0,1.0,7.0,0.208434914599238
8795,53.0,30.0,5.0,0.0,2.0,2.0,,4.0,2.0,2.0,0.688888220570762
11406,54.0,48.0,6.0,0.0,3.0,2.0,4.0,3.0,1.0,5.0,0.533626573361449
12756,53.0,72.0,6.0,0.0,6.0,3.0,4.0,5.0,1.0,8.0,0.57682275648546
8176,54.0,51.0,4.0,0.0,4.0,3.0,4.0,5.0,2.0,4.0,0.909891560930167
14368,58.0,45.0,5.0,1.0,4.0,2.0,4.0,3.0,2.0,4.0,0.362768744807948
12114,66.0,68.0,6.0,1.0,4.0,3.0,4.0,3.0,2.0,6.0,0.336213356895078
10811,67.0,51.0,5.0,1.0,5.0,3.0,4.0,3.0,2.0,7.0,0.345001951408897
8796,14.0,47.0,5.0,0.0,1.0,2.0,2.0,1.0,2.0,2.0,1.20801804654792
14226,43.0,46.0,4.0,1.0,6.0,3.0,3.0,5.0,2.0,2.0,0.430997741308189
7887,62.0,56.0,5.0,1.0,3.0,3.0,4.0,3.0,1.0,7.0,0.878321581171008
10412,54.0,43.0,4.0,1.0,4.0,3.0,4.0,4.0,2.0,6.0,1.3379697685741
8797,46.0,50.0,3.0,1.0,6.0,2.0,3.0,3.0,2.0,6.0,1.63823138780551
12251,72.0,54.0,5.0,0.0,5.0,3.0,4.0,5.0,,8.0,0.636926240525349
11866,67.0,41.0,4.0,1.0,5.0,3.0,4.0,3.0,2.0,7.0,0.720619392106815
8375,65.0,82.0,6.0,1.0,6.0,3.0,4.0,3.0,2.0,8.0,0.950638752168693
9022,55.0,51.0,5.0,1.0,5.0,3.0,1.0,4.0,2.0,7.0,0.89492272243056
7241,37.0,50.0,4.0,0.0,5.0,0.0,2.0,3.0,4.0,8.0,2.0918318421849
11656,53.0,50.0,5.0,1.0,4.0,2.0,4.0,4.0,1.0,9.0,0.9173303287731008
7766,58.0,48.0,5.0,1.0,4.0,2.0,3.0,3.0,2.0,7.0,1.6172900141064
9523,58.0,59.0,6.0,1.0,5.0,3.0,4.0,5.0,1.0,5.0,0.708577399812888
10413,40.0,26.0,3.0,1.0,4.0,3.0,1.0,2.0,2.0,2.0,0.686293401590942
8041,52.0,35.0,5.0,0.0,2.0,3.0,3.0,1.0,2.0,7.0,0.712480510226011
12757,27.0,60.0,7.0,1.0,6.0,2.0,1.0,2.0,4.0,3.0,2.0059453256233
12252,57.0,39.0,4.0,1.0,6.0,3.0,3.0,5.0,2.0,4.0,0.81279529266664
9756,53.0,44.0,5.0,0.0,3.0,3.0,4.0,2.0,2.0,9.0,0.641699028519133
12946,48.0,44.0,5.0,1.0,4.0,3.0,3.0,4.0,2.0,8.0,1.47211670776271
8042,53.0,44.0,5.0,0.0,4.0,3.0,4.0,5.0,3.0,6.0,1.31599040077571
8177,31.0,32.0,7.0,0.0,1.0,1.0,1.0,1.0,2.0,7.0,1.45099202940458
11271,71.0,54.0,4.0,1.0,4.0,3.0,4.0,4.0,2.0,7.0,0.505434552314697
10969,74.0,58.0,5.0,0.0,6.0,3.0,4.0,5.0,1.0,9.0,2.06053393960051
7767,64.0,48.0,5.0,0.0,5.0,3.0,4.0,3.0,2.0,6.0,0.856847825223486
10218,57.0,56.0,5.0,1.0,5.0,3.0,4.0,4.0,2.0,9.0,0.899822332961181
12253,84.0,54.0,3.0,0.0,6.0,3.0,4.0,2.0,1.0,5.0,1.2453283845502
10613,42.0,55.0,5.0,1.0,4.0,3.0,4.0,2.0,2.0,8.0,0.604178082510975
9524,41.0,42.0,6.0,1.0,6.0,3.0,3.0,2.0,3.0,8.0,1.47211670776271
12687,72.0,51.0,5.0,0.0,4.0,3.0,4.0,4.0,1.0,5.0,0.541605881308155
12439,59.0,49.0,4.0,1.0,5.0,3.0,4.0,4.0,2.0,8.0,0.702691129236583
11867,47.0,42.0,4.0,1.0,5.0,3.0,,3.0,3.0,1.0,1.06661053440219
8376,61.0,57.0,5.0,1.0,5.0,3.0,4.0,3.0,2.0,6.0,1.09435206302439
9023,74.0,79.0,7.0,1.0,6.0,3.0,4.0,5.0,1.0,8.0,1.60655339964783
9263,65.0,62.0,5.0,1.0,5.0,3.0,4.0,4.0,1.0,9.0,1.29684059216641
10970,59.0,52.0,4.0,1.0,6.0,0.0,4.0,3.0,2.0,5.0,1.75363406633151
9264,60.0,52.0,4.0,1.0,3.0,3.0,4.0,3.0,1.0,8.0,0.941147171835694
9024,65.0,48.0,5.0,1.0,4.0,3.0,4.0,1.0,1.0,9.0,1.73116666684041
11752,62.0,56.0,6.0,1.0,6.0,2.0,4.0,4.0,1.0,3.0,0.562230555206753
9025,86.0,85.0,6.0,1.0,6.0,3.0,4.0,4.0,1.0,9.0,1.55553010171199
8377,59.0,39.0,3.0,0.0,2.0,3.0,3.0,2.0,3.0,7.0,0.721415664929221
10219,59.0,66.0,6.0,1.0,4.0,3.0,4.0,2.0,2.0,5.0,0.533833103325354
13551,56.0,42.0,5.0,0.0,5.0,3.0,4.0,5.0,3.0,7.0,0.580001665888422
11407,71.0,66.0,5.0,1.0,6.0,3.0,4.0,3.0,2.0,8.0,0.604178082510975
8378,62.0,45.0,4.0,1.0,6.0,3.0,4.0,5.0,1.0,7.0,1.10537826879673
7768,33.0,61.0,7.0,0.0,3.0,3.0,3.0,5.0,3.0,9.0,0.655304600164212
11868,45.0,48.0,6.0,1.0,6.0,3.0,1.0,4.0,2.0,3.0,0.536623145481679
11657,62.0,41.0,4.0,0.0,4.0,3.0,4.0,3.0,2.0,7.0,0.207202529402069
12688,63.0,55.0,6.0,1.0,6.0,3.0,4.0,4.0,1.0,7.0,1.32969077320821
9026,65.0,60.0,5.0,1.0,6.0,3.0,4.0,4.0,1.0,7.0,0.937970033121979
10220,37.0,45.0,6.0,1.0,3.0,2.0,2.0,1.0,1.0,1.0,0.746220546756788
14098,66.0,42.0,5.0,1.0,6.0,3.0,4.0,4.0,2.0,9.0,0.700309459150432
13797,54.0,38.0,3.0,0.0,6.0,2.0,2.0,4.0,2.0,3.0,0.599184229362663
11272,61.0,40.0,3.0,0.0,6.0,3.0,4.0,5.0,2.0,7.0,0.67664171484121
11408,79.0,55.0,5.0,1.0,6.0,3.0,4.0,4.0,2.0,9.0,0.523508713136016
12689,57.0,44.0,5.0,1.0,6.0,3.0,3.0,4.0,1.0,2.0,0.992369125483843
9265,41.0,50.0,5.0,0.0,3.0,3.0,1.0,1.0,1.0,3.0,1.77556301796287
12608,69.0,55.0,4.0,1.0,5.0,3.0,4.0,2.0,1.0,4.0,0.799067729197805
8178,59.0,47.0,5.0,1.0,6.0,3.0,4.0,5.0,2.0,7.0,0.772729191715478
13605,68.0,58.0,5.0,1.0,5.0,2.0,3.0,1.0,2.0,8.0,2.08300827377247
8179,76.0,58.0,5.0,1.0,6.0,3.0,4.0,5.0,2.0,9.0,1.77400689273698
12374,52.0,52.0,5.0,1.0,5.0,1.0,4.0,4.0,3.0,1.0,1.80320350399452
12115,76.0,56.0,6.0,1.0,5.0,1.0,4.0,5.0,3.0,7.0,0.461002280037267
13702,59.0,46.0,3.0,0.0,5.0,2.0,3.0,5.0,2.0,4.0,0.599184229362663
11409,81.0,60.0,5.0,1.0,6.0,2.0,4.0,3.0,2.0,8.0,0.790032959489446
12188,56.0,42.0,4.0,1.0,5.0,3.0,2.0,3.0,3.0,1.0,2.11420218901155
12321,46.0,67.0,5.0,1.0,4.0,3.0,3.0,2.0,2.0,2.0,0.555808200967859
8574,56.0,36.0,5.0,0.0,3.0,2.0,4.0,2.0,2.0,7.0,0.378201205467138
8798,73.0,60.0,5.0,0.0,6.0,2.0,4.0,3.0,1.0,3.0,0.565708368947837
9027,61.0,43.0,4.0,0.0,4.0,2.0,4.0,4.0,3.0,8.0,0.975581776812273
13873,45.0,55.0,6.0,1.0,5.0,3.0,3.0,1.0,1.0,7.0,0.945275105042559
9266,52.0,37.0,5.0,1.0,4.0,2.0,4.0,4.0,1.0,8.0,1.43597132467536
11411,60.0,56.0,6.0,1.0,4.0,3.0,4.0,5.0,2.0,9.0,0.721776282697989
8575,51.0,49.0,4.0,0.0,4.0,3.0,3.0,,2.0,9.0,1.61053207728517
8180,17.0,45.0,6.0,0.0,2.0,3.0,1.0,1.0,2.0,8.0,0.726507079214918
11543,55.0,60.0,6.0,1.0,6.0,3.0,4.0,5.0,1.0,9.0,1.12355510817575
13030,50.0,66.0,3.0,0.0,6.0,2.0,3.0,5.0,2.0,1.0,3.70571708971899
9028,34.0,37.0,3.0,1.0,1.0,3.0,1.0,1.0,2.0,1.0,1.67639786877674
9988,22.0,85.0,6.0,1.0,5.0,2.0,1.0,1.0,1.0,1.0,0.691478516864794
13635,50.0,54.0,6.0,1.0,6.0,3.0,4.0,4.0,2.0,8.0,0.476962626107654
11958,66.0,55.0,5.0,1.0,5.0,3.0,4.0,2.0,3.0,6.0,0.52848766696378
13292,43.0,38.0,4.0,0.0,2.0,1.0,2.0,3.0,1.0,1.0,2.43779779327363
10812,61.0,52.0,5.0,1.0,5.0,3.0,4.0,3.0,2.0,7.0,0.487992914064358
12690,60.0,73.0,6.0,0.0,6.0,2.0,4.0,4.0,1.0,5.0,0.467732194611889
11544,85.0,77.0,6.0,1.0,6.0,3.0,4.0,4.0,2.0,8.0,0.489789888236169
13163,43.0,42.0,3.0,1.0,4.0,2.0,1.0,1.0,2.0,1.0,1.19443227123827
12440,71.0,48.0,5.0,1.0,5.0,3.0,4.0,3.0,3.0,4.0,0.653542392899133
10414,64.0,85.0,5.0,1.0,6.0,1.0,4.0,4.0,2.0,8.0,1.31007696092163
14249,66.0,85.0,6.0,1.0,6.0,3.0,4.0,1.0,1.0,7.0,1.86086623433935
12758,56.0,44.0,5.0,1.0,4.0,3.0,3.0,3.0,2.0,3.0,1.61028917792567
11959,60.0,43.0,4.0,1.0,5.0,3.0,4.0,5.0,2.0,9.0,1.52817363022826
11753,54.0,53.0,5.0,1.0,5.0,1.0,4.0,1.0,3.0,4.0,0.745464253150577
13384,36.0,49.0,5.0,0.0,5.0,0.0,2.0,1.0,2.0,2.0,1.34152574592271
12535,22.0,79.0,5.0,1.0,1.0,2.0,1.0,3.0,1.0,2.0,0.720364574792719
9029,47.0,44.0,5.0,0.0,2.0,2.0,1.0,4.0,1.0,1.0,2.48204521875552
9525,58.0,54.0,6.0,0.0,3.0,3.0,4.0,2.0,3.0,7.0,1.5142775349164
7769,14.0,17.0,1.0,0.0,1.0,2.0,1.0,1.0,3.0,1.0,0.744192533870604
8181,57.0,50.0,4.0,0.0,4.0,3.0,4.0,3.0,2.0,6.0,0.816106912879049
10221,65.0,55.0,6.0,1.0,5.0,3.0,4.0,4.0,2.0,5.0,0.404224225123736
11273,70.0,48.0,4.0,1.0,6.0,2.0,4.0,5.0,3.0,4.0,0.597089468668002
13088,49.0,42.0,4.0,0.0,4.0,2.0,3.0,2.0,2.0,5.0,0.906455607120483
11412,48.0,53.0,4.0,1.0,6.0,3.0,4.0,2.0,2.0,2.0,1.21371554644141
9267,82.0,71.0,5.0,0.0,6.0,3.0,4.0,4.0,1.0,7.0,0.416230442384957
11960,45.0,35.0,3.0,1.0,2.0,3.0,3.0,5.0,3.0,8.0,1.96856672399133
13739,54.0,39.0,4.0,1.0,4.0,3.0,4.0,3.0,1.0,2.0,0.643355996097082
12042,47.0,34.0,3.0,0.0,4.0,3.0,1.0,3.0,2.0,1.0,0.831408490012566
9268,52.0,45.0,4.0,1.0,3.0,3.0,3.0,3.0,2.0,4.0,1.72662315332763
11658,61.0,36.0,3.0,1.0,5.0,3.0,4.0,3.0,2.0,6.0,0.429368947067268
12254,38.0,29.0,2.0,1.0,2.0,2.0,1.0,5.0,3.0,1.0,0.467820874558452
11869,68.0,55.0,5.0,1.0,6.0,3.0,4.0,3.0,2.0,9.0,0.788397093004573
11545,14.0,33.0,4.0,0.0,2.0,2.0,1.0,1.0,1.0,3.0,1.18739932876964
10813,63.0,49.0,5.0,1.0,6.0,3.0,4.0,3.0,2.0,3.0,0.701107642427552
12816,54.0,64.0,5.0,1.0,6.0,3.0,4.0,4.0,1.0,7.0,1.08249882575257
7437,59.0,82.0,7.0,1.0,6.0,3.0,4.0,1.0,4.0,4.0,1.10461063095104
13470,73.0,53.0,5.0,1.0,5.0,3.0,4.0,5.0,1.0,9.0,0.709075439376766
14323,71.0,60.0,5.0,1.0,4.0,3.0,4.0,4.0,3.0,8.0,1.38356801891259
10415,45.0,50.0,5.0,0.0,4.0,3.0,4.0,1.0,1.0,8.0,0.744866816076369
14250,60.0,55.0,6.0,0.0,5.0,3.0,4.0,5.0,2.0,1.0,2.52470774993268
11546,56.0,43.0,5.0,0.0,2.0,3.0,3.0,4.0,1.0,4.0,0.98904985177904
7335,53.0,55.0,5.0,1.0,6.0,3.0,4.0,3.0,2.0,9.0,2.12052696784647
12817,45.0,39.0,3.0,1.0,5.0,3.0,3.0,4.0,2.0,8.0,2.08467600306094
8379,60.0,79.0,7.0,1.0,6.0,2.0,4.0,1.0,1.0,9.0,4.12615440152798
8576,44.0,59.0,5.0,1.0,6.0,2.0,3.0,4.0,1.0,1.0,2.05908711893927
9269,51.0,38.0,4.0,1.0,4.0,3.0,3.0,2.0,2.0,5.0,0.483636013326008
13101,67.0,77.0,5.0,1.0,6.0,3.0,4.0,2.0,1.0,8.0,0.824122107078978
8182,58.0,54.0,5.0,1.0,5.0,2.0,4.0,3.0,1.0,9.0,1.13723396500634
13109,59.0,54.0,5.0,1.0,4.0,3.0,3.0,1.0,1.0,5.0,1.50330102451883
9526,52.0,42.0,5.0,1.0,4.0,3.0,4.0,2.0,1.0,8.0,1.23096309231429
13670,33.0,54.0,4.0,1.0,2.0,1.0,1.0,3.0,1.0,3.0,1.93775967161946
12573,50.0,45.0,4.0,0.0,2.0,3.0,4.0,4.0,2.0,5.0,0.830919720533772
10614,75.0,59.0,6.0,1.0,6.0,3.0,,4.0,1.0,7.0,0.289271779438408
10416,48.0,58.0,5.0,1.0,5.0,3.0,4.0,3.0,2.0,6.0,1.71595937253459
10222,28.0,28.0,1.0,0.0,3.0,1.0,1.0,1.0,2.0,7.0,1.07425902948069
12759,59.0,56.0,5.0,1.0,5.0,3.0,4.0,2.0,2.0,7.0,1.08249882575257
11870,52.0,39.0,2.0,0.0,5.0,1.0,,3.0,2.0,3.0,0.729937150973869
9270,56.0,43.0,5.0,0.0,4.0,3.0,4.0,4.0,1.0,4.0,1.0272658337673
9989,76.0,47.0,5.0,1.0,6.0,3.0,4.0,4.0,2.0,7.0,0.40443837079384
13268,17.0,42.0,4.0,0.0,2.0,1.0,,3.0,3.0,4.0,0.591801842268996
12787,64.0,51.0,4.0,1.0,5.0,3.0,4.0,3.0,2.0,8.0,1.1376525284446
8184,50.0,52.0,6.0,1.0,4.0,3.0,4.0,4.0,1.0,9.0,0.815617648809735
13459,25.0,47.0,3.0,0.0,3.0,2.0,,4.0,2.0,1.0,3.17615573743959
12760,71.0,51.0,4.0,1.0,3.0,3.0,4.0,4.0,1.0,7.0,0.500785217924286
9030,89.0,56.0,6.0,0.0,5.0,3.0,4.0,4.0,1.0,9.0,0.49505346992289
10223,51.0,47.0,5.0,0.0,2.0,3.0,1.0,1.0,1.0,1.0,0.746220546756788
9031,26.0,38.0,3.0,1.0,2.0,3.0,1.0,1.0,2.0,6.0,0.515370103484213
11961,51.0,51.0,6.0,0.0,2.0,3.0,4.0,3.0,2.0,3.0,0.668980860503847
9527,49.0,42.0,4.0,1.0,4.0,2.0,,1.0,2.0,6.0,0.689993368509924
12788,31.0,39.0,4.0,0.0,1.0,2.0,3.0,2.0,3.0,1.0,0.996510127448254
12189,72.0,54.0,5.0,1.0,5.0,3.0,4.0,4.0,2.0,8.0,0.669932745881724
9528,88.0,80.0,6.0,0.0,6.0,3.0,4.0,3.0,1.0,6.0,0.498584490843393
12322,61.0,53.0,5.0,1.0,6.0,3.0,4.0,3.0,2.0,7.0,0.539430335985968
13646,71.0,42.0,5.0,1.0,5.0,3.0,4.0,3.0,3.0,9.0,0.478042815117411
8185,66.0,56.0,6.0,0.0,4.0,2.0,4.0,4.0,1.0,9.0,1.71185004733555
8380,61.0,45.0,5.0,0.0,6.0,3.0,4.0,3.0,3.0,7.0,0.796351210429683
12375,69.0,49.0,5.0,1.0,6.0,3.0,4.0,4.0,2.0,5.0,0.533833103325354
8381,44.0,59.0,5.0,0.0,4.0,2.0,3.0,3.0,2.0,6.0,0.729562937122872
12376,60.0,52.0,4.0,1.0,5.0,3.0,4.0,3.0,1.0,7.0,0.432273227410797
9757,57.0,55.0,5.0,1.0,5.0,3.0,4.0,4.0,3.0,7.0,0.720619392106815
10417,62.0,55.0,5.0,1.0,6.0,3.0,4.0,4.0,2.0,5.0,0.50831541165116
12116,49.0,43.0,5.0,1.0,3.0,3.0,3.0,3.0,3.0,4.0,0.564507986336706
12043,55.0,46.0,5.0,1.0,5.0,2.0,3.0,2.0,2.0,1.0,1.15634416353989
12834,67.0,61.0,7.0,1.0,6.0,3.0,4.0,2.0,2.0,7.0,0.315048189455074
12190,27.0,66.0,6.0,1.0,2.0,2.0,2.0,4.0,3.0,4.0,1.00610083250194
7770,47.0,56.0,5.0,1.0,4.0,0.0,3.0,2.0,2.0,2.0,2.72433032120274
8382,77.0,58.0,6.0,1.0,5.0,3.0,4.0,5.0,2.0,6.0,0.392571143705642
14268,63.0,47.0,5.0,0.0,6.0,3.0,4.0,4.0,2.0,5.0,0.845212713147787
11413,80.0,75.0,5.0,1.0,6.0,3.0,4.0,3.0,2.0,5.0,0.525618742181113
8043,56.0,44.0,5.0,0.0,5.0,3.0,4.0,3.0,4.0,9.0,0.478042815117411
9032,63.0,49.0,4.0,0.0,5.0,3.0,4.0,5.0,3.0,9.0,2.05878806658069
12323,61.0,53.0,5.0,1.0,6.0,3.0,4.0,1.0,2.0,6.0,0.474009408222484
10418,48.0,36.0,6.0,0.0,3.0,3.0,3.0,1.0,2.0,7.0,0.743708205486255
9271,65.0,85.0,7.0,1.0,6.0,2.0,4.0,4.0,2.0,9.0,0.788397093004573
8186,61.0,53.0,5.0,1.0,6.0,3.0,4.0,4.0,2.0,9.0,1.29124059283439
10419,75.0,54.0,5.0,1.0,6.0,3.0,4.0,3.0,2.0,8.0,0.669932745881724
8187,28.0,37.0,3.0,0.0,2.0,2.0,1.0,4.0,2.0,6.0,1.09435206302439
10224,62.0,49.0,5.0,1.0,5.0,3.0,4.0,2.0,2.0,6.0,0.603291613099629
14245,61.0,56.0,5.0,1.0,5.0,3.0,4.0,2.0,2.0,7.0,0.784068123129462
13205,46.0,35.0,3.0,0.0,5.0,3.0,3.0,2.0,1.0,6.0,0.876291467311012
9758,57.0,79.0,7.0,0.0,3.0,3.0,4.0,4.0,3.0,9.0,0.584409536161383
14005,72.0,55.0,5.0,1.0,6.0,3.0,4.0,5.0,2.0,9.0,0.685728095814806
10420,55.0,42.0,5.0,0.0,3.0,3.0,4.0,2.0,1.0,7.0,0.462279246904821
8044,39.0,42.0,4.0,0.0,4.0,1.0,2.0,1.0,3.0,1.0,1.05286344151288
12117,58.0,52.0,3.0,1.0,4.0,3.0,4.0,4.0,2.0,4.0,0.64647964995007
9033,52.0,58.0,6.0,1.0,6.0,3.0,4.0,3.0,2.0,8.0,0.57682275648546
12789,73.0,56.0,5.0,0.0,6.0,3.0,4.0,4.0,3.0,3.0,0.679425764389034
8383,74.0,40.0,3.0,1.0,6.0,3.0,4.0,4.0,1.0,6.0,0.500172094237707
8045,21.0,14.0,1.0,1.0,2.0,3.0,1.0,1.0,4.0,1.0,0.71182916871634
13559,68.0,,,,,0.0,,,,4.0,0.490584843627469
11414,65.0,48.0,5.0,1.0,6.0,3.0,4.0,5.0,1.0,9.0,0.721776282697989
13809,58.0,62.0,5.0,0.0,4.0,3.0,4.0,3.0,1.0,5.0,0.572698744103642
13077,95.0,68.0,6.0,0.0,6.0,3.0,4.0,3.0,1.0,7.0,0.364886679172436
12118,47.0,47.0,5.0,1.0,5.0,3.0,3.0,4.0,1.0,1.0,1.12557313171233
14328,73.0,54.0,5.0,1.0,5.0,3.0,4.0,5.0,2.0,9.0,1.13723396500634
8188,23.0,45.0,5.0,0.0,2.0,2.0,1.0,5.0,1.0,1.0,0.601127943590114
8384,71.0,52.0,6.0,1.0,5.0,2.0,4.0,5.0,1.0,2.0,0.670037688761564
14014,56.0,42.0,4.0,1.0,3.0,0.0,4.0,1.0,3.0,7.0,0.724991236537067
12255,64.0,64.0,6.0,1.0,5.0,3.0,4.0,5.0,2.0,8.0,0.615005147632315
9034,53.0,46.0,5.0,1.0,2.0,2.0,2.0,1.0,2.0,4.0,0.913580451176146
7771,66.0,49.0,5.0,0.0,5.0,2.0,4.0,5.0,2.0,8.0,1.93526878624241
10225,48.0,46.0,3.0,1.0,4.0,3.0,3.0,3.0,2.0,9.0,1.88801290841242
8799,58.0,55.0,5.0,1.0,5.0,3.0,4.0,2.0,3.0,8.0,0.400689567546821
8385,59.0,48.0,5.0,0.0,5.0,3.0,4.0,3.0,2.0,9.0,3.5102041023184
8800,63.0,52.0,5.0,0.0,4.0,3.0,4.0,5.0,1.0,9.0,0.674930141367527
12609,63.0,39.0,5.0,0.0,4.0,3.0,4.0,5.0,1.0,4.0,0.491391869988326
10421,95.0,43.0,4.0,1.0,5.0,3.0,4.0,5.0,2.0,6.0,0.579867046325649
14251,61.0,48.0,5.0,0.0,5.0,3.0,4.0,2.0,3.0,8.0,0.880039544650249
9990,59.0,57.0,5.0,1.0,6.0,3.0,4.0,5.0,2.0,8.0,0.696475552082153
12610,68.0,61.0,6.0,1.0,6.0,3.0,1.0,5.0,1.0,8.0,0.470447953129034
9991,61.0,57.0,6.0,0.0,6.0,3.0,4.0,4.0,3.0,8.0,1.20394609633599
8189,24.0,18.0,3.0,0.0,1.0,3.0,1.0,1.0,4.0,1.0,1.06865206633316
11962,50.0,38.0,3.0,1.0,5.0,1.0,3.0,1.0,2.0,2.0,1.03936363908183
10814,64.0,48.0,4.0,1.0,5.0,1.0,3.0,2.0,2.0,3.0,0.613108792790043
13149,48.0,43.0,4.0,1.0,5.0,3.0,3.0,4.0,2.0,8.0,1.25208920259093
9759,81.0,51.0,4.0,0.0,6.0,3.0,4.0,3.0,2.0,7.0,0.378201205467138
8386,53.0,40.0,3.0,1.0,6.0,3.0,3.0,3.0,3.0,3.0,1.23526168196909
8190,50.0,48.0,4.0,1.0,5.0,3.0,,4.0,2.0,4.0,0.813526489788127
8801,55.0,61.0,5.0,1.0,3.0,0.0,,2.0,1.0,8.0,1.43597132467536
9529,80.0,61.0,5.0,0.0,5.0,3.0,4.0,5.0,2.0,9.0,0.447015941810779
8577,51.0,40.0,4.0,0.0,4.0,3.0,3.0,5.0,3.0,6.0,2.32276274199366
10615,50.0,52.0,2.0,0.0,1.0,2.0,4.0,1.0,4.0,3.0,0.974152532473972
7888,52.0,42.0,5.0,0.0,5.0,3.0,4.0,1.0,2.0,3.0,0.856891765837142
8802,88.0,73.0,7.0,1.0,6.0,3.0,4.0,5.0,1.0,9.0,0.478042815117411
10226,89.0,70.0,6.0,1.0,5.0,3.0,4.0,2.0,2.0,9.0,0.632409533026282
11547,75.0,51.0,5.0,0.0,5.0,3.0,4.0,3.0,2.0,7.0,0.470946239203559
7889,68.0,56.0,5.0,1.0,6.0,3.0,4.0,3.0,2.0,8.0,0.924148617842031
14244,53.0,29.0,3.0,1.0,1.0,2.0,4.0,4.0,1.0,1.0,0.91417119305818
11548,50.0,56.0,5.0,1.0,4.0,3.0,,1.0,3.0,6.0,0.57341192019284
13012,60.0,63.0,4.0,1.0,5.0,3.0,4.0,4.0,1.0,9.0,0.886938624535268
11139,73.0,64.0,6.0,1.0,5.0,3.0,4.0,3.0,2.0,9.0,0.447015941810779
10227,14.0,28.0,4.0,1.0,1.0,3.0,1.0,2.0,4.0,1.0,0.723455150566843
13386,44.0,41.0,2.0,1.0,5.0,3.0,3.0,3.0,1.0,7.0,0.724991236537067
10971,51.0,51.0,4.0,1.0,6.0,3.0,2.0,2.0,2.0,9.0,2.11780192147473
9530,47.0,51.0,7.0,0.0,3.0,2.0,3.0,3.0,1.0,6.0,0.500172094237707
13432,37.0,39.0,4.0,0.0,4.0,3.0,4.0,4.0,1.0,1.0,2.75021908393697
10972,51.0,41.0,4.0,0.0,5.0,3.0,4.0,3.0,1.0,4.0,0.474856798281497
12441,63.0,58.0,5.0,0.0,5.0,3.0,4.0,4.0,1.0,7.0,0.46307120073435
13439,76.0,75.0,6.0,1.0,6.0,3.0,4.0,4.0,1.0,5.0,1.0934406957224
11871,50.0,42.0,4.0,0.0,2.0,0.0,2.0,1.0,3.0,1.0,0.811957221818743
9035,53.0,41.0,5.0,0.0,3.0,3.0,3.0,3.0,2.0,2.0,0.583368526018831
12119,42.0,38.0,4.0,,2.0,2.0,,1.0,1.0,2.0,0.809760075906105
8191,35.0,41.0,6.0,1.0,2.0,3.0,3.0,3.0,3.0,8.0,0.57682275648546
13932,45.0,58.0,6.0,1.0,2.0,3.0,3.0,1.0,3.0,6.0,1.35334087678809
13996,53.0,43.0,4.0,1.0,4.0,2.0,4.0,2.0,3.0,4.0,0.876540459997036
7772,54.0,52.0,5.0,1.0,5.0,1.0,3.0,1.0,2.0,8.0,2.78165068416558
11415,60.0,51.0,5.0,1.0,4.0,3.0,4.0,3.0,3.0,7.0,0.447400569769706
12947,34.0,34.0,3.0,1.0,1.0,2.0,3.0,2.0,4.0,1.0,0.821685629533687
10228,79.0,52.0,5.0,0.0,5.0,3.0,4.0,4.0,1.0,6.0,0.495459735746229
9760,53.0,41.0,5.0,0.0,3.0,3.0,4.0,3.0,3.0,2.0,0.761545102429886
12120,67.0,53.0,5.0,0.0,5.0,3.0,4.0,5.0,3.0,6.0,0.525618742181113
8578,60.0,57.0,5.0,1.0,6.0,3.0,4.0,5.0,1.0,7.0,0.684353668127862
11872,77.0,58.0,5.0,0.0,6.0,2.0,4.0,2.0,2.0,3.0,0.549468794936008
12121,69.0,58.0,5.0,1.0,6.0,3.0,4.0,5.0,2.0,5.0,0.495375163584685
7205,44.0,51.0,5.0,0.0,4.0,2.0,3.0,3.0,3.0,7.0,1.60807474643697
12907,58.0,55.0,5.0,1.0,5.0,3.0,4.0,5.0,1.0,9.0,1.57265315141734
12122,28.0,43.0,3.0,1.0,3.0,3.0,1.0,3.0,2.0,8.0,1.17974460869725
10815,35.0,43.0,4.0,1.0,2.0,3.0,1.0,1.0,1.0,5.0,0.566150255806276
10422,56.0,44.0,4.0,1.0,5.0,3.0,4.0,3.0,2.0,2.0,2.10787601904791
10423,54.0,39.0,3.0,0.0,5.0,1.0,4.0,3.0,2.0,2.0,1.31159096761645
7890,58.0,51.0,6.0,1.0,6.0,3.0,4.0,2.0,2.0,7.0,0.572169731887496
13346,53.0,69.0,4.0,1.0,6.0,3.0,3.0,3.0,2.0,2.0,1.69513263971703
12256,48.0,50.0,5.0,0.0,3.0,3.0,3.0,4.0,1.0,4.0,0.517984987288817
8804,70.0,53.0,5.0,1.0,5.0,3.0,4.0,4.0,2.0,9.0,0.388412577531426
10816,48.0,39.0,5.0,0.0,2.0,3.0,3.0,2.0,2.0,7.0,1.29518070629363
12442,62.0,51.0,5.0,1.0,5.0,1.0,3.0,1.0,2.0,2.0,1.03203855290188
8805,71.0,52.0,5.0,1.0,6.0,3.0,4.0,2.0,3.0,8.0,0.941147171835694
10424,61.0,60.0,5.0,1.0,6.0,3.0,4.0,3.0,2.0,5.0,0.821638010578091
14287,53.0,76.0,5.0,1.0,6.0,1.0,3.0,3.0,1.0,1.0,0.494539574140025
8579,76.0,58.0,6.0,1.0,5.0,2.0,4.0,4.0,2.0,7.0,0.975356744186719
11274,41.0,16.0,3.0,0.0,1.0,3.0,3.0,3.0,3.0,8.0,0.69830112663319
8806,59.0,58.0,6.0,1.0,6.0,3.0,4.0,1.0,3.0,7.0,0.617322785008849
12978,53.0,42.0,4.0,0.0,5.0,2.0,4.0,2.0,3.0,3.0,0.777622902056506
8387,95.0,70.0,7.0,1.0,5.0,3.0,4.0,4.0,1.0,6.0,0.436351467611519
8807,55.0,52.0,7.0,1.0,6.0,3.0,3.0,5.0,3.0,8.0,0.562736634460862
13361,41.0,41.0,4.0,0.0,2.0,3.0,3.0,3.0,1.0,5.0,0.849184786448007
14289,41.0,47.0,5.0,1.0,5.0,0.0,1.0,3.0,2.0,5.0,3.38231093188158
9762,83.0,63.0,7.0,0.0,5.0,3.0,4.0,4.0,1.0,9.0,0.739390976800788
8388,47.0,39.0,3.0,0.0,2.0,3.0,3.0,5.0,4.0,8.0,0.789444717479985
14266,62.0,49.0,5.0,0.0,5.0,3.0,4.0,3.0,2.0,8.0,0.461550945266046
14247,50.0,41.0,4.0,0.0,4.0,3.0,2.0,1.0,3.0,2.0,1.20872835323555
11416,37.0,41.0,3.0,0.0,3.0,1.0,1.0,2.0,3.0,6.0,1.31541918393624
10817,65.0,54.0,5.0,0.0,5.0,3.0,4.0,4.0,2.0,8.0,0.604178082510975
9763,52.0,48.0,5.0,1.0,3.0,3.0,4.0,2.0,2.0,6.0,0.453853885289179
13755,39.0,55.0,1.0,0.0,1.0,3.0,1.0,1.0,3.0,2.0,0.727067186233151
13499,60.0,52.0,5.0,1.0,6.0,3.0,3.0,4.0,2.0,5.0,0.646088092592623
8046,39.0,42.0,4.0,0.0,3.0,3.0,3.0,3.0,3.0,3.0,0.631413621928311
10616,75.0,82.0,6.0,1.0,6.0,3.0,4.0,2.0,3.0,4.0,0.974152532473972
11659,54.0,57.0,5.0,1.0,5.0,1.0,4.0,4.0,2.0,6.0,1.13791656212467
11754,52.0,50.0,5.0,1.0,6.0,3.0,,1.0,2.0,9.0,1.82396727612536
14016,47.0,52.0,3.0,0.0,,1.0,4.0,2.0,,8.0,3.16063505584618
14222,43.0,41.0,5.0,1.0,3.0,2.0,1.0,1.0,1.0,1.0,0.850763776806758
13601,39.0,56.0,5.0,0.0,1.0,3.0,1.0,2.0,1.0,1.0,1.00535425189244
9272,71.0,51.0,5.0,1.0,5.0,3.0,4.0,4.0,2.0,7.0,0.455862315055375
12650,63.0,48.0,5.0,1.0,5.0,3.0,4.0,5.0,1.0,8.0,0.428443646566966
13440,49.0,46.0,6.0,1.0,5.0,3.0,3.0,3.0,2.0,8.0,0.563158231354014
12045,75.0,51.0,4.0,1.0,6.0,2.0,4.0,3.0,1.0,8.0,0.566098111241492
8047,22.0,30.0,2.0,0.0,2.0,3.0,,4.0,4.0,8.0,1.31318630888382
11755,86.0,60.0,6.0,1.0,6.0,3.0,4.0,5.0,1.0,8.0,0.400689567546821
11756,57.0,45.0,4.0,0.0,4.0,2.0,4.0,4.0,1.0,7.0,0.456310133914848
14236,56.0,50.0,4.0,0.0,3.0,2.0,4.0,2.0,1.0,1.0,0.494991646908164
10229,63.0,56.0,5.0,1.0,5.0,3.0,4.0,3.0,2.0,5.0,0.625426897573946
10230,43.0,37.0,3.0,1.0,2.0,3.0,2.0,1.0,2.0,4.0,0.85379889220657
9273,78.0,67.0,5.0,1.0,6.0,3.0,4.0,5.0,1.0,8.0,0.538381277101317
12324,37.0,47.0,5.0,1.0,5.0,3.0,3.0,3.0,2.0,6.0,0.729562937122872
12924,60.0,57.0,6.0,1.0,5.0,3.0,4.0,3.0,4.0,3.0,0.278860570306708
9531,58.0,54.0,5.0,1.0,4.0,2.0,4.0,4.0,1.0,8.0,0.450493754246585
10425,61.0,65.0,6.0,0.0,4.0,2.0,1.0,3.0,2.0,6.0,0.467732194611889
13624,41.0,56.0,5.0,0.0,2.0,2.0,1.0,3.0,1.0,4.0,0.87634805695994
14265,80.0,10.0,2.0,0.0,1.0,3.0,4.0,4.0,3.0,9.0,0.986328867452414
10819,57.0,42.0,4.0,1.0,5.0,3.0,4.0,4.0,2.0,8.0,0.824122107078978
11660,80.0,52.0,5.0,0.0,6.0,2.0,4.0,4.0,2.0,6.0,0.603291613099629
8580,77.0,53.0,5.0,1.0,5.0,3.0,4.0,2.0,1.0,8.0,0.228929776203313
10426,73.0,52.0,4.0,1.0,5.0,3.0,4.0,4.0,2.0,7.0,0.403746314011985
10973,49.0,40.0,3.0,0.0,3.0,3.0,,2.0,2.0,2.0,1.22007785645949
12443,58.0,26.0,2.0,0.0,2.0,3.0,4.0,2.0,3.0,3.0,2.66076175993688
11417,72.0,59.0,5.0,1.0,5.0,3.0,4.0,5.0,2.0,9.0,2.06945576945195
10231,41.0,61.0,3.0,0.0,2.0,2.0,1.0,3.0,1.0,1.0,0.87555710581246
13102,55.0,41.0,4.0,1.0,4.0,3.0,3.0,3.0,2.0,6.0,1.35486825016281
7773,44.0,58.0,5.0,1.0,4.0,3.0,3.0,2.0,2.0,9.0,1.76604652399257
8808,77.0,58.0,6.0,1.0,5.0,3.0,4.0,5.0,1.0,3.0,0.974152532473972
9532,50.0,39.0,4.0,1.0,5.0,3.0,3.0,1.0,2.0,5.0,3.17369264346386
13387,50.0,43.0,4.0,0.0,1.0,3.0,1.0,3.0,2.0,6.0,0.729562937122872
8389,63.0,44.0,5.0,0.0,5.0,1.0,3.0,4.0,3.0,9.0,0.700309459150432
12377,57.0,58.0,5.0,1.0,2.0,3.0,4.0,5.0,1.0,6.0,1.40604028789898
13340,51.0,41.0,4.0,1.0,4.0,2.0,4.0,5.0,1.0,8.0,0.482695115657595
10617,30.0,58.0,4.0,1.0,6.0,1.0,1.0,2.0,2.0,3.0,1.10319146286438
8193,66.0,46.0,5.0,0.0,5.0,3.0,4.0,5.0,1.0,8.0,0.578867123377472
8581,60.0,48.0,3.0,0.0,6.0,3.0,4.0,3.0,3.0,8.0,0.757977430312413
13341,61.0,61.0,5.0,0.0,4.0,3.0,1.0,4.0,2.0,1.0,1.1376509474674
9036,50.0,38.0,5.0,1.0,4.0,2.0,2.0,4.0,1.0,6.0,1.0213221859217
13264,73.0,55.0,6.0,1.0,1.0,3.0,4.0,4.0,3.0,8.0,0.731879085087013
9533,46.0,43.0,4.0,1.0,4.0,3.0,,3.0,1.0,3.0,0.595248830904868
10427,63.0,52.0,4.0,1.0,6.0,3.0,4.0,4.0,1.0,6.0,0.474631665580547
12046,42.0,43.0,4.0,1.0,4.0,3.0,4.0,3.0,2.0,3.0,0.745419741061626
10618,68.0,56.0,6.0,0.0,4.0,3.0,4.0,4.0,3.0,1.0,1.13850072116614
11418,54.0,55.0,5.0,1.0,4.0,3.0,4.0,3.0,2.0,3.0,0.703622855774183
8582,64.0,51.0,4.0,0.0,5.0,2.0,4.0,4.0,2.0,2.0,0.928817691689706
8390,76.0,58.0,5.0,1.0,6.0,3.0,4.0,5.0,2.0,6.0,1.4519216157895
8583,49.0,43.0,3.0,0.0,3.0,2.0,4.0,3.0,4.0,3.0,0.817886771710684
11661,84.0,72.0,6.0,1.0,6.0,3.0,4.0,4.0,3.0,4.0,0.662206802046615
9274,74.0,42.0,4.0,0.0,5.0,2.0,4.0,1.0,1.0,5.0,0.492435035640645
14073,51.0,65.0,5.0,1.0,6.0,1.0,3.0,5.0,1.0,5.0,0.856847825223486
9992,66.0,49.0,5.0,1.0,5.0,3.0,4.0,3.0,1.0,8.0,0.636926240525349
9275,73.0,55.0,6.0,0.0,6.0,3.0,4.0,5.0,3.0,6.0,0.606792234260956
8584,47.0,34.0,4.0,1.0,5.0,2.0,4.0,4.0,3.0,8.0,1.68265029450433
9993,63.0,58.0,6.0,1.0,5.0,3.0,4.0,3.0,1.0,9.0,1.136270396264
8391,60.0,43.0,5.0,0.0,3.0,2.0,4.0,4.0,1.0,5.0,0.50728065329099
11662,67.0,52.0,5.0,1.0,5.0,3.0,4.0,3.0,2.0,7.0,0.364886679172436
9276,64.0,51.0,5.0,0.0,3.0,3.0,4.0,2.0,2.0,7.0,0.91484217551825
11419,66.0,51.0,5.0,1.0,6.0,3.0,4.0,3.0,1.0,8.0,0.604178082510975
9037,45.0,58.0,4.0,1.0,2.0,2.0,2.0,2.0,1.0,4.0,1.17676643282964
10620,78.0,57.0,4.0,0.0,5.0,2.0,4.0,2.0,2.0,5.0,0.581735431939286
10820,64.0,52.0,5.0,1.0,2.0,3.0,3.0,1.0,1.0,3.0,0.557602495370006
13614,39.0,58.0,5.0,1.0,3.0,2.0,1.0,3.0,2.0,2.0,1.2772487616182
13057,56.0,47.0,5.0,1.0,4.0,2.0,4.0,5.0,2.0,8.0,0.884584775274973
12047,37.0,42.0,4.0,1.0,6.0,2.0,3.0,1.0,1.0,3.0,1.01555985058614
9764,71.0,52.0,5.0,1.0,4.0,3.0,4.0,4.0,2.0,9.0,0.986328867452414
10232,59.0,58.0,5.0,1.0,6.0,3.0,4.0,5.0,2.0,7.0,0.657110906386928
10621,62.0,43.0,3.0,1.0,5.0,3.0,4.0,3.0,1.0,3.0,0.599316760135439
9995,63.0,51.0,5.0,0.0,5.0,3.0,4.0,5.0,3.0,2.0,0.662206802046615
8809,70.0,50.0,4.0,1.0,5.0,3.0,4.0,5.0,1.0,5.0,1.32756071178087
12948,58.0,46.0,5.0,0.0,5.0,3.0,4.0,4.0,1.0,8.0,0.718016897644808
10821,67.0,40.0,4.0,1.0,3.0,1.0,4.0,1.0,1.0,9.0,0.774972652500234
12378,66.0,82.0,6.0,1.0,6.0,2.0,4.0,5.0,1.0,2.0,0.626064608484063
10974,58.0,42.0,4.0,1.0,1.0,3.0,4.0,3.0,2.0,8.0,0.627726942989392
10233,57.0,37.0,4.0,1.0,5.0,3.0,4.0,4.0,2.0,6.0,0.533626573361449
12257,50.0,30.0,3.0,1.0,2.0,2.0,1.0,1.0,2.0,3.0,1.56558855485104
12536,61.0,58.0,5.0,1.0,4.0,3.0,4.0,3.0,2.0,7.0,0.462819606241255
10822,59.0,48.0,5.0,1.0,4.0,3.0,4.0,2.0,2.0,2.0,0.514265283788127
8810,51.0,68.0,5.0,0.0,6.0,3.0,4.0,2.0,2.0,7.0,1.17637336370774
8585,46.0,32.0,2.0,0.0,4.0,3.0,4.0,1.0,2.0,2.0,1.22314649553349
13577,52.0,43.0,4.0,0.0,3.0,3.0,3.0,5.0,2.0,4.0,0.7262658296302
13778,62.0,57.0,5.0,0.0,5.0,3.0,4.0,4.0,1.0,5.0,0.500172094237707
11874,68.0,52.0,4.0,0.0,5.0,1.0,4.0,,1.0,3.0,0.679425764389034
11758,62.0,73.0,5.0,1.0,6.0,3.0,4.0,4.0,1.0,8.0,0.228929776203313
12191,34.0,30.0,3.0,0.0,2.0,3.0,4.0,3.0,3.0,2.0,0.848620490150629
12258,87.0,85.0,7.0,1.0,6.0,3.0,4.0,1.0,1.0,3.0,0.643355996097082
11550,43.0,52.0,6.0,1.0,2.0,2.0,4.0,2.0,2.0,3.0,0.780917121000456
9534,64.0,54.0,4.0,1.0,3.0,2.0,3.0,2.0,2.0,1.0,0.71182916871634
11963,41.0,35.0,3.0,1.0,2.0,2.0,4.0,4.0,2.0,3.0,0.599184229362663
13227,62.0,60.0,5.0,1.0,6.0,3.0,4.0,3.0,1.0,8.0,1.63552660547092
10975,72.0,47.0,4.0,1.0,5.0,2.0,4.0,4.0,3.0,6.0,2.32460721088913
7891,35.0,45.0,5.0,1.0,2.0,3.0,2.0,3.0,2.0,6.0,0.766311213577628
9277,57.0,50.0,5.0,1.0,6.0,3.0,4.0,3.0,2.0,7.0,1.45605902221087
11964,73.0,58.0,6.0,0.0,6.0,3.0,4.0,2.0,1.0,9.0,0.412416240443258
8194,45.0,40.0,3.0,1.0,2.0,2.0,1.0,3.0,2.0,7.0,0.982312072487898
12123,42.0,53.0,5.0,1.0,3.0,3.0,3.0,3.0,1.0,1.0,0.386006614226412
8586,36.0,40.0,4.0,0.0,2.0,1.0,1.0,3.0,2.0,1.0,1.22242530543429
7285,40.0,42.0,5.0,,4.0,2.0,,,,4.0,1.33201136800283
7336,68.0,58.0,6.0,1.0,5.0,3.0,4.0,4.0,2.0,9.0,0.670269722396469
12925,50.0,42.0,5.0,1.0,5.0,3.0,3.0,3.0,3.0,2.0,0.931072636065641
9765,43.0,39.0,4.0,1.0,4.0,3.0,1.0,3.0,2.0,5.0,1.31599040077571
8587,51.0,42.0,5.0,1.0,5.0,3.0,4.0,5.0,1.0,6.0,0.665615373257549
7892,64.0,51.0,6.0,1.0,5.0,3.0,4.0,5.0,1.0,9.0,1.1583360857457
9766,88.0,61.0,4.0,0.0,5.0,3.0,4.0,5.0,2.0,8.0,0.731879085087013
10622,52.0,82.0,6.0,0.0,5.0,3.0,4.0,5.0,4.0,8.0,0.924840981129284
13805,72.0,64.0,6.0,1.0,6.0,1.0,4.0,5.0,2.0,8.0,1.02096669961201
11875,48.0,49.0,7.0,1.0,6.0,3.0,3.0,3.0,1.0,9.0,1.13723396500634
9767,50.0,50.0,5.0,0.0,3.0,2.0,3.0,1.0,2.0,8.0,0.726507079214918
9996,63.0,55.0,5.0,1.0,5.0,3.0,4.0,3.0,2.0,7.0,0.345001951408897
8048,58.0,45.0,2.0,1.0,5.0,2.0,4.0,3.0,2.0,3.0,0.939233023545359
11140,69.0,65.0,6.0,1.0,5.0,3.0,4.0,3.0,1.0,2.0,2.13717873043587
13089,73.0,55.0,5.0,1.0,6.0,3.0,4.0,5.0,1.0,6.0,0.603385559440927
7337,49.0,42.0,3.0,1.0,4.0,1.0,,5.0,3.0,1.0,0.605801909976521
7893,66.0,85.0,7.0,1.0,6.0,3.0,4.0,5.0,1.0,8.0,0.696475552082153
9278,66.0,44.0,5.0,1.0,5.0,3.0,4.0,5.0,1.0,5.0,0.500172094237707
12858,45.0,79.0,5.0,,6.0,1.0,,1.0,1.0,1.0,1.50346796644582
8195,55.0,45.0,5.0,1.0,5.0,3.0,4.0,5.0,2.0,8.0,1.01586300296498
10976,51.0,40.0,3.0,0.0,3.0,3.0,4.0,4.0,2.0,6.0,0.734577568537436
8196,64.0,42.0,4.0,0.0,4.0,2.0,,2.0,2.0,1.0,1.12604885488349
9768,51.0,49.0,5.0,1.0,5.0,2.0,4.0,4.0,1.0,3.0,0.733979139655193
9535,56.0,54.0,6.0,0.0,6.0,3.0,3.0,3.0,2.0,6.0,0.566150255806276
8811,95.0,85.0,6.0,0.0,6.0,3.0,4.0,3.0,1.0,7.0,0.46307120073435
9769,45.0,45.0,5.0,0.0,5.0,3.0,1.0,3.0,1.0,1.0,0.978745339251396
10428,55.0,50.0,4.0,0.0,5.0,2.0,4.0,2.0,2.0,5.0,1.3377060571344
10429,37.0,40.0,5.0,0.0,2.0,2.0,3.0,4.0,2.0,1.0,1.58409149356625
14237,40.0,36.0,5.0,0.0,3.0,3.0,3.0,2.0,3.0,6.0,0.763245203570024
8588,65.0,55.0,6.0,1.0,5.0,3.0,4.0,4.0,1.0,9.0,0.719250277404472
11876,49.0,58.0,5.0,1.0,6.0,3.0,2.0,3.0,3.0,3.0,1.14254483992293
12379,53.0,49.0,5.0,1.0,4.0,2.0,3.0,2.0,1.0,6.0,0.489293145394212
11663,61.0,55.0,6.0,1.0,6.0,3.0,4.0,2.0,2.0,2.0,0.813526489788127
13269,64.0,39.0,4.0,1.0,6.0,3.0,4.0,3.0,3.0,8.0,0.904825573701167
8392,59.0,46.0,5.0,0.0,6.0,2.0,4.0,3.0,1.0,1.0,1.12734789881688
7894,62.0,49.0,5.0,0.0,5.0,3.0,4.0,5.0,2.0,8.0,0.790420205231749
10823,54.0,47.0,5.0,0.0,4.0,3.0,3.0,5.0,1.0,7.0,1.51550699282138
9279,47.0,42.0,5.0,1.0,5.0,2.0,3.0,3.0,1.0,7.0,1.2489763678685
13711,74.0,46.0,4.0,0.0,4.0,3.0,4.0,3.0,3.0,2.0,0.93836466328711
12722,64.0,70.0,,0.0,5.0,3.0,4.0,2.0,2.0,8.0,0.222343394447957
10623,78.0,58.0,5.0,0.0,6.0,3.0,4.0,4.0,1.0,3.0,0.846532820436396
9536,49.0,42.0,3.0,0.0,3.0,3.0,3.0,5.0,2.0,8.0,1.31007696092163
11759,49.0,38.0,3.0,0.0,4.0,3.0,,3.0,2.0,1.0,4.7263120987869
12537,54.0,52.0,5.0,1.0,6.0,0.0,4.0,5.0,2.0,9.0,1.136270396264
8393,78.0,85.0,7.0,1.0,6.0,1.0,4.0,4.0,1.0,4.0,0.491009308549587
9537,64.0,55.0,6.0,1.0,6.0,3.0,4.0,4.0,2.0,8.0,0.563158231354014
12325,51.0,54.0,5.0,1.0,2.0,3.0,3.0,1.0,2.0,2.0,0.464353677338326
10977,53.0,79.0,5.0,1.0,6.0,2.0,,4.0,4.0,1.0,0.91619723475429
11420,49.0,34.0,4.0,0.0,2.0,1.0,1.0,2.0,2.0,1.0,1.27134864474787
9538,54.0,54.0,5.0,0.0,4.0,1.0,4.0,3.0,1.0,6.0,0.616246170526686
9539,28.0,54.0,5.0,1.0,5.0,3.0,1.0,4.0,2.0,7.0,0.493441391818479
12538,75.0,53.0,5.0,1.0,6.0,2.0,4.0,2.0,2.0,3.0,1.24546813642032
7774,59.0,54.0,4.0,0.0,4.0,3.0,4.0,4.0,2.0,8.0,0.596706927257992
9540,81.0,63.0,5.0,0.0,6.0,3.0,4.0,4.0,1.0,9.0,0.873270710591611
8812,56.0,51.0,5.0,1.0,5.0,3.0,4.0,3.0,3.0,6.0,0.507634084770293
7286,60.0,60.0,6.0,1.0,6.0,3.0,4.0,3.0,2.0,6.0,0.660503625024
13449,59.0,50.0,5.0,0.0,5.0,2.0,4.0,3.0,3.0,1.0,2.63992634515178
10430,48.0,52.0,5.0,1.0,5.0,3.0,4.0,1.0,2.0,4.0,0.54769878241954
9038,52.0,45.0,5.0,,4.0,3.0,3.0,3.0,2.0,6.0,0.768329568890209
8813,52.0,60.0,5.0,1.0,6.0,3.0,4.0,1.0,2.0,6.0,1.5485755626943
12611,66.0,50.0,4.0,1.0,5.0,3.0,4.0,3.0,2.0,8.0,0.50424779677292
13090,72.0,52.0,5.0,1.0,5.0,3.0,4.0,5.0,2.0,6.0,0.507510048355514
11421,85.0,66.0,5.0,0.0,6.0,2.0,4.0,3.0,1.0,5.0,0.572698744103642
10234,53.0,51.0,5.0,1.0,6.0,3.0,4.0,5.0,2.0,6.0,1.46888849758245
9280,76.0,78.0,5.0,0.0,5.0,3.0,4.0,5.0,1.0,9.0,0.654091583106235
8394,70.0,48.0,5.0,1.0,3.0,2.0,3.0,4.0,4.0,3.0,0.753011263212153
8395,34.0,43.0,3.0,1.0,1.0,2.0,,1.0,4.0,1.0,0.835361879066067
11275,54.0,43.0,5.0,0.0,4.0,2.0,3.0,4.0,3.0,1.0,1.12557313171233
8396,75.0,79.0,6.0,1.0,6.0,3.0,4.0,5.0,2.0,5.0,0.729562937122872
8589,33.0,56.0,5.0,1.0,3.0,3.0,1.0,1.0,1.0,4.0,1.23062060000594
10624,68.0,49.0,5.0,0.0,5.0,3.0,4.0,4.0,2.0,8.0,0.802698996260409
8397,57.0,48.0,5.0,1.0,5.0,3.0,4.0,4.0,2.0,8.0,0.924840981129284
12908,78.0,61.0,5.0,0.0,5.0,3.0,4.0,3.0,1.0,8.0,0.444032863028289
9039,30.0,38.0,3.0,1.0,3.0,3.0,2.0,1.0,1.0,7.0,0.657110906386928
8814,43.0,53.0,5.0,0.0,3.0,2.0,3.0,1.0,3.0,6.0,1.20379700783408
7444,38.0,60.0,4.0,0.0,6.0,2.0,4.0,3.0,3.0,1.0,2.8899436936865
9770,40.0,58.0,5.0,0.0,2.0,3.0,4.0,4.0,1.0,8.0,0.822037727322638
14001,58.0,44.0,4.0,1.0,2.0,2.0,3.0,3.0,1.0,1.0,0.911728285145136
12444,51.0,47.0,4.0,1.0,5.0,3.0,4.0,5.0,2.0,5.0,1.44634354148401
11965,60.0,39.0,4.0,1.0,6.0,3.0,4.0,3.0,2.0,9.0,1.16222162556731
8049,51.0,52.0,5.0,1.0,5.0,1.0,2.0,5.0,3.0,6.0,0.781727563713445
12445,47.0,41.0,5.0,0.0,2.0,3.0,2.0,3.0,1.0,6.0,1.98670869031714
13058,51.0,54.0,4.0,,4.0,2.0,1.0,1.0,2.0,1.0,2.65509850870806
9281,58.0,44.0,4.0,0.0,4.0,3.0,4.0,5.0,1.0,4.0,0.675816242706003
10625,46.0,38.0,4.0,0.0,5.0,3.0,3.0,3.0,2.0,7.0,0.700002010554992
13388,41.0,34.0,4.0,1.0,1.0,3.0,1.0,1.0,2.0,4.0,0.66632724680471
9040,56.0,61.0,6.0,0.0,5.0,3.0,3.0,3.0,2.0,7.0,1.55894804011373
9771,59.0,63.0,5.0,1.0,6.0,3.0,4.0,3.0,1.0,9.0,1.14093362145229
8590,53.0,41.0,5.0,1.0,3.0,3.0,3.0,4.0,2.0,9.0,2.35407141842184
11276,80.0,75.0,6.0,0.0,6.0,3.0,4.0,3.0,1.0,8.0,0.924840981129284
8591,49.0,34.0,6.0,1.0,4.0,1.0,2.0,5.0,1.0,9.0,1.61053207728517
10824,58.0,57.0,5.0,1.0,4.0,3.0,4.0,4.0,2.0,8.0,0.768394659393932
11760,33.0,47.0,6.0,0.0,4.0,3.0,1.0,3.0,1.0,1.0,1.27134864474787
8398,48.0,38.0,4.0,1.0,4.0,3.0,2.0,4.0,2.0,5.0,1.11057434167164
12875,64.0,59.0,6.0,1.0,6.0,2.0,4.0,4.0,2.0,4.0,0.600926219084504
12048,61.0,74.0,7.0,1.0,6.0,3.0,4.0,4.0,1.0,7.0,0.460703467147245
7445,43.0,36.0,3.0,0.0,4.0,2.0,1.0,3.0,3.0,2.0,1.75950189399629
12192,48.0,36.0,4.0,0.0,1.0,3.0,4.0,3.0,1.0,9.0,0.899822332961181
11966,45.0,41.0,5.0,1.0,4.0,2.0,4.0,2.0,1.0,2.0,0.710358631513304
12193,43.0,54.0,6.0,1.0,5.0,3.0,4.0,3.0,2.0,8.0,1.26660232912984
9541,53.0,44.0,5.0,1.0,4.0,3.0,3.0,3.0,3.0,8.0,0.563158231354014
13150,52.0,48.0,5.0,1.0,5.0,3.0,4.0,4.0,1.0,9.0,0.986328867452414
11551,40.0,32.0,3.0,0.0,4.0,2.0,3.0,1.0,3.0,1.0,0.912535770143672
12194,69.0,82.0,7.0,1.0,6.0,3.0,4.0,4.0,2.0,5.0,0.500172094237707
8197,45.0,45.0,5.0,0.0,4.0,3.0,4.0,2.0,1.0,7.0,0.681181906858153
13070,39.0,31.0,4.0,1.0,1.0,3.0,1.0,4.0,1.0,7.0,0.580001665888422
12723,38.0,82.0,5.0,1.0,1.0,2.0,3.0,4.0,2.0,7.0,0.547791581921023
11761,57.0,60.0,4.0,1.0,5.0,3.0,3.0,3.0,1.0,3.0,0.697205553669911
9041,63.0,65.0,6.0,1.0,6.0,3.0,4.0,5.0,2.0,4.0,0.613517282866898
12124,76.0,56.0,6.0,1.0,4.0,3.0,4.0,3.0,2.0,9.0,0.674930141367527
13763,55.0,29.0,3.0,1.0,1.0,3.0,3.0,4.0,3.0,7.0,0.322606128026554
12574,74.0,49.0,6.0,1.0,5.0,3.0,4.0,4.0,,5.0,0.500172094237707
11552,71.0,59.0,5.0,0.0,6.0,3.0,4.0,3.0,1.0,7.0,0.585983905785532
11422,54.0,44.0,5.0,1.0,5.0,3.0,2.0,4.0,3.0,8.0,0.566098111241492
14229,58.0,49.0,5.0,0.0,3.0,2.0,,1.0,1.0,1.0,0.747475572829618
7776,70.0,72.0,6.0,1.0,6.0,3.0,4.0,4.0,2.0,9.0,1.71142242819492
9542,48.0,42.0,5.0,0.0,4.0,2.0,,1.0,2.0,1.0,0.964833437215135
9282,43.0,45.0,5.0,1.0,4.0,3.0,1.0,1.0,1.0,8.0,0.782747066404378
8592,57.0,49.0,3.0,1.0,6.0,3.0,4.0,3.0,2.0,5.0,0.564264015510126
12485,84.0,65.0,6.0,1.0,6.0,3.0,4.0,3.0,2.0,7.0,0.519000680313772
10626,52.0,57.0,5.0,1.0,6.0,3.0,4.0,5.0,2.0,9.0,1.88801290841242
13031,54.0,60.0,5.0,1.0,2.0,2.0,4.0,3.0,2.0,3.0,1.14254483992293
11762,65.0,49.0,6.0,1.0,5.0,3.0,3.0,2.0,3.0,5.0,1.20467658499842
8399,66.0,37.0,3.0,0.0,3.0,3.0,2.0,2.0,2.0,7.0,1.21073417528728
10627,85.0,61.0,5.0,0.0,4.0,3.0,4.0,5.0,1.0,6.0,0.606792234260956
13682,69.0,54.0,4.0,0.0,5.0,3.0,4.0,5.0,2.0,9.0,0.815617648809735
7287,42.0,45.0,5.0,1.0,3.0,1.0,3.0,2.0,1.0,5.0,1.16807222064516
12380,58.0,59.0,6.0,1.0,5.0,3.0,4.0,2.0,1.0,4.0,0.703622855774183
12326,67.0,76.0,6.0,0.0,6.0,3.0,4.0,5.0,1.0,8.0,0.274777282868847
8593,59.0,16.0,2.0,0.0,1.0,2.0,1.0,1.0,4.0,8.0,1.74004707442877
8594,34.0,14.0,4.0,0.0,1.0,3.0,1.0,1.0,2.0,7.0,1.23107425024163
7896,56.0,52.0,4.0,1.0,4.0,3.0,4.0,3.0,3.0,3.0,0.805668324007921
8815,40.0,37.0,4.0,0.0,1.0,2.0,1.0,4.0,3.0,4.0,1.2048141595837
10235,51.0,55.0,5.0,0.0,4.0,2.0,4.0,3.0,1.0,2.0,1.3113062785403
12446,34.0,30.0,2.0,0.0,2.0,1.0,1.0,3.0,2.0,7.0,0.857938234891488
8595,49.0,36.0,3.0,0.0,1.0,3.0,4.0,3.0,1.0,6.0,1.07580919498179
7777,17.0,41.0,4.0,1.0,2.0,3.0,1.0,4.0,2.0,6.0,0.9379121198635552
13606,86.0,69.0,6.0,1.0,6.0,3.0,4.0,3.0,1.0,8.0,1.05033192217981
8050,50.0,56.0,6.0,1.0,6.0,3.0,4.0,4.0,2.0,9.0,0.986328867452414
9997,49.0,54.0,5.0,0.0,2.0,3.0,1.0,3.0,2.0,5.0,0.801969086885734
12260,62.0,49.0,5.0,1.0,6.0,2.0,4.0,5.0,2.0,3.0,0.659049465899141
9772,47.0,46.0,4.0,1.0,3.0,3.0,4.0,5.0,1.0,9.0,0.986328867452414
9283,69.0,41.0,4.0,1.0,3.0,1.0,4.0,3.0,2.0,2.0,1.92107874095306
10431,67.0,45.0,4.0,1.0,5.0,3.0,4.0,3.0,2.0,9.0,0.632409533026282
13579,54.0,49.0,4.0,1.0,6.0,3.0,4.0,,1.0,8.0,1.58054011701831
11553,49.0,47.0,4.0,1.0,4.0,1.0,2.0,3.0,3.0,5.0,1.34477499431097
11554,66.0,51.0,5.0,0.0,5.0,3.0,4.0,4.0,2.0,7.0,0.504227345910683
13228,86.0,63.0,5.0,1.0,6.0,3.0,4.0,5.0,1.0,8.0,1.38134957692235
7446,62.0,45.0,5.0,0.0,4.0,0.0,3.0,3.0,3.0,7.0,0.558575927423101
13667,46.0,40.0,5.0,1.0,6.0,3.0,2.0,3.0,2.0,6.0,0.468862697268266
12613,51.0,48.0,5.0,1.0,4.0,1.0,3.0,3.0,3.0,3.0,1.5039809024992
9042,73.0,68.0,5.0,0.0,6.0,3.0,4.0,5.0,1.0,9.0,0.995267991212858
11664,47.0,28.0,3.0,0.0,1.0,3.0,1.0,5.0,3.0,4.0,5.31120828519242
7447,84.0,59.0,6.0,1.0,6.0,3.0,4.0,4.0,2.0,9.0,1.25706061517228
11877,45.0,49.0,4.0,1.0,2.0,2.0,3.0,2.0,1.0,1.0,0.823132695505014
9043,81.0,59.0,5.0,1.0,5.0,3.0,4.0,4.0,2.0,7.0,0.529142545503811
9044,63.0,47.0,5.0,1.0,5.0,3.0,4.0,4.0,1.0,2.0,0.348484925690553
13151,73.0,62.0,7.0,0.0,6.0,3.0,4.0,1.0,1.0,2.0,1.03315925816974
9543,75.0,85.0,7.0,1.0,3.0,1.0,4.0,3.0,1.0,2.0,1.23526168196909
13683,53.0,60.0,4.0,1.0,3.0,2.0,2.0,1.0,3.0,1.0,1.05361647377005
8816,22.0,42.0,7.0,1.0,3.0,3.0,1.0,4.0,1.0,8.0,0.721637536684555
10432,65.0,59.0,4.0,1.0,6.0,3.0,4.0,3.0,1.0,7.0,0.559528944584538
11763,62.0,57.0,5.0,1.0,6.0,3.0,4.0,5.0,2.0,8.0,0.847496026590327
11555,45.0,34.0,2.0,1.0,6.0,3.0,4.0,4.0,2.0,1.0,0.579244222149428
10433,60.0,56.0,5.0,1.0,5.0,3.0,4.0,4.0,2.0,7.0,0.345001951408897
9045,68.0,54.0,5.0,0.0,5.0,3.0,4.0,4.0,1.0,7.0,0.91484217551825
10826,52.0,39.0,3.0,0.0,1.0,2.0,4.0,4.0,1.0,8.0,0.847496026590327
8400,78.0,59.0,7.0,0.0,6.0,3.0,4.0,5.0,2.0,9.0,0.788397093004573
11764,67.0,51.0,5.0,1.0,6.0,3.0,4.0,2.0,2.0,7.0,0.576037048306548
10434,58.0,57.0,6.0,1.0,6.0,3.0,4.0,4.0,2.0,8.0,0.297941826039849
9544,52.0,58.0,5.0,1.0,6.0,3.0,4.0,3.0,1.0,6.0,0.660503625024
9773,47.0,43.0,5.0,1.0,5.0,2.0,2.0,1.0,2.0,5.0,1.09435206302439
11765,46.0,37.0,4.0,1.0,4.0,3.0,3.0,3.0,2.0,4.0,0.712781229630272
9284,47.0,37.0,4.0,0.0,2.0,3.0,3.0,2.0,3.0,5.0,0.600582319965818
8401,72.0,45.0,7.0,1.0,6.0,1.0,,1.0,1.0,4.0,1.93785203528371
10236,69.0,60.0,5.0,1.0,6.0,3.0,4.0,5.0,3.0,9.0,2.06945576945195
9998,95.0,64.0,7.0,0.0,6.0,3.0,4.0,5.0,2.0,7.0,0.208434914599238
14228,59.0,46.0,5.0,0.0,5.0,3.0,4.0,2.0,2.0,8.0,0.57513312609829
11141,65.0,45.0,6.0,0.0,3.0,3.0,4.0,3.0,2.0,2.0,1.209190081768
10978,60.0,56.0,5.0,1.0,5.0,0.0,3.0,,,1.0,0.746220546756788
9999,67.0,65.0,5.0,1.0,6.0,3.0,4.0,5.0,1.0,8.0,0.451873015529052
9774,72.0,53.0,6.0,1.0,5.0,3.0,4.0,4.0,2.0,7.0,1.67181205795145
9775,67.0,51.0,6.0,1.0,5.0,3.0,4.0,2.0,2.0,7.0,0.367291877597199
13540,22.0,58.0,5.0,1.0,1.0,3.0,1.0,1.0,2.0,1.0,1.41908800985984
12261,27.0,39.0,3.0,1.0,3.0,2.0,1.0,3.0,4.0,1.0,0.57489574250926
14256,55.0,29.0,3.0,1.0,4.0,3.0,4.0,4.0,2.0,9.0,1.55553010171199
12994,43.0,42.0,4.0,0.0,2.0,3.0,3.0,3.0,2.0,6.0,0.821070388448458
12195,54.0,57.0,6.0,1.0,5.0,3.0,3.0,3.0,2.0,4.0,0.316012419204831
12876,27.0,38.0,1.0,1.0,1.0,2.0,1.0,1.0,2.0,1.0,1.45522559426146
10000,33.0,43.0,5.0,0.0,2.0,3.0,2.0,1.0,2.0,2.0,0.690737449334463
9776,55.0,49.0,5.0,0.0,4.0,3.0,,2.0,3.0,7.0,0.589284193232421
13552,47.0,39.0,4.0,0.0,4.0,1.0,,3.0,1.0,1.0,0.593063879603539
11142,53.0,58.0,5.0,1.0,6.0,0.0,4.0,1.0,1.0,4.0,0.679767706751219
10628,63.0,45.0,3.0,1.0,6.0,2.0,4.0,2.0,1.0,2.0,0.996510127448254
12447,38.0,57.0,4.0,1.0,2.0,3.0,3.0,1.0,2.0,3.0,0.652935319295768
12651,54.0,40.0,4.0,1.0,4.0,3.0,2.0,1.0,2.0,4.0,1.0519842722561
10237,59.0,55.0,4.0,1.0,6.0,3.0,4.0,5.0,2.0,8.0,0.822848867051868
11766,95.0,85.0,7.0,1.0,6.0,2.0,4.0,5.0,1.0,9.0,0.721776282697989
12049,51.0,43.0,5.0,1.0,4.0,2.0,3.0,3.0,3.0,3.0,1.72399393764016
7448,39.0,42.0,4.0,0.0,3.0,1.0,1.0,2.0,3.0,2.0,1.40399417904742
8402,56.0,76.0,6.0,1.0,6.0,3.0,4.0,3.0,1.0,8.0,0.639572726229309
8596,42.0,35.0,4.0,0.0,3.0,2.0,1.0,2.0,1.0,8.0,0.790106185384546
9777,49.0,42.0,5.0,1.0,5.0,2.0,1.0,2.0,1.0,4.0,1.19744957504286
12965,53.0,42.0,5.0,1.0,5.0,3.0,4.0,4.0,1.0,8.0,0.92644465253217
10435,86.0,70.0,6.0,1.0,6.0,3.0,4.0,3.0,1.0,3.0,0.670037688761564
12652,62.0,67.0,5.0,1.0,6.0,3.0,4.0,3.0,1.0,6.0,1.31599040077571
12762,42.0,66.0,6.0,1.0,6.0,1.0,3.0,4.0,1.0,2.0,1.93625551945579
11878,76.0,42.0,5.0,1.0,5.0,1.0,4.0,2.0,3.0,7.0,0.73049643079526
11143,65.0,55.0,5.0,1.0,5.0,3.0,4.0,5.0,2.0,8.0,0.552739385790082
9545,50.0,36.0,4.0,1.0,4.0,2.0,1.0,2.0,2.0,1.0,0.820076194026753
11967,46.0,51.0,2.0,1.0,5.0,2.0,2.0,1.0,3.0,3.0,0.742092915815234
13302,44.0,54.0,5.0,1.0,4.0,1.0,,2.0,2.0,3.0,0.862258705845904
14233,51.0,43.0,5.0,0.0,5.0,2.0,4.0,4.0,2.0,2.0,0.874321288716022
12448,82.0,53.0,6.0,1.0,6.0,3.0,4.0,4.0,1.0,7.0,0.331909056955745
11665,78.0,52.0,5.0,0.0,6.0,3.0,4.0,5.0,2.0,4.0,0.911002953259815
11423,62.0,43.0,5.0,0.0,4.0,3.0,4.0,3.0,2.0,7.0,0.565768034600773
10629,55.0,56.0,6.0,1.0,5.0,3.0,4.0,4.0,1.0,5.0,0.507634084770293
12262,58.0,35.0,5.0,0.0,1.0,2.0,4.0,4.0,3.0,8.0,0.726507079214918
14234,51.0,71.0,5.0,1.0,6.0,2.0,4.0,1.0,1.0,6.0,1.11221128281235
13013,66.0,50.0,6.0,1.0,5.0,3.0,4.0,4.0,2.0,3.0,1.68326815814232
11556,57.0,37.0,3.0,0.0,2.0,2.0,4.0,3.0,2.0,3.0,0.567723299864323
10979,63.0,49.0,4.0,1.0,5.0,2.0,4.0,4.0,2.0,7.0,0.528451299601341
9285,48.0,40.0,5.0,1.0,4.0,2.0,1.0,1.0,1.0,1.0,1.97633331925215
12724,64.0,57.0,6.0,1.0,4.0,3.0,4.0,4.0,2.0,7.0,1.89192369133919
9286,58.0,58.0,6.0,1.0,6.0,3.0,4.0,5.0,2.0,9.0,0.788397093004573
10001,63.0,59.0,5.0,1.0,6.0,3.0,4.0,3.0,1.0,8.0,0.428443646566966
13280,57.0,53.0,5.0,1.0,5.0,3.0,4.0,2.0,2.0,7.0,0.91484217551825
7338,47.0,56.0,6.0,0.0,4.0,3.0,,3.0,2.0,8.0,1.53219300430304
9046,43.0,53.0,5.0,1.0,3.0,3.0,4.0,2.0,1.0,4.0,0.813526489788127
9546,63.0,64.0,5.0,1.0,6.0,2.0,4.0,5.0,2.0,8.0,0.910753131200259
10436,48.0,50.0,4.0,0.0,3.0,3.0,2.0,4.0,3.0,4.0,1.18006943229918
7897,36.0,39.0,3.0,1.0,2.0,2.0,1.0,1.0,2.0,5.0,1.09435206302439
12381,38.0,39.0,4.0,1.0,2.0,3.0,3.0,4.0,1.0,3.0,0.745879143877761
10630,52.0,44.0,5.0,,4.0,2.0,3.0,3.0,3.0,3.0,0.892682745809019
11424,59.0,51.0,5.0,1.0,4.0,3.0,4.0,4.0,2.0,7.0,0.470946239203559
10437,58.0,56.0,5.0,1.0,6.0,3.0,4.0,4.0,1.0,5.0,0.96542807721105
9287,74.0,56.0,6.0,1.0,6.0,3.0,4.0,4.0,3.0,9.0,0.478042815117411
8403,73.0,72.0,7.0,1.0,6.0,3.0,4.0,5.0,1.0,8.0,0.924840981129284
8817,48.0,37.0,4.0,1.0,4.0,3.0,4.0,3.0,2.0,8.0,2.28042522035579
12486,50.0,37.0,4.0,0.0,5.0,3.0,4.0,3.0,3.0,4.0,0.906502091705559
12877,57.0,50.0,5.0,1.0,4.0,3.0,3.0,2.0,3.0,8.0,0.768394659393932
13584,58.0,55.0,5.0,1.0,4.0,3.0,4.0,4.0,3.0,7.0,1.43612782198583
12263,58.0,51.0,5.0,1.0,5.0,3.0,1.0,3.0,3.0,6.0,0.357873608423434
11277,29.0,42.0,2.0,1.0,2.0,3.0,1.0,1.0,3.0,3.0,0.843459521826915
10002,44.0,43.0,5.0,1.0,4.0,3.0,4.0,4.0,2.0,8.0,0.896562379807363
12382,74.0,57.0,6.0,1.0,5.0,3.0,4.0,4.0,2.0,8.0,0.904825573701167
8818,52.0,41.0,5.0,1.0,4.0,2.0,1.0,2.0,3.0,1.0,0.875270037099789
11278,58.0,46.0,4.0,1.0,5.0,2.0,4.0,5.0,2.0,7.0,1.33770529143015
9047,24.0,34.0,2.0,1.0,1.0,3.0,1.0,1.0,3.0,2.0,1.21271194972622
9778,95.0,63.0,5.0,1.0,4.0,3.0,4.0,3.0,1.0,8.0,0.574464262664477
9779,43.0,51.0,5.0,1.0,5.0,3.0,4.0,4.0,1.0,8.0,0.596706927257992
10438,44.0,46.0,3.0,1.0,2.0,3.0,1.0,2.0,1.0,3.0,1.45106587170572
7898,29.0,48.0,5.0,1.0,3.0,2.0,3.0,1.0,2.0,3.0,1.01103924078967
9780,85.0,60.0,6.0,0.0,5.0,3.0,4.0,5.0,2.0,9.0,0.478042815117411
7899,52.0,38.0,3.0,1.0,6.0,3.0,4.0,3.0,2.0,8.0,0.810563295511147
8198,48.0,41.0,5.0,0.0,2.0,3.0,3.0,4.0,3.0,3.0,0.81279529266664
9547,66.0,49.0,6.0,1.0,6.0,3.0,4.0,5.0,2.0,2.0,0.91417119305818
10439,68.0,65.0,5.0,0.0,6.0,3.0,4.0,4.0,1.0,9.0,0.845508501355146
12264,53.0,42.0,4.0,1.0,5.0,2.0,2.0,5.0,1.0,1.0,1.03836932103962
8597,50.0,37.0,4.0,1.0,5.0,3.0,4.0,3.0,2.0,7.0,1.45214296464648
9548,69.0,55.0,5.0,1.0,6.0,3.0,4.0,4.0,1.0,8.0,1.43597132467536
12196,59.0,44.0,4.0,0.0,5.0,3.0,4.0,1.0,1.0,8.0,0.606069033711064
13490,72.0,67.0,5.0,1.0,4.0,1.0,,,1.0,3.0,1.46377554851332
7900,61.0,56.0,6.0,0.0,2.0,3.0,4.0,3.0,3.0,6.0,0.660503625024
10238,77.0,54.0,4.0,1.0,6.0,3.0,4.0,5.0,1.0,9.0,0.631623161858667
12653,69.0,52.0,4.0,1.0,6.0,3.0,4.0,5.0,3.0,9.0,0.67625413979477
7288,45.0,51.0,,0.0,6.0,2.0,4.0,3.0,4.0,4.0,2.58556329290303
9781,42.0,30.0,3.0,1.0,2.0,3.0,3.0,2.0,2.0,4.0,1.31255765390759
10980,29.0,43.0,3.0,1.0,6.0,3.0,4.0,1.0,4.0,2.0,1.97633331925215
11557,61.0,53.0,4.0,1.0,5.0,3.0,4.0,3.0,1.0,8.0,0.691447944437642
8199,68.0,58.0,6.0,0.0,5.0,3.0,4.0,5.0,2.0,8.0,0.864225547263284
12126,48.0,44.0,4.0,0.0,6.0,3.0,4.0,4.0,2.0,5.0,0.436865854276444
9288,61.0,44.0,4.0,1.0,4.0,3.0,3.0,5.0,2.0,8.0,0.924148617842031
12197,63.0,55.0,6.0,1.0,6.0,3.0,4.0,3.0,1.0,8.0,0.389485713688035
8404,58.0,59.0,6.0,1.0,4.0,3.0,4.0,1.0,1.0,3.0,1.17297099389495
13933,70.0,57.0,5.0,0.0,4.0,3.0,4.0,3.0,1.0,7.0,0.743708205486255
10631,69.0,46.0,4.0,1.0,6.0,2.0,4.0,4.0,2.0,7.0,0.794645494865317
9048,65.0,60.0,5.0,1.0,6.0,2.0,4.0,4.0,1.0,8.0,1.29370152495364
8598,47.0,47.0,5.0,1.0,4.0,3.0,3.0,3.0,2.0,8.0,0.604178082510975
13078,67.0,53.0,5.0,1.0,4.0,3.0,4.0,5.0,2.0,2.0,0.925954956348825
9782,57.0,53.0,5.0,0.0,5.0,3.0,4.0,3.0,3.0,4.0,1.37043789678017
10440,67.0,51.0,6.0,0.0,5.0,3.0,4.0,3.0,2.0,7.0,0.472115923580581
10003,52.0,50.0,5.0,1.0,5.0,3.0,4.0,1.0,3.0,6.0,1.38825960678382
13331,62.0,52.0,5.0,1.0,6.0,2.0,4.0,3.0,2.0,9.0,1.68252064653552
10441,31.0,43.0,4.0,1.0,3.0,3.0,1.0,2.0,3.0,3.0,1.72399393764016
7339,56.0,53.0,5.0,1.0,5.0,2.0,,3.0,3.0,4.0,1.43573574517989
10442,56.0,53.0,6.0,0.0,4.0,3.0,4.0,4.0,1.0,8.0,0.526242967949549
12539,90.0,51.0,5.0,0.0,5.0,3.0,4.0,1.0,1.0,8.0,0.923691853531581
13294,55.0,44.0,5.0,1.0,6.0,3.0,4.0,4.0,1.0,8.0,1.53219300430304
10981,67.0,52.0,5.0,1.0,6.0,3.0,4.0,4.0,2.0,6.0,0.299912109276619
10443,50.0,44.0,5.0,0.0,4.0,2.0,1.0,1.0,2.0,6.0,1.15254529630955
9783,61.0,60.0,6.0,0.0,4.0,3.0,4.0,3.0,2.0,8.0,0.967696667737628
12979,38.0,43.0,4.0,0.0,4.0,3.0,1.0,1.0,3.0,7.0,1.33770529143015
11425,60.0,56.0,4.0,1.0,5.0,3.0,1.0,4.0,1.0,3.0,1.32251265823921
14070,51.0,54.0,5.0,1.0,5.0,3.0,3.0,4.0,2.0,5.0,1.31228403859409
9049,66.0,52.0,6.0,1.0,5.0,3.0,4.0,3.0,2.0,8.0,0.727294424103797
14238,64.0,63.0,6.0,0.0,6.0,1.0,4.0,3.0,2.0,5.0,0.616246170526686
8051,14.0,49.0,5.0,0.0,1.0,2.0,1.0,1.0,2.0,5.0,1.36626342083197
10444,52.0,82.0,4.0,1.0,6.0,0.0,3.0,1.0,4.0,1.0,1.13519062771807
11558,52.0,46.0,3.0,1.0,5.0,1.0,4.0,4.0,2.0,6.0,1.10080008353817
7243,45.0,42.0,4.0,1.0,5.0,0.0,4.0,3.0,3.0,7.0,0.966040269575224
8052,53.0,75.0,6.0,1.0,5.0,2.0,3.0,2.0,2.0,7.0,1.17637336370774
9050,37.0,76.0,5.0,,,1.0,,,,9.0,1.10601209334068
9784,57.0,81.0,5.0,1.0,2.0,2.0,4.0,4.0,2.0,7.0,1.06710818386439
9785,53.0,46.0,5.0,1.0,5.0,2.0,4.0,3.0,1.0,1.0,0.727232381044369
7779,54.0,42.0,6.0,1.0,3.0,1.0,4.0,2.0,3.0,7.0,1.29889386838628
13686,63.0,54.0,6.0,0.0,5.0,3.0,4.0,3.0,3.0,3.0,0.549468794936008
12198,86.0,85.0,7.0,1.0,6.0,3.0,4.0,5.0,1.0,9.0,0.788397093004573
8405,55.0,43.0,5.0,1.0,5.0,3.0,4.0,5.0,3.0,7.0,0.407718194223449
9289,72.0,54.0,6.0,0.0,5.0,3.0,4.0,5.0,2.0,9.0,0.67583588656469
13530,44.0,45.0,5.0,1.0,2.0,3.0,4.0,5.0,3.0,8.0,0.726507079214918
11279,49.0,39.0,4.0,1.0,4.0,3.0,3.0,1.0,1.0,8.0,0.877279848501052
10004,28.0,68.0,5.0,1.0,2.0,3.0,2.0,1.0,3.0,7.0,1.61771237662324
14243,79.0,47.0,5.0,0.0,6.0,0.0,4.0,4.0,1.0,1.0,0.875644280131554
14064,34.0,39.0,3.0,0.0,1.0,2.0,,1.0,2.0,1.0,0.874321288716022
8819,60.0,70.0,6.0,1.0,6.0,3.0,4.0,5.0,2.0,6.0,0.456853247147668
10005,50.0,55.0,6.0,1.0,4.0,3.0,4.0,1.0,2.0,7.0,0.780850173039287
11559,52.0,39.0,3.0,0.0,4.0,2.0,3.0,3.0,2.0,2.0,1.37929419961747
12725,56.0,41.0,4.0,1.0,3.0,2.0,4.0,3.0,1.0,6.0,0.436351467611519
7901,56.0,58.0,5.0,0.0,5.0,1.0,4.0,3.0,3.0,9.0,1.13723396500634
10982,52.0,44.0,5.0,1.0,4.0,2.0,4.0,3.0,2.0,7.0,0.743708205486255
14362,76.0,57.0,5.0,0.0,6.0,3.0,4.0,4.0,2.0,4.0,0.597089468668002
13850,52.0,54.0,5.0,0.0,6.0,2.0,4.0,3.0,2.0,1.0,1.34004661384644
10239,81.0,66.0,6.0,1.0,5.0,3.0,4.0,4.0,2.0,9.0,0.654091583106235
12050,72.0,49.0,5.0,1.0,5.0,3.0,4.0,1.0,2.0,9.0,0.756305103092812
10983,65.0,61.0,3.0,0.0,2.0,3.0,4.0,3.0,2.0,7.0,0.724991236537067
9051,64.0,54.0,6.0,1.0,6.0,3.0,4.0,5.0,2.0,7.0,0.540856481636107
11280,45.0,52.0,5.0,1.0,5.0,3.0,4.0,4.0,2.0,7.0,1.18761455431409
14275,57.0,39.0,5.0,1.0,6.0,2.0,3.0,4.0,2.0,8.0,0.656407776175572
9786,49.0,45.0,4.0,0.0,6.0,3.0,4.0,3.0,2.0,2.0,1.11382224783503
10445,48.0,47.0,5.0,1.0,4.0,2.0,1.0,1.0,2.0,1.0,0.746220546756788
7340,42.0,41.0,5.0,0.0,2.0,0.0,1.0,3.0,2.0,1.0,1.33115009045188
14225,54.0,49.0,5.0,1.0,4.0,1.0,3.0,2.0,3.0,1.0,0.91528343622324
10446,38.0,33.0,5.0,1.0,5.0,3.0,4.0,2.0,1.0,6.0,0.532042853709463
8200,58.0,44.0,4.0,0.0,3.0,3.0,4.0,4.0,2.0,3.0,0.927538178371334
12726,44.0,50.0,5.0,1.0,4.0,3.0,3.0,2.0,2.0,2.0,1.1858669978751
10984,56.0,59.0,5.0,1.0,4.0,3.0,3.0,3.0,3.0,1.0,1.18944190320798
14193,58.0,57.0,6.0,1.0,6.0,3.0,4.0,4.0,1.0,8.0,0.726507079214918
7244,47.0,45.0,4.0,0.0,4.0,1.0,,2.0,2.0,9.0,1.00978088739022
8201,54.0,43.0,3.0,0.0,2.0,3.0,3.0,1.0,1.0,3.0,1.21481868369286
12487,74.0,52.0,5.0,0.0,6.0,3.0,4.0,5.0,1.0,7.0,0.462819606241255
8406,49.0,48.0,4.0,0.0,4.0,3.0,3.0,4.0,3.0,5.0,1.20041109906776
10632,70.0,65.0,5.0,1.0,1.0,2.0,2.0,,3.0,3.0,0.930434587562828
12575,54.0,47.0,5.0,1.0,4.0,3.0,4.0,3.0,2.0,3.0,0.812978560849801
7780,31.0,32.0,4.0,0.0,1.0,3.0,2.0,1.0,3.0,6.0,1.00669487573283
8202,77.0,85.0,7.0,1.0,6.0,3.0,4.0,5.0,1.0,8.0,1.38356801891259
13158,79.0,51.0,6.0,0.0,5.0,3.0,4.0,3.0,2.0,6.0,0.404224225123736
8407,51.0,53.0,5.0,1.0,5.0,2.0,4.0,5.0,1.0,5.0,1.3377060571344
12540,54.0,59.0,7.0,1.0,5.0,2.0,4.0,1.0,2.0,7.0,0.40984551653628
7902,34.0,45.0,1.0,0.0,2.0,2.0,1.0,3.0,2.0,1.0,1.14396311104032
9290,48.0,56.0,5.0,1.0,5.0,3.0,4.0,4.0,2.0,8.0,1.11217800098189
9787,24.0,24.0,5.0,0.0,1.0,3.0,3.0,1.0,3.0,3.0,0.689053446330667
10633,85.0,85.0,7.0,0.0,2.0,3.0,4.0,5.0,1.0,6.0,0.533833103325354
9788,66.0,51.0,5.0,0.0,4.0,3.0,4.0,4.0,2.0,7.0,0.744676413570694
11968,61.0,8.0,1.0,0.0,3.0,1.0,,4.0,1.0,1.0,1.61076098351773
8408,49.0,42.0,5.0,1.0,4.0,3.0,2.0,4.0,2.0,4.0,1.02711727266038
8599,89.0,52.0,5.0,0.0,5.0,3.0,4.0,2.0,3.0,7.0,0.426220118055533
10447,14.0,60.0,6.0,0.0,2.0,2.0,1.0,1.0,1.0,1.0,1.5851186810041
12878,52.0,52.0,5.0,1.0,4.0,3.0,4.0,1.0,3.0,9.0,0.414856841819936
7903,56.0,50.0,5.0,1.0,6.0,3.0,4.0,4.0,2.0,8.0,0.738761612908245
12541,52.0,64.0,4.0,1.0,4.0,3.0,3.0,2.0,2.0,5.0,1.16189349190144
8820,59.0,55.0,4.0,1.0,4.0,3.0,4.0,2.0,2.0,4.0,0.24841590143115
10240,76.0,67.0,5.0,1.0,6.0,3.0,4.0,5.0,2.0,7.0,0.425747786830496
11144,68.0,48.0,5.0,0.0,4.0,3.0,4.0,2.0,2.0,6.0,0.402196767726746
11145,49.0,54.0,4.0,1.0,5.0,3.0,4.0,3.0,2.0,2.0,2.10043471128903
13152,85.0,43.0,4.0,0.0,4.0,2.0,4.0,4.0,1.0,4.0,0.778245972569732
9053,60.0,42.0,5.0,1.0,5.0,3.0,3.0,4.0,2.0,4.0,1.20979953050173
8821,67.0,48.0,5.0,0.0,5.0,3.0,4.0,3.0,1.0,3.0,0.64647964995007
14355,61.0,45.0,5.0,1.0,5.0,3.0,4.0,3.0,3.0,9.0,0.539176568654542
10241,50.0,34.0,4.0,0.0,4.0,3.0,3.0,3.0,2.0,5.0,1.28059198951955
11560,68.0,47.0,4.0,1.0,5.0,3.0,4.0,5.0,2.0,8.0,0.657132330949578
11561,60.0,41.0,3.0,1.0,3.0,3.0,4.0,5.0,2.0,5.0,0.54028847985427
10448,32.0,30.0,3.0,1.0,2.0,3.0,1.0,4.0,2.0,8.0,1.28162649104389
10634,37.0,50.0,5.0,1.0,4.0,2.0,3.0,1.0,1.0,7.0,0.645828968255132
8410,59.0,58.0,5.0,1.0,5.0,3.0,4.0,2.0,2.0,8.0,0.824122107078978
10006,47.0,38.0,4.0,0.0,4.0,3.0,3.0,4.0,3.0,2.0,1.08025344801867
13370,59.0,58.0,6.0,0.0,5.0,1.0,4.0,1.0,2.0,2.0,0.665730989298126
11969,57.0,48.0,4.0,1.0,5.0,3.0,3.0,4.0,2.0,4.0,0.69090182132208
13717,52.0,47.0,5.0,1.0,4.0,3.0,3.0,3.0,2.0,6.0,1.022379906537
13059,82.0,49.0,5.0,0.0,5.0,2.0,,3.0,3.0,5.0,0.553074776244752
11282,60.0,55.0,5.0,1.0,6.0,3.0,4.0,4.0,2.0,9.0,0.67625413979477
8411,68.0,41.0,5.0,1.0,6.0,3.0,4.0,2.0,2.0,9.0,0.654091583106235
13253,78.0,56.0,6.0,1.0,5.0,3.0,4.0,2.0,2.0,7.0,0.539430335985968
8600,46.0,56.0,5.0,1.0,4.0,3.0,3.0,1.0,2.0,2.0,1.32962722221358
10985,64.0,52.0,4.0,0.0,3.0,2.0,4.0,3.0,1.0,9.0,0.307781199232946
10635,59.0,47.0,5.0,0.0,5.0,3.0,4.0,2.0,3.0,8.0,0.847496026590327
7904,39.0,31.0,3.0,0.0,4.0,1.0,1.0,3.0,2.0,2.0,1.23630056692747
12383,34.0,33.0,2.0,0.0,2.0,2.0,1.0,1.0,3.0,1.0,0.896262679327249
12542,39.0,34.0,1.0,0.0,2.0,2.0,3.0,3.0,1.0,4.0,0.965941327816071
8822,63.0,45.0,5.0,0.0,5.0,3.0,4.0,4.0,1.0,7.0,0.536019600718885
11426,53.0,42.0,4.0,1.0,2.0,3.0,3.0,5.0,2.0,3.0,1.08549003346922
11970,46.0,58.0,6.0,1.0,6.0,3.0,4.0,3.0,1.0,8.0,0.562736634460862
10636,53.0,50.0,5.0,1.0,3.0,3.0,4.0,2.0,1.0,2.0,0.398697412531158
12384,79.0,65.0,6.0,0.0,6.0,3.0,4.0,4.0,1.0,7.0,0.82473098342692
10449,47.0,43.0,4.0,1.0,5.0,3.0,4.0,3.0,3.0,3.0,0.707503611369109
12051,71.0,63.0,5.0,1.0,6.0,3.0,4.0,3.0,1.0,7.0,0.565768034600773
8205,53.0,30.0,2.0,1.0,5.0,1.0,4.0,4.0,3.0,5.0,1.76510425858158
13123,61.0,53.0,5.0,0.0,3.0,2.0,4.0,1.0,2.0,1.0,1.92549861663784
9789,55.0,42.0,4.0,1.0,4.0,3.0,4.0,1.0,2.0,5.0,0.770313059315
7905,47.0,46.0,5.0,0.0,2.0,3.0,3.0,2.0,2.0,5.0,0.467155267860155
10242,63.0,53.0,5.0,1.0,5.0,3.0,4.0,4.0,2.0,4.0,0.474856798281497
9291,46.0,40.0,5.0,1.0,5.0,3.0,4.0,3.0,2.0,4.0,0.24841590143115
10986,50.0,45.0,4.0,0.0,4.0,3.0,4.0,1.0,,7.0,1.42171156367812
9292,70.0,47.0,5.0,1.0,5.0,3.0,4.0,5.0,1.0,8.0,0.436220144017645
10450,64.0,58.0,6.0,1.0,6.0,3.0,4.0,3.0,2.0,4.0,0.597089468668002
9293,86.0,53.0,5.0,0.0,6.0,2.0,4.0,5.0,3.0,7.0,0.870619318168348
9549,50.0,42.0,5.0,1.0,4.0,3.0,3.0,3.0,3.0,5.0,0.661636409011139
9790,54.0,69.0,5.0,1.0,5.0,3.0,3.0,4.0,1.0,3.0,1.49762179332961
12995,67.0,61.0,5.0,0.0,6.0,3.0,4.0,3.0,2.0,8.0,1.27293220885162
13308,49.0,58.0,6.0,0.0,6.0,1.0,3.0,3.0,4.0,4.0,1.31255765390759
10987,72.0,57.0,5.0,1.0,4.0,3.0,4.0,4.0,2.0,9.0,0.986328867452414
10451,56.0,72.0,5.0,0.0,5.0,3.0,4.0,3.0,2.0,6.0,0.525618742181113
11146,47.0,48.0,5.0,1.0,6.0,3.0,4.0,3.0,2.0,7.0,1.0789181238601
8412,65.0,60.0,5.0,1.0,4.0,3.0,4.0,4.0,2.0,9.0,1.93850061768621
7451,50.0,41.0,5.0,0.0,3.0,2.0,,2.0,3.0,1.0,0.597672688984429
10637,67.0,51.0,4.0,0.0,6.0,3.0,4.0,3.0,2.0,9.0,0.614675256397146
14223,52.0,59.0,5.0,1.0,6.0,3.0,4.0,3.0,2.0,8.0,0.924148617842031
10638,58.0,44.0,4.0,0.0,5.0,3.0,3.0,3.0,2.0,1.0,0.562645551100681
9550,71.0,57.0,4.0,1.0,6.0,2.0,4.0,3.0,2.0,5.0,0.909188568757773
10639,65.0,55.0,6.0,0.0,5.0,3.0,4.0,5.0,2.0,1.0,0.595342467355632
9551,70.0,58.0,7.0,1.0,5.0,3.0,4.0,3.0,1.0,8.0,0.701231511246516
8054,67.0,57.0,6.0,1.0,5.0,3.0,4.0,3.0,2.0,7.0,0.487992914064358
11147,59.0,54.0,5.0,1.0,5.0,3.0,4.0,2.0,1.0,7.0,1.14675023615601
12790,68.0,60.0,5.0,1.0,6.0,3.0,4.0,4.0,2.0,6.0,0.909188568757773
11666,62.0,49.0,5.0,1.0,6.0,3.0,4.0,3.0,2.0,6.0,1.09435206302439
10452,56.0,58.0,6.0,0.0,5.0,3.0,2.0,1.0,2.0,8.0,0.751996131164148
10007,29.0,42.0,5.0,0.0,2.0,3.0,2.0,4.0,2.0,3.0,1.13152612119788
11667,52.0,33.0,2.0,1.0,6.0,3.0,4.0,3.0,2.0,5.0,0.625426897573946
11562,52.0,40.0,5.0,0.0,3.0,3.0,3.0,5.0,2.0,3.0,0.64647964995007
10008,95.0,69.0,5.0,1.0,6.0,3.0,4.0,4.0,2.0,9.0,0.589904769487649
12818,64.0,52.0,4.0,1.0,4.0,2.0,4.0,5.0,2.0,5.0,0.989479265813085
10640,45.0,43.0,2.0,0.0,5.0,1.0,,2.0,4.0,2.0,1.3225151991873
13531,50.0,50.0,5.0,0.0,4.0,3.0,4.0,4.0,2.0,4.0,2.42709041569959
10009,38.0,39.0,4.0,1.0,1.0,3.0,1.0,2.0,3.0,4.0,1.71131193729762
10641,42.0,38.0,5.0,0.0,2.0,2.0,1.0,,3.0,3.0,1.03958251328015
9791,52.0,39.0,4.0,1.0,4.0,3.0,2.0,2.0,1.0,3.0,1.26351547508631
11879,50.0,55.0,6.0,1.0,4.0,3.0,4.0,3.0,2.0,2.0,1.209190081768
11427,62.0,53.0,5.0,1.0,5.0,3.0,4.0,3.0,2.0,8.0,0.400155835428909
13427,68.0,60.0,6.0,1.0,5.0,3.0,4.0,3.0,2.0,8.0,0.538964920709082
11148,51.0,45.0,5.0,1.0,4.0,3.0,1.0,3.0,2.0,5.0,0.275400755276091
8601,59.0,46.0,5.0,1.0,4.0,2.0,4.0,,2.0,1.0,1.95825058381748
12879,44.0,41.0,5.0,1.0,5.0,3.0,1.0,4.0,1.0,8.0,1.70505818772275
11283,71.0,57.0,5.0,0.0,6.0,3.0,4.0,3.0,2.0,6.0,0.556347815696876
10642,60.0,48.0,4.0,1.0,4.0,3.0,4.0,2.0,2.0,7.0,1.33612583777446
13750,58.0,55.0,6.0,1.0,2.0,3.0,4.0,5.0,1.0,7.0,3.31167008941396
9054,42.0,55.0,7.0,1.0,4.0,3.0,4.0,4.0,1.0,3.0,1.57766108020304
11767,40.0,35.0,4.0,0.0,4.0,1.0,2.0,1.0,3.0,1.0,1.84876819307659
12819,42.0,54.0,5.0,0.0,2.0,1.0,4.0,1.0,1.0,7.0,1.03082697667399
11428,74.0,64.0,5.0,1.0,6.0,2.0,4.0,1.0,1.0,3.0,0.72695826707435
7781,56.0,42.0,4.0,0.0,4.0,2.0,,1.0,3.0,1.0,2.54469551425777
12949,60.0,56.0,6.0,1.0,6.0,3.0,4.0,4.0,2.0,7.0,0.6326080374699
12449,41.0,56.0,5.0,1.0,2.0,3.0,1.0,1.0,3.0,5.0,1.38169501722846
12450,48.0,46.0,3.0,1.0,2.0,3.0,1.0,5.0,1.0,3.0,1.03283875416364
10453,71.0,55.0,3.0,1.0,5.0,3.0,4.0,3.0,3.0,6.0,0.763245203570024
12576,51.0,45.0,3.0,0.0,3.0,3.0,4.0,3.0,2.0,5.0,0.679436542752092
9055,54.0,43.0,4.0,1.0,6.0,3.0,4.0,4.0,2.0,7.0,0.681181906858153
13520,50.0,50.0,5.0,1.0,3.0,3.0,4.0,3.0,1.0,3.0,0.497083446596551
8413,50.0,33.0,3.0,1.0,5.0,3.0,4.0,3.0,2.0,7.0,0.495238483924799
11429,68.0,63.0,5.0,1.0,6.0,3.0,4.0,4.0,1.0,8.0,0.782747066404378
12488,66.0,52.0,6.0,1.0,5.0,1.0,4.0,5.0,1.0,2.0,0.93076392353572
11668,42.0,42.0,4.0,0.0,3.0,1.0,2.0,4.0,1.0,1.0,0.893886049427706
9792,41.0,31.0,2.0,1.0,3.0,3.0,4.0,2.0,3.0,6.0,2.14215083925503
11669,59.0,41.0,4.0,0.0,4.0,2.0,4.0,5.0,3.0,5.0,1.5485755626943
12654,62.0,47.0,4.0,1.0,6.0,2.0,4.0,3.0,2.0,3.0,1.58895076484082
13032,64.0,47.0,5.0,1.0,6.0,3.0,4.0,4.0,2.0,9.0,0.788397093004573
8602,89.0,80.0,7.0,1.0,6.0,3.0,4.0,5.0,1.0,7.0,0.345001951408897
9793,58.0,58.0,5.0,1.0,3.0,3.0,4.0,4.0,2.0,6.0,1.53084772126781
11880,40.0,42.0,3.0,1.0,3.0,3.0,4.0,5.0,2.0,8.0,0.669932745881724
8603,68.0,53.0,5.0,1.0,6.0,3.0,4.0,3.0,2.0,7.0,1.41595982820341
12265,40.0,40.0,4.0,1.0,3.0,3.0,3.0,4.0,2.0,6.0,1.28784950902129
7906,68.0,57.0,5.0,0.0,6.0,3.0,4.0,4.0,1.0,8.0,0.910753131200259
8604,48.0,42.0,5.0,1.0,5.0,3.0,4.0,5.0,2.0,9.0,1.3544676187239
10454,68.0,58.0,6.0,1.0,6.0,3.0,4.0,3.0,2.0,8.0,0.924840981129284
8414,33.0,10.0,2.0,0.0,1.0,2.0,1.0,1.0,4.0,1.0,1.32414101784083
11284,42.0,42.0,3.0,1.0,3.0,3.0,3.0,3.0,2.0,8.0,1.38134957692235
11149,60.0,42.0,4.0,0.0,2.0,3.0,4.0,2.0,2.0,6.0,1.02160788239247
8605,46.0,48.0,5.0,1.0,4.0,3.0,3.0,1.0,2.0,5.0,1.39663372017632
11150,60.0,54.0,6.0,0.0,4.0,3.0,4.0,3.0,3.0,9.0,0.957857851035721
7907,78.0,85.0,7.0,1.0,6.0,2.0,4.0,4.0,1.0,2.0,1.23630056692747
9552,65.0,67.0,7.0,1.0,6.0,3.0,4.0,3.0,2.0,6.0,1.06396084400036
10828,51.0,25.0,1.0,0.0,2.0,2.0,1.0,1.0,3.0,5.0,1.97471948270544
10455,47.0,38.0,4.0,0.0,2.0,3.0,3.0,5.0,3.0,1.0,1.37753752877848
11285,53.0,52.0,5.0,1.0,4.0,2.0,4.0,5.0,3.0,4.0,0.617218456779707
10243,88.0,61.0,5.0,1.0,5.0,3.0,4.0,4.0,3.0,8.0,0.627726942989392
12199,28.0,57.0,5.0,1.0,2.0,3.0,1.0,1.0,1.0,7.0,0.720619392106815
8055,70.0,55.0,6.0,0.0,6.0,3.0,4.0,4.0,2.0,8.0,0.526242967949549
10829,65.0,38.0,1.0,0.0,4.0,3.0,4.0,4.0,2.0,7.0,1.17789080637767
9056,57.0,30.0,3.0,0.0,2.0,2.0,3.0,4.0,2.0,2.0,1.29156617180407
7452,51.0,48.0,5.0,1.0,3.0,3.0,4.0,4.0,3.0,7.0,0.512876469643389
10010,64.0,52.0,5.0,0.0,6.0,3.0,4.0,3.0,2.0,8.0,0.849171795237332
12052,58.0,43.0,4.0,1.0,5.0,3.0,4.0,3.0,3.0,5.0,0.516721646260755
11286,95.0,64.0,7.0,1.0,5.0,3.0,4.0,4.0,1.0,7.0,0.63022092619849
9553,66.0,39.0,4.0,1.0,5.0,3.0,4.0,4.0,2.0,7.0,1.22033856487947
11563,51.0,33.0,2.0,1.0,3.0,3.0,4.0,4.0,2.0,8.0,0.768394659393932
9794,57.0,55.0,5.0,0.0,4.0,3.0,3.0,4.0,1.0,3.0,1.72808644300317
7908,75.0,60.0,6.0,1.0,5.0,3.0,4.0,3.0,1.0,9.0,0.758821386592021
10643,37.0,14.0,3.0,0.0,1.0,3.0,3.0,2.0,2.0,8.0,0.851994189544427
14370,62.0,48.0,6.0,1.0,4.0,3.0,4.0,3.0,2.0,8.0,0.562736634460862
11768,41.0,47.0,5.0,1.0,2.0,2.0,3.0,3.0,1.0,3.0,0.24841590143115
7909,49.0,41.0,4.0,1.0,2.0,3.0,3.0,3.0,2.0,8.0,0.494482491223351
12791,53.0,45.0,4.0,1.0,2.0,3.0,4.0,2.0,2.0,9.0,1.1583360857457
13507,48.0,50.0,5.0,1.0,4.0,3.0,4.0,5.0,2.0,8.0,1.26660232912984
9294,62.0,42.0,4.0,0.0,4.0,3.0,4.0,5.0,1.0,9.0,2.05878806658069
9795,58.0,59.0,4.0,1.0,6.0,2.0,3.0,1.0,4.0,1.0,0.620041731166083
9295,88.0,85.0,7.0,0.0,6.0,3.0,4.0,4.0,2.0,9.0,0.559483402770543
11430,32.0,48.0,3.0,1.0,5.0,3.0,3.0,3.0,1.0,6.0,0.678278462188744
9554,53.0,56.0,6.0,1.0,4.0,3.0,3.0,4.0,3.0,6.0,0.548739943332194
10988,21.0,29.0,2.0,0.0,2.0,1.0,1.0,1.0,2.0,3.0,0.93996184158945
10244,57.0,43.0,5.0,0.0,4.0,3.0,4.0,3.0,3.0,9.0,0.305977967105136
12053,75.0,44.0,5.0,0.0,5.0,3.0,4.0,5.0,2.0,9.0,0.539176568654542
8606,55.0,52.0,5.0,1.0,6.0,3.0,4.0,5.0,2.0,9.0,0.845508501355146
11769,65.0,46.0,5.0,0.0,5.0,3.0,4.0,4.0,2.0,6.0,1.30781802089337
9296,72.0,60.0,7.0,1.0,6.0,3.0,4.0,5.0,3.0,7.0,0.46307120073435
10011,31.0,33.0,3.0,1.0,3.0,2.0,4.0,2.0,2.0,1.0,0.811957221818743
11564,63.0,57.0,5.0,0.0,5.0,3.0,4.0,4.0,3.0,9.0,0.584409536161383
8415,54.0,60.0,6.0,1.0,6.0,3.0,4.0,3.0,2.0,6.0,0.334141135898757
11565,51.0,41.0,4.0,0.0,6.0,2.0,4.0,2.0,2.0,6.0,0.943815532668167
7910,56.0,48.0,5.0,1.0,2.0,1.0,4.0,2.0,3.0,1.0,1.31808777578382
13258,95.0,73.0,7.0,1.0,5.0,3.0,4.0,4.0,1.0,7.0,0.214625862348427
13651,71.0,54.0,6.0,1.0,6.0,3.0,4.0,3.0,1.0,7.0,0.973537393519596
13474,79.0,48.0,5.0,0.0,6.0,2.0,4.0,5.0,2.0,4.0,0.636976760227366
10245,50.0,43.0,4.0,0.0,6.0,2.0,4.0,1.0,2.0,1.0,1.15634416353989
8607,62.0,42.0,5.0,1.0,2.0,3.0,4.0,5.0,2.0,9.0,1.28641024519565
7341,52.0,39.0,5.0,0.0,3.0,2.0,1.0,3.0,3.0,7.0,1.54724225368128
9555,71.0,61.0,6.0,1.0,6.0,3.0,,4.0,2.0,9.0,0.788397093004573
13321,43.0,42.0,4.0,0.0,2.0,2.0,,3.0,2.0,7.0,1.10617833158964
8823,67.0,71.0,6.0,1.0,6.0,3.0,4.0,4.0,1.0,8.0,0.67110246773567
10830,60.0,57.0,6.0,1.0,6.0,3.0,4.0,3.0,1.0,7.0,0.214625862348427
10012,57.0,78.0,6.0,1.0,6.0,3.0,4.0,5.0,2.0,9.0,0.946179992799249
10246,54.0,42.0,3.0,1.0,4.0,2.0,3.0,3.0,3.0,2.0,0.683481385708241
8206,56.0,43.0,5.0,1.0,3.0,2.0,,3.0,1.0,7.0,1.61047131311821
12880,54.0,73.0,5.0,1.0,6.0,3.0,4.0,4.0,1.0,8.0,1.29790052559854
12727,55.0,40.0,4.0,0.0,5.0,3.0,4.0,2.0,1.0,3.0,1.04450675741999
12054,58.0,43.0,4.0,1.0,6.0,2.0,4.0,4.0,1.0,7.0,0.489795516322813
12926,59.0,32.0,3.0,0.0,4.0,3.0,,2.0,2.0,5.0,2.49711270559923
14318,54.0,42.0,4.0,0.0,5.0,2.0,4.0,3.0,3.0,5.0,0.909188568757773
13964,39.0,29.0,4.0,1.0,2.0,3.0,4.0,3.0,1.0,4.0,0.644129247589022
11881,34.0,56.0,6.0,1.0,6.0,3.0,1.0,1.0,2.0,4.0,2.21298278977986
14074,56.0,42.0,4.0,0.0,4.0,3.0,3.0,4.0,1.0,3.0,0.675816242706003
9057,42.0,40.0,4.0,1.0,3.0,3.0,1.0,4.0,1.0,1.0,0.435273945008533
13526,57.0,41.0,3.0,1.0,6.0,3.0,4.0,5.0,3.0,9.0,1.00978088739022
10644,53.0,53.0,5.0,0.0,6.0,3.0,4.0,1.0,3.0,2.0,1.33193053025126
9058,61.0,40.0,4.0,1.0,4.0,3.0,4.0,3.0,2.0,1.0,1.19443227123827
7342,60.0,59.0,5.0,1.0,6.0,3.0,4.0,4.0,2.0,9.0,0.944791046346529
11287,71.0,59.0,6.0,1.0,6.0,3.0,4.0,3.0,1.0,7.0,0.496850264809498
12385,51.0,43.0,4.0,0.0,6.0,3.0,4.0,3.0,1.0,6.0,0.660584581656395
12691,78.0,49.0,4.0,1.0,5.0,3.0,4.0,5.0,1.0,7.0,0.354415614143832
11567,47.0,37.0,5.0,1.0,3.0,2.0,2.0,4.0,1.0,8.0,1.84067978884924
8824,52.0,52.0,5.0,1.0,3.0,2.0,4.0,3.0,2.0,7.0,0.471476208115946
9059,70.0,52.0,5.0,1.0,6.0,3.0,4.0,4.0,1.0,8.0,0.628950632320324
12980,54.0,54.0,6.0,1.0,4.0,3.0,,4.0,3.0,9.0,0.631623161858667
14047,33.0,48.0,5.0,0.0,6.0,3.0,3.0,1.0,1.0,4.0,1.22262502978166
10013,57.0,55.0,5.0,1.0,6.0,3.0,3.0,3.0,2.0,8.0,3.25483944236226
9297,62.0,48.0,5.0,0.0,6.0,1.0,1.0,3.0,1.0,1.0,1.50713959328567
14307,95.0,71.0,6.0,1.0,6.0,3.0,4.0,2.0,1.0,6.0,0.722908109089772
11151,60.0,59.0,4.0,1.0,3.0,3.0,4.0,2.0,1.0,8.0,0.759888260786765
13857,70.0,58.0,6.0,1.0,6.0,3.0,4.0,3.0,1.0,2.0,0.86699943390379
7911,76.0,49.0,5.0,1.0,6.0,3.0,4.0,3.0,1.0,9.0,1.55553010171199
8416,68.0,54.0,5.0,0.0,6.0,3.0,4.0,5.0,2.0,8.0,1.13805749142956
12910,52.0,37.0,3.0,0.0,5.0,1.0,2.0,1.0,3.0,3.0,1.91076105766617
10989,80.0,71.0,6.0,1.0,6.0,2.0,4.0,5.0,1.0,9.0,0.631623161858667
10014,56.0,53.0,5.0,0.0,5.0,2.0,4.0,4.0,1.0,2.0,0.653542392899133
13159,60.0,43.0,5.0,0.0,6.0,3.0,4.0,4.0,2.0,4.0,0.682988549575949
14160,44.0,47.0,4.0,1.0,3.0,3.0,2.0,2.0,2.0,3.0,0.538459416512835
10831,48.0,44.0,5.0,1.0,3.0,3.0,4.0,4.0,1.0,6.0,1.07580919498179
9060,65.0,60.0,6.0,1.0,6.0,3.0,4.0,3.0,1.0,8.0,0.967696667737628
9061,72.0,61.0,6.0,1.0,5.0,3.0,4.0,1.0,1.0,7.0,1.8258710705766
8608,58.0,53.0,4.0,1.0,6.0,3.0,4.0,5.0,2.0,9.0,0.983808483800255
8825,53.0,42.0,5.0,1.0,4.0,3.0,4.0,4.0,3.0,6.0,0.856847825223486
10015,62.0,57.0,6.0,1.0,6.0,3.0,4.0,4.0,1.0,8.0,0.669932745881724
9796,50.0,50.0,5.0,1.0,5.0,2.0,4.0,5.0,1.0,2.0,0.729937150973869
12201,47.0,58.0,5.0,1.0,5.0,1.0,2.0,3.0,2.0,3.0,1.02248989488802
7912,68.0,51.0,5.0,0.0,6.0,3.0,4.0,4.0,2.0,8.0,0.726507079214918
9797,87.0,55.0,6.0,1.0,5.0,3.0,4.0,,2.0,8.0,0.40340673011185
11670,61.0,42.0,4.0,1.0,3.0,2.0,4.0,4.0,2.0,8.0,1.18750354950659
10456,80.0,54.0,6.0,0.0,5.0,3.0,4.0,5.0,2.0,9.0,0.447015941810779
8417,55.0,58.0,6.0,1.0,5.0,3.0,3.0,4.0,2.0,3.0,0.494331925344236
11971,63.0,46.0,4.0,1.0,5.0,3.0,4.0,3.0,3.0,2.0,0.692207248723215
8207,48.0,40.0,4.0,1.0,4.0,3.0,1.0,4.0,2.0,7.0,1.08249882575257
11671,62.0,75.0,5.0,1.0,6.0,2.0,4.0,2.0,2.0,2.0,0.698364427747352
10016,62.0,82.0,6.0,1.0,6.0,3.0,4.0,4.0,1.0,8.0,1.25396385103415
13376,25.0,45.0,1.0,0.0,6.0,2.0,3.0,1.0,2.0,3.0,3.59769227088451
7782,49.0,42.0,1.0,0.0,3.0,2.0,,5.0,1.0,1.0,1.02207215524839
11288,55.0,50.0,4.0,1.0,5.0,1.0,4.0,4.0,1.0,3.0,0.475006805608467
12927,61.0,28.0,1.0,0.0,4.0,2.0,4.0,3.0,3.0,3.0,0.862881551726278
11152,62.0,53.0,5.0,0.0,5.0,2.0,4.0,2.0,3.0,7.0,0.364886679172436
9298,57.0,51.0,5.0,1.0,5.0,3.0,4.0,5.0,2.0,3.0,1.04728383877751
12950,53.0,35.0,4.0,1.0,3.0,2.0,2.0,3.0,3.0,5.0,1.59668680334159
11882,65.0,44.0,5.0,0.0,5.0,3.0,4.0,5.0,2.0,3.0,0.474856798281497
13314,27.0,66.0,6.0,0.0,5.0,3.0,1.0,1.0,1.0,1.0,3.42250779859036
12202,59.0,49.0,6.0,1.0,5.0,3.0,4.0,2.0,2.0,5.0,0.443080058096066
7913,70.0,68.0,5.0,1.0,6.0,3.0,4.0,4.0,1.0,8.0,0.467894250142085
11153,71.0,73.0,7.0,1.0,6.0,3.0,4.0,4.0,2.0,9.0,0.719250277404472
9556,46.0,50.0,5.0,0.0,5.0,3.0,4.0,1.0,2.0,5.0,1.40442073325303
7783,47.0,58.0,5.0,0.0,5.0,3.0,,2.0,2.0,1.0,1.84603094505707
14186,23.0,32.0,2.0,0.0,2.0,2.0,1.0,2.0,1.0,1.0,1.46135095556513
12655,95.0,58.0,6.0,0.0,4.0,3.0,4.0,3.0,2.0,9.0,0.542354119379381
8826,52.0,51.0,6.0,1.0,6.0,3.0,4.0,3.0,1.0,7.0,0.67664171484121
13408,34.0,41.0,4.0,0.0,5.0,2.0,1.0,1.0,2.0,2.0,1.99361261841207
11672,55.0,52.0,6.0,1.0,5.0,3.0,4.0,4.0,2.0,7.0,0.657110906386928
11154,75.0,61.0,5.0,1.0,6.0,3.0,4.0,3.0,1.0,9.0,0.899822332961181
7914,86.0,85.0,7.0,1.0,6.0,3.0,4.0,5.0,1.0,9.0,0.809941456143922
9798,95.0,57.0,5.0,0.0,5.0,2.0,4.0,5.0,1.0,8.0,0.242529596904614
13071,63.0,61.0,5.0,1.0,5.0,3.0,4.0,4.0,1.0,7.0,0.700002010554992
12489,53.0,42.0,5.0,0.0,6.0,2.0,2.0,4.0,3.0,8.0,0.566098111241492
9062,44.0,50.0,5.0,1.0,5.0,2.0,3.0,3.0,2.0,4.0,0.64647964995007
10247,58.0,52.0,4.0,1.0,4.0,2.0,2.0,3.0,1.0,2.0,0.799318311256295
13554,53.0,50.0,4.0,0.0,5.0,3.0,4.0,,2.0,2.0,1.3113062785403
9557,72.0,54.0,5.0,1.0,5.0,3.0,4.0,5.0,2.0,8.0,0.61862525860499
7454,79.0,49.0,1.0,1.0,6.0,3.0,4.0,3.0,1.0,9.0,2.05878806658069
11770,36.0,51.0,5.0,1.0,6.0,3.0,3.0,1.0,2.0,7.0,0.91484217551825
8827,62.0,85.0,7.0,0.0,2.0,2.0,4.0,1.0,3.0,6.0,0.937774784178145
8610,60.0,61.0,5.0,1.0,6.0,3.0,4.0,5.0,1.0,8.0,0.941147171835694
10645,84.0,76.0,6.0,1.0,5.0,3.0,4.0,5.0,2.0,7.0,0.345001951408897
12490,58.0,61.0,6.0,1.0,5.0,3.0,4.0,2.0,1.0,4.0,0.779293387700692
13206,76.0,47.0,5.0,0.0,6.0,3.0,4.0,3.0,2.0,1.0,0.891448968501593
10017,52.0,41.0,5.0,1.0,4.0,2.0,4.0,4.0,2.0,3.0,0.527203159787322
9558,72.0,82.0,4.0,1.0,6.0,2.0,4.0,3.0,1.0,5.0,1.40604028789898
10832,59.0,43.0,5.0,0.0,6.0,3.0,4.0,4.0,2.0,8.0,0.9149150441480152
9799,43.0,63.0,3.0,0.0,4.0,1.0,1.0,3.0,2.0,1.0,0.826139422382396
12491,46.0,38.0,6.0,1.0,2.0,3.0,2.0,3.0,2.0,8.0,0.467894250142085
13992,57.0,54.0,5.0,1.0,5.0,3.0,4.0,5.0,1.0,7.0,0.463609696941474
11568,54.0,55.0,5.0,1.0,5.0,2.0,4.0,1.0,2.0,6.0,0.518039919267035
9299,60.0,57.0,5.0,0.0,6.0,3.0,4.0,4.0,1.0,9.0,0.49505346992289
10457,62.0,56.0,4.0,1.0,6.0,2.0,3.0,2.0,3.0,5.0,2.2640515475292
13669,70.0,56.0,5.0,1.0,6.0,3.0,4.0,3.0,3.0,3.0,0.429072684381794
11431,95.0,71.0,5.0,0.0,6.0,3.0,4.0,5.0,3.0,7.0,0.46307120073435
8056,74.0,59.0,6.0,1.0,6.0,3.0,4.0,4.0,2.0,5.0,0.402196767726746
11673,60.0,42.0,3.0,1.0,5.0,2.0,4.0,5.0,2.0,3.0,1.23117363002518
11155,63.0,50.0,2.0,0.0,4.0,0.0,3.0,,1.0,1.0,1.67390829790359
9800,32.0,46.0,4.0,0.0,2.0,3.0,3.0,1.0,1.0,2.0,1.7521611040396
10646,33.0,29.0,2.0,0.0,1.0,3.0,1.0,1.0,1.0,2.0,0.542889126713429
12386,35.0,41.0,4.0,1.0,3.0,3.0,4.0,3.0,2.0,3.0,1.13951911510924
12387,54.0,33.0,1.0,0.0,3.0,1.0,2.0,3.0,4.0,1.0,1.12927800192016
10458,59.0,49.0,4.0,0.0,6.0,1.0,4.0,1.0,1.0,7.0,0.441031584982039
12055,67.0,56.0,5.0,1.0,5.0,3.0,4.0,5.0,3.0,9.0,0.654091583106235
7289,51.0,48.0,5.0,1.0,5.0,2.0,3.0,3.0,2.0,8.0,1.43157930643065
12996,57.0,51.0,6.0,1.0,6.0,3.0,4.0,4.0,2.0,2.0,0.504506869771949
8419,52.0,35.0,5.0,0.0,2.0,3.0,4.0,5.0,2.0,6.0,0.708577399812888
9300,74.0,54.0,5.0,0.0,2.0,3.0,4.0,3.0,1.0,4.0,0.448358921709938
7915,46.0,34.0,4.0,0.0,2.0,1.0,4.0,3.0,3.0,9.0,1.61249326308834
11569,63.0,42.0,5.0,1.0,5.0,3.0,4.0,3.0,2.0,8.0,0.821065000244912
9301,55.0,53.0,5.0,1.0,4.0,3.0,4.0,5.0,2.0,9.0,1.1583360857457
12327,87.0,49.0,4.0,0.0,6.0,2.0,4.0,4.0,2.0,7.0,0.345001951408897
9302,54.0,42.0,4.0,0.0,3.0,2.0,4.0,4.0,2.0,8.0,1.38134957692235
7290,49.0,42.0,4.0,0.0,4.0,3.0,1.0,3.0,3.0,7.0,1.18761455431409
11570,61.0,79.0,7.0,1.0,6.0,2.0,4.0,4.0,1.0,2.0,0.701566258684761
8057,60.0,51.0,4.0,1.0,4.0,3.0,4.0,3.0,2.0,9.0,1.55553010171199
10647,61.0,56.0,6.0,1.0,6.0,3.0,4.0,1.0,2.0,7.0,0.297061426267671
9801,54.0,54.0,4.0,1.0,5.0,3.0,4.0,4.0,2.0,4.0,0.595248830904868
11156,59.0,43.0,5.0,0.0,3.0,3.0,4.0,5.0,2.0,2.0,1.07056462073117
10459,39.0,46.0,4.0,1.0,3.0,2.0,1.0,4.0,2.0,1.0,1.23051748273151
9802,73.0,60.0,6.0,1.0,6.0,3.0,4.0,5.0,1.0,9.0,1.3544676187239
14208,40.0,37.0,6.0,0.0,2.0,3.0,4.0,5.0,3.0,7.0,1.41480850273533
8828,61.0,57.0,5.0,1.0,6.0,3.0,4.0,4.0,2.0,9.0,1.3312002072243
8829,54.0,56.0,4.0,1.0,6.0,2.0,1.0,3.0,2.0,7.0,1.59159297210968
8420,40.0,40.0,3.0,1.0,4.0,3.0,4.0,3.0,2.0,7.0,0.446381992372152
12328,71.0,50.0,4.0,1.0,6.0,3.0,4.0,5.0,2.0,7.0,1.91420678537183
10018,62.0,50.0,4.0,1.0,6.0,3.0,4.0,3.0,2.0,8.0,0.759888260786765
11157,60.0,49.0,5.0,1.0,5.0,3.0,3.0,3.0,3.0,7.0,0.760060876128717
9303,45.0,35.0,3.0,0.0,2.0,3.0,1.0,3.0,2.0,2.0,0.562761038058264
8830,48.0,43.0,5.0,1.0,2.0,2.0,4.0,4.0,2.0,9.0,0.700309459150432
9559,38.0,31.0,2.0,0.0,4.0,3.0,4.0,1.0,2.0,3.0,0.595705826954785
9304,64.0,45.0,4.0,0.0,6.0,3.0,4.0,3.0,2.0,8.0,1.43597132467536
9063,45.0,39.0,4.0,1.0,3.0,3.0,3.0,4.0,2.0,9.0,1.8105063822557
8611,66.0,55.0,5.0,0.0,4.0,3.0,4.0,5.0,2.0,8.0,0.528783552910245
10833,50.0,27.0,5.0,0.0,3.0,3.0,3.0,5.0,2.0,5.0,1.27015081989939
9064,57.0,54.0,5.0,1.0,3.0,3.0,4.0,3.0,2.0,8.0,0.792701232969205
8612,57.0,65.0,5.0,1.0,6.0,3.0,3.0,3.0,1.0,7.0,1.11342813466793
13479,50.0,51.0,4.0,0.0,6.0,3.0,3.0,1.0,2.0,8.0,0.393068410649014
14264,57.0,66.0,5.0,1.0,4.0,3.0,2.0,1.0,2.0,2.0,0.966438260213091
7343,34.0,13.0,3.0,0.0,3.0,1.0,1.0,3.0,3.0,1.0,0.620041731166083
9305,54.0,51.0,5.0,1.0,4.0,3.0,3.0,3.0,4.0,3.0,1.06902974740089
9065,61.0,48.0,5.0,1.0,6.0,3.0,4.0,1.0,2.0,7.0,0.740365495223282
8613,47.0,47.0,3.0,0.0,4.0,2.0,4.0,4.0,2.0,6.0,1.78188862647257
8614,41.0,48.0,5.0,1.0,3.0,2.0,3.0,3.0,1.0,7.0,1.61771237662324
14176,40.0,36.0,5.0,1.0,1.0,3.0,1.0,2.0,3.0,6.0,0.775656304949172
13238,43.0,44.0,4.0,0.0,5.0,3.0,2.0,2.0,2.0,5.0,1.40604028789898
8058,58.0,43.0,5.0,0.0,6.0,3.0,4.0,3.0,1.0,9.0,1.08982852923978
7784,50.0,44.0,4.0,1.0,4.0,3.0,4.0,4.0,2.0,9.0,1.76604652399257
10834,86.0,85.0,7.0,1.0,6.0,3.0,4.0,3.0,2.0,9.0,0.655304600164212
13164,64.0,55.0,6.0,1.0,5.0,2.0,3.0,4.0,1.0,1.0,2.57888744477404
14210,62.0,55.0,5.0,0.0,4.0,2.0,4.0,4.0,2.0,7.0,0.378201205467138
12451,62.0,46.0,4.0,1.0,2.0,3.0,3.0,3.0,2.0,9.0,2.05878806658069
8831,43.0,35.0,4.0,1.0,2.0,2.0,1.0,1.0,2.0,3.0,1.47584002828273
13274,65.0,65.0,5.0,1.0,5.0,2.0,4.0,3.0,2.0,4.0,0.768313478950123
11973,70.0,68.0,5.0,1.0,6.0,3.0,4.0,3.0,1.0,7.0,0.438632742568019
8421,64.0,51.0,5.0,1.0,5.0,3.0,4.0,3.0,2.0,9.0,0.944791046346529
10248,39.0,31.0,4.0,1.0,5.0,3.0,3.0,2.0,3.0,8.0,1.41006334285632
8208,61.0,56.0,5.0,1.0,4.0,3.0,4.0,3.0,2.0,5.0,1.40479528977462
7209,49.0,42.0,4.0,0.0,4.0,1.0,4.0,3.0,2.0,8.0,1.06591738100946
10019,63.0,56.0,5.0,1.0,6.0,3.0,4.0,3.0,2.0,3.0,0.958904503273934
7245,34.0,54.0,5.0,1.0,4.0,0.0,2.0,2.0,3.0,7.0,0.740529098381835
8422,40.0,39.0,4.0,1.0,4.0,2.0,3.0,1.0,1.0,2.0,1.86851631763336
8059,56.0,44.0,4.0,0.0,5.0,3.0,4.0,4.0,1.0,5.0,0.583157725350971
13412,41.0,39.0,4.0,1.0,3.0,3.0,2.0,1.0,2.0,2.0,0.966438260213091
8209,60.0,56.0,5.0,1.0,3.0,3.0,4.0,4.0,2.0,8.0,0.975581776812273
10648,66.0,51.0,4.0,1.0,5.0,2.0,4.0,2.0,2.0,9.0,0.721776282697989
10460,37.0,43.0,4.0,0.0,5.0,3.0,2.0,5.0,2.0,6.0,0.875289729758187
8832,58.0,45.0,5.0,0.0,5.0,3.0,3.0,2.0,2.0,4.0,0.298987544262475
13948,61.0,57.0,5.0,1.0,6.0,3.0,4.0,5.0,3.0,3.0,0.565870216181797
8060,53.0,56.0,5.0,1.0,6.0,3.0,4.0,4.0,1.0,7.0,0.447238963764894
11883,45.0,40.0,5.0,1.0,1.0,3.0,4.0,3.0,2.0,8.0,0.646619982531285
9560,52.0,41.0,3.0,0.0,4.0,1.0,2.0,3.0,3.0,3.0,0.581163502953413
9803,54.0,46.0,5.0,1.0,2.0,3.0,3.0,3.0,2.0,8.0,0.700774415325726
11289,81.0,53.0,5.0,1.0,6.0,3.0,3.0,4.0,1.0,3.0,0.566556007018854
10990,52.0,46.0,4.0,1.0,4.0,2.0,3.0,2.0,2.0,8.0,2.03026515590146
9804,58.0,68.0,6.0,1.0,6.0,3.0,4.0,2.0,1.0,7.0,1.17783500079225
11571,53.0,43.0,4.0,0.0,5.0,3.0,4.0,4.0,1.0,3.0,0.974152532473972
7916,57.0,58.0,5.0,1.0,5.0,3.0,4.0,2.0,3.0,8.0,1.27293220885162
9306,68.0,51.0,4.0,0.0,5.0,1.0,,3.0,1.0,3.0,1.14254483992293
10249,63.0,60.0,5.0,1.0,4.0,3.0,4.0,3.0,1.0,3.0,1.10983860511776
12728,88.0,48.0,,0.0,5.0,3.0,4.0,4.0,2.0,4.0,0.616893145190339
11674,45.0,57.0,4.0,0.0,4.0,2.0,1.0,1.0,1.0,1.0,0.861831944316619
11974,63.0,45.0,5.0,1.0,4.0,3.0,4.0,3.0,2.0,6.0,1.22595969484603
10649,40.0,38.0,3.0,1.0,1.0,3.0,4.0,3.0,3.0,7.0,0.486234069085115
9561,55.0,48.0,4.0,0.0,3.0,1.0,4.0,2.0,3.0,2.0,0.933890323100247
8424,51.0,58.0,5.0,1.0,4.0,3.0,3.0,5.0,2.0,4.0,1.18464198740261
11572,82.0,57.0,6.0,0.0,4.0,3.0,4.0,5.0,2.0,8.0,0.810563295511147
10650,67.0,52.0,5.0,0.0,6.0,3.0,4.0,3.0,3.0,7.0,0.404281787438902
9562,65.0,65.0,5.0,0.0,6.0,3.0,4.0,5.0,2.0,7.0,1.32296052128881
11432,62.0,56.0,5.0,1.0,5.0,3.0,4.0,2.0,2.0,4.0,0.491009308549587
9805,46.0,47.0,4.0,1.0,2.0,3.0,4.0,5.0,2.0,6.0,0.821070388448458
13303,47.0,33.0,4.0,0.0,4.0,3.0,1.0,3.0,2.0,6.0,0.973909392778162
11884,77.0,61.0,4.0,0.0,6.0,3.0,4.0,4.0,1.0,3.0,0.692207248723215
12056,62.0,56.0,5.0,0.0,6.0,3.0,4.0,5.0,1.0,6.0,0.499919209713241
8833,67.0,47.0,5.0,1.0,6.0,3.0,4.0,4.0,2.0,7.0,0.816421596129962
10461,47.0,34.0,5.0,1.0,4.0,3.0,4.0,5.0,3.0,7.0,0.816421596129962
14218,62.0,60.0,6.0,1.0,4.0,3.0,4.0,3.0,1.0,5.0,0.280399436639393
12614,54.0,55.0,6.0,1.0,4.0,3.0,4.0,2.0,1.0,8.0,1.31318630888382
10835,49.0,35.0,5.0,1.0,4.0,3.0,3.0,3.0,2.0,8.0,1.37320475319238
9066,64.0,47.0,5.0,1.0,4.0,3.0,4.0,3.0,1.0,7.0,0.462550679578911
8061,40.0,41.0,5.0,0.0,2.0,3.0,4.0,3.0,3.0,3.0,0.530122980116083
8210,50.0,41.0,4.0,1.0,4.0,2.0,4.0,3.0,2.0,6.0,0.468862697268266
10991,29.0,39.0,5.0,1.0,5.0,2.0,,5.0,2.0,2.0,2.22170506673743
9307,72.0,67.0,5.0,1.0,6.0,3.0,4.0,4.0,1.0,9.0,1.77400689273698
12881,51.0,45.0,5.0,0.0,4.0,2.0,3.0,1.0,2.0,6.0,1.20041109906776
10020,55.0,49.0,6.0,0.0,5.0,3.0,4.0,5.0,2.0,7.0,0.520903605569945
8211,64.0,61.0,6.0,1.0,6.0,3.0,4.0,4.0,2.0,8.0,0.660163839451111
13687,51.0,42.0,5.0,1.0,5.0,3.0,3.0,4.0,4.0,8.0,0.897079350100867
7291,61.0,53.0,4.0,0.0,5.0,3.0,4.0,4.0,3.0,9.0,3.51306229962747
7917,57.0,38.0,3.0,0.0,4.0,2.0,3.0,4.0,2.0,3.0,0.40592901190898
11675,45.0,40.0,5.0,0.0,3.0,2.0,1.0,3.0,3.0,5.0,0.467155267860155
9806,56.0,52.0,5.0,1.0,6.0,3.0,4.0,3.0,2.0,8.0,1.22290085629918
9308,59.0,78.0,7.0,1.0,6.0,3.0,4.0,3.0,2.0,9.0,1.88479646728293
8212,68.0,69.0,5.0,1.0,6.0,3.0,4.0,3.0,2.0,9.0,1.55553010171199
8213,51.0,,3.0,0.0,,3.0,,3.0,,4.0,1.14254483992293
12203,56.0,62.0,5.0,1.0,5.0,2.0,3.0,3.0,1.0,9.0,1.46062467816785
8425,67.0,49.0,6.0,1.0,4.0,3.0,4.0,4.0,2.0,9.0,0.670269722396469
10651,59.0,53.0,6.0,,5.0,3.0,4.0,3.0,2.0,3.0,1.32887395417777
13110,63.0,64.0,6.0,1.0,4.0,3.0,4.0,3.0,2.0,8.0,0.228929776203313
12792,56.0,58.0,5.0,1.0,5.0,3.0,4.0,2.0,1.0,6.0,2.08543044303675
9067,60.0,52.0,5.0,1.0,6.0,3.0,4.0,5.0,2.0,9.0,0.974702746830328
11676,63.0,52.0,4.0,1.0,6.0,3.0,4.0,5.0,2.0,9.0,2.06053393960051
13891,57.0,40.0,1.0,0.0,3.0,1.0,2.0,1.0,3.0,1.0,1.20082490104698
9564,46.0,44.0,5.0,1.0,5.0,3.0,1.0,5.0,1.0,8.0,1.0383072108175
7246,30.0,29.0,1.0,0.0,4.0,1.0,3.0,1.0,3.0,5.0,1.49173050720367
11885,51.0,41.0,4.0,0.0,4.0,2.0,,1.0,1.0,2.0,1.74254924145121
11771,43.0,46.0,4.0,1.0,3.0,3.0,4.0,1.0,3.0,4.0,0.751053373071479
7173,49.0,42.0,4.0,,4.0,1.0,,3.0,1.0,1.0,3.07880051962287
12692,41.0,46.0,5.0,1.0,4.0,3.0,2.0,1.0,2.0,2.0,2.17829935441015
11772,70.0,36.0,4.0,0.0,3.0,3.0,4.0,5.0,2.0,8.0,0.658359391717678
11433,85.0,73.0,7.0,1.0,6.0,2.0,4.0,5.0,1.0,7.0,0.576625060864324
9068,64.0,50.0,5.0,1.0,6.0,2.0,3.0,2.0,1.0,7.0,0.986595378253651
8834,51.0,40.0,2.0,1.0,4.0,2.0,4.0,3.0,1.0,6.0,1.40442073325303
10462,50.0,41.0,5.0,1.0,4.0,3.0,1.0,3.0,3.0,3.0,0.805525700434788
8835,72.0,51.0,5.0,1.0,6.0,3.0,4.0,5.0,2.0,9.0,0.815617648809735
9309,59.0,45.0,6.0,1.0,3.0,3.0,4.0,1.0,2.0,6.0,0.708577399812888
12057,54.0,41.0,4.0,1.0,3.0,3.0,4.0,1.0,3.0,2.0,0.745464253150577
7786,74.0,60.0,5.0,1.0,5.0,2.0,4.0,1.0,2.0,8.0,1.13788634934236
10652,62.0,50.0,4.0,1.0,6.0,3.0,4.0,2.0,2.0,8.0,0.726507079214918
8214,61.0,56.0,5.0,0.0,5.0,3.0,4.0,5.0,2.0,8.0,0.758018141190484
8062,52.0,51.0,5.0,1.0,5.0,3.0,4.0,3.0,2.0,8.0,0.768394659393932
8615,59.0,46.0,4.0,1.0,5.0,3.0,4.0,4.0,2.0,8.0,1.22290085629918
12492,60.0,53.0,5.0,1.0,4.0,2.0,4.0,5.0,2.0,3.0,0.771035483823076
12204,57.0,51.0,5.0,1.0,2.0,1.0,3.0,2.0,1.0,8.0,0.452369318039908
9566,14.0,34.0,3.0,0.0,2.0,3.0,1.0,1.0,1.0,1.0,0.966115213267704
14197,63.0,50.0,5.0,1.0,6.0,3.0,4.0,5.0,1.0,9.0,1.76604652399257
13332,42.0,39.0,5.0,1.0,4.0,2.0,3.0,3.0,3.0,3.0,0.795471114113042
13315,71.0,60.0,5.0,1.0,6.0,3.0,4.0,2.0,2.0,9.0,2.06053393960051
9069,48.0,45.0,5.0,0.0,4.0,3.0,4.0,3.0,1.0,9.0,0.719250277404472
8836,37.0,46.0,4.0,1.0,5.0,1.0,1.0,1.0,1.0,2.0,1.5002680239671
12266,65.0,52.0,5.0,1.0,5.0,3.0,4.0,5.0,1.0,7.0,0.345001951408897
12058,61.0,61.0,6.0,1.0,6.0,3.0,4.0,2.0,2.0,3.0,1.04804731697044
8616,70.0,42.0,4.0,1.0,5.0,3.0,4.0,4.0,2.0,5.0,0.483636013326008
14183,67.0,44.0,4.0,1.0,5.0,3.0,4.0,3.0,2.0,6.0,0.816106912879049
11434,58.0,47.0,3.0,1.0,6.0,2.0,1.0,5.0,2.0,4.0,2.116583057336
10836,64.0,53.0,5.0,1.0,6.0,3.0,4.0,4.0,2.0,7.0,0.540856481636107
7788,68.0,52.0,6.0,1.0,6.0,2.0,4.0,4.0,2.0,9.0,1.71185004733555
8063,35.0,32.0,5.0,0.0,4.0,3.0,1.0,4.0,2.0,1.0,0.831408490012566
12835,49.0,50.0,5.0,1.0,6.0,3.0,4.0,4.0,1.0,6.0,0.623787217567275
14127,53.0,55.0,5.0,0.0,5.0,2.0,4.0,3.0,2.0,6.0,0.581735431939286
13487,48.0,42.0,5.0,0.0,4.0,0.0,3.0,3.0,2.0,3.0,1.18659678782459
10463,79.0,56.0,6.0,1.0,6.0,3.0,4.0,5.0,2.0,8.0,0.604983941676389
13060,60.0,48.0,5.0,0.0,4.0,3.0,,1.0,2.0,1.0,1.43835634949261
10251,39.0,72.0,7.0,1.0,4.0,3.0,2.0,1.0,1.0,2.0,0.306888413797973
7344,72.0,74.0,6.0,1.0,6.0,3.0,4.0,5.0,1.0,8.0,0.482695115657595
9070,39.0,48.0,4.0,0.0,3.0,2.0,1.0,4.0,2.0,8.0,1.20311480401574
12577,42.0,68.0,6.0,0.0,6.0,2.0,1.0,1.0,1.0,1.0,0.978112038537361
7918,38.0,45.0,6.0,,4.0,1.0,,3.0,3.0,1.0,0.563103225143282
14075,60.0,38.0,5.0,1.0,4.0,2.0,,1.0,4.0,1.0,0.962664368189881
9807,61.0,43.0,5.0,1.0,6.0,3.0,4.0,4.0,2.0,9.0,0.974702746830328
9567,48.0,43.0,4.0,1.0,3.0,2.0,3.0,4.0,4.0,8.0,1.17974460869725
11773,61.0,53.0,5.0,0.0,6.0,3.0,4.0,5.0,3.0,3.0,0.567723299864323
13869,36.0,36.0,4.0,0.0,1.0,3.0,1.0,4.0,3.0,3.0,0.692207248723215
8617,50.0,31.0,4.0,0.0,4.0,3.0,3.0,2.0,3.0,6.0,0.96542807721105
11158,67.0,70.0,6.0,1.0,5.0,3.0,4.0,2.0,2.0,7.0,0.456403041109179
7789,52.0,52.0,4.0,1.0,5.0,3.0,4.0,2.0,2.0,6.0,1.3821938071316
12205,48.0,54.0,6.0,0.0,2.0,3.0,1.0,1.0,2.0,1.0,0.452806604339296
12388,58.0,58.0,7.0,1.0,6.0,3.0,4.0,5.0,3.0,5.0,0.752188494163203
10653,75.0,60.0,7.0,1.0,5.0,3.0,4.0,4.0,1.0,9.0,0.478042815117411
10837,39.0,28.0,3.0,0.0,2.0,2.0,2.0,1.0,3.0,6.0,0.533833103325354
14198,58.0,52.0,4.0,1.0,4.0,2.0,4.0,3.0,2.0,7.0,0.191140680503647
14158,26.0,35.0,3.0,0.0,2.0,2.0,1.0,2.0,4.0,1.0,0.861831944316619
13347,50.0,49.0,5.0,1.0,5.0,2.0,4.0,3.0,1.0,2.0,1.24535922030907
10252,70.0,52.0,5.0,0.0,2.0,3.0,4.0,4.0,1.0,8.0,0.731879085087013
9568,53.0,49.0,5.0,1.0,6.0,3.0,4.0,5.0,2.0,8.0,0.721637536684555
8064,47.0,45.0,5.0,1.0,6.0,2.0,3.0,4.0,2.0,5.0,0.499919209713241
9569,49.0,46.0,5.0,1.0,5.0,2.0,3.0,4.0,2.0,8.0,0.700774415325726
7790,63.0,51.0,5.0,0.0,5.0,2.0,4.0,1.0,2.0,6.0,1.12478348014983
10021,71.0,57.0,5.0,1.0,6.0,3.0,4.0,4.0,1.0,8.0,0.50055882262053
13784,64.0,57.0,5.0,0.0,5.0,1.0,4.0,1.0,2.0,3.0,1.31270877879247
11975,89.0,68.0,5.0,1.0,6.0,3.0,4.0,5.0,3.0,5.0,0.492435035640645
10654,49.0,44.0,4.0,1.0,1.0,3.0,4.0,1.0,2.0,3.0,0.692207248723215
8215,61.0,51.0,5.0,0.0,4.0,3.0,4.0,4.0,2.0,9.0,0.986328867452414
9570,58.0,52.0,5.0,0.0,5.0,2.0,4.0,2.0,3.0,8.0,0.596706927257992
9310,61.0,56.0,6.0,1.0,6.0,3.0,4.0,3.0,1.0,8.0,0.526242967949549
7919,63.0,49.0,5.0,1.0,6.0,3.0,4.0,4.0,2.0,8.0,0.604983941676389
7920,51.0,45.0,4.0,1.0,5.0,2.0,4.0,5.0,3.0,7.0,1.23107425024163
10253,49.0,47.0,4.0,0.0,3.0,3.0,1.0,1.0,3.0,9.0,2.83348283675147
7292,14.0,52.0,5.0,1.0,4.0,3.0,2.0,1.0,2.0,1.0,0.591350041291775
10465,70.0,55.0,5.0,1.0,6.0,3.0,4.0,5.0,2.0,8.0,0.36489450196206
13033,49.0,42.0,6.0,1.0,6.0,3.0,4.0,1.0,1.0,6.0,0.950362624418168
7921,37.0,40.0,3.0,0.0,3.0,3.0,1.0,1.0,2.0,1.0,2.14760277435839
12452,68.0,62.0,5.0,1.0,6.0,3.0,4.0,3.0,1.0,6.0,0.943815532668167
9071,63.0,46.0,4.0,1.0,5.0,3.0,4.0,4.0,3.0,7.0,0.91484217551825
9808,61.0,48.0,5.0,1.0,5.0,2.0,4.0,4.0,3.0,9.0,1.71185004733555
11677,55.0,49.0,4.0,0.0,6.0,3.0,4.0,3.0,2.0,1.0,0.778084943678959
8837,61.0,49.0,4.0,1.0,6.0,3.0,4.0,4.0,3.0,8.0,1.27293220885162
9571,63.0,69.0,5.0,1.0,6.0,2.0,3.0,3.0,4.0,6.0,0.548739943332194
8216,78.0,75.0,7.0,1.0,6.0,3.0,4.0,5.0,1.0,9.0,0.655304600164212
12793,29.0,35.0,4.0,1.0,1.0,3.0,2.0,5.0,2.0,6.0,0.861416462637923
7152,56.0,31.0,4.0,0.0,4.0,1.0,3.0,2.0,2.0,6.0,1.34477499431097
12764,79.0,76.0,5.0,1.0,6.0,2.0,4.0,5.0,3.0,3.0,0.704771206546301
9072,56.0,29.0,3.0,0.0,3.0,2.0,3.0,3.0,2.0,6.0,0.570591613855347
8838,65.0,50.0,5.0,1.0,6.0,3.0,4.0,3.0,1.0,9.0,1.13723396500634
13611,68.0,48.0,5.0,1.0,5.0,2.0,4.0,3.0,1.0,2.0,1.29259706247036
11435,48.0,67.0,6.0,0.0,6.0,2.0,4.0,5.0,2.0,2.0,1.08549003346922
11678,62.0,52.0,5.0,1.0,5.0,2.0,4.0,3.0,1.0,7.0,0.547632436553719
13061,48.0,55.0,,1.0,6.0,3.0,3.0,3.0,3.0,8.0,0.700774415325726
9073,50.0,50.0,4.0,1.0,5.0,3.0,1.0,1.0,2.0,1.0,0.512796090871735
10655,53.0,68.0,4.0,1.0,1.0,2.0,4.0,4.0,1.0,4.0,0.805525700434788
14051,53.0,49.0,3.0,0.0,2.0,3.0,3.0,4.0,3.0,2.0,0.775367581990677
13165,68.0,64.0,5.0,1.0,6.0,3.0,4.0,3.0,2.0,5.0,1.05046301190159
10838,58.0,53.0,5.0,1.0,5.0,3.0,3.0,5.0,2.0,8.0,0.527685307715181
13124,57.0,76.0,6.0,1.0,6.0,3.0,4.0,5.0,1.0,8.0,2.30715333021396
7791,70.0,64.0,4.0,0.0,6.0,2.0,4.0,4.0,1.0,9.0,1.71185004733555
9311,37.0,40.0,5.0,0.0,3.0,2.0,3.0,4.0,3.0,2.0,1.01016772555133
12206,64.0,61.0,7.0,0.0,5.0,2.0,1.0,4.0,1.0,2.0,0.675606597203636
13786,86.0,85.0,7.0,1.0,6.0,2.0,4.0,5.0,4.0,1.0,0.744192533870604
10992,49.0,41.0,5.0,1.0,4.0,3.0,3.0,2.0,4.0,5.0,0.950866090425055
9074,79.0,68.0,5.0,1.0,6.0,3.0,4.0,4.0,2.0,9.0,0.904173104480218
13160,41.0,35.0,2.0,0.0,1.0,3.0,1.0,4.0,2.0,2.0,1.88230056686826
7792,41.0,35.0,2.0,1.0,4.0,3.0,,3.0,3.0,3.0,1.82645840637034
13767,60.0,42.0,3.0,1.0,5.0,3.0,4.0,3.0,3.0,7.0,1.20634497094242
11775,60.0,60.0,6.0,1.0,6.0,3.0,4.0,5.0,2.0,8.0,0.467894250142085
11290,62.0,45.0,6.0,1.0,4.0,2.0,4.0,5.0,2.0,7.0,0.796351210429683
10993,42.0,42.0,3.0,0.0,4.0,2.0,2.0,3.0,2.0,7.0,4.39522512394207
13508,53.0,14.0,4.0,0.0,2.0,0.0,2.0,5.0,2.0,2.0,1.21894015631188
9312,65.0,60.0,5.0,1.0,6.0,3.0,4.0,4.0,2.0,9.0,0.684160110180682
7345,56.0,42.0,5.0,1.0,5.0,1.0,4.0,3.0,2.0,7.0,0.690973173278539
7462,39.0,42.0,5.0,0.0,4.0,3.0,,1.0,2.0,2.0,0.965637775607789
13913,46.0,65.0,4.0,0.0,5.0,3.0,1.0,5.0,1.0,7.0,1.21981516268693
7793,76.0,64.0,7.0,1.0,5.0,3.0,4.0,3.0,1.0,9.0,0.756305103092812
13239,60.0,74.0,6.0,1.0,5.0,3.0,4.0,3.0,2.0,9.0,0.680964922559297
8839,78.0,65.0,6.0,0.0,6.0,3.0,4.0,5.0,1.0,9.0,0.815617648809735
9572,52.0,49.0,5.0,1.0,4.0,3.0,3.0,3.0,1.0,9.0,0.951918152925412
7794,45.0,41.0,4.0,0.0,4.0,2.0,3.0,2.0,2.0,7.0,0.462819606241255
10994,66.0,57.0,5.0,1.0,5.0,3.0,4.0,3.0,2.0,9.0,2.8132126634854
9313,49.0,42.0,4.0,1.0,5.0,3.0,3.0,5.0,3.0,8.0,1.30150653538086
10839,68.0,54.0,5.0,1.0,4.0,3.0,4.0,4.0,2.0,8.0,0.604178082510975
9809,34.0,53.0,4.0,1.0,5.0,3.0,2.0,2.0,1.0,1.0,0.811957221818743
8217,45.0,23.0,1.0,0.0,4.0,3.0,3.0,3.0,2.0,7.0,0.565768034600773
9573,57.0,55.0,5.0,1.0,5.0,3.0,3.0,3.0,2.0,6.0,0.566150255806276
12765,73.0,65.0,6.0,1.0,6.0,3.0,4.0,5.0,1.0,9.0,0.928992531052044
9314,35.0,41.0,4.0,0.0,2.0,3.0,4.0,4.0,1.0,5.0,0.821220643861962
8218,31.0,42.0,5.0,1.0,6.0,1.0,2.0,1.0,2.0,1.0,0.42590295813891
11159,48.0,41.0,4.0,1.0,5.0,2.0,4.0,3.0,3.0,6.0,1.91949740642061
11776,58.0,42.0,3.0,1.0,6.0,3.0,4.0,4.0,2.0,3.0,0.659948954960737
11291,68.0,85.0,6.0,1.0,5.0,2.0,4.0,4.0,1.0,4.0,0.420841385977346
12578,49.0,55.0,4.0,0.0,5.0,2.0,3.0,3.0,3.0,4.0,0.39620498174663
8840,54.0,49.0,5.0,1.0,5.0,3.0,4.0,4.0,1.0,1.0,0.671348848732595
13047,30.0,31.0,3.0,0.0,1.0,3.0,1.0,3.0,3.0,1.0,1.43529944892026
10466,52.0,43.0,5.0,1.0,4.0,2.0,4.0,4.0,2.0,6.0,1.75363406633151
7293,52.0,79.0,7.0,1.0,6.0,1.0,2.0,3.0,4.0,1.0,1.00690665658024
10022,57.0,51.0,5.0,0.0,3.0,1.0,2.0,4.0,3.0,5.0,1.6243796686336
10995,45.0,46.0,5.0,0.0,3.0,2.0,,4.0,1.0,8.0,0.451873015529052
10023,59.0,41.0,4.0,1.0,5.0,3.0,4.0,5.0,2.0,7.0,1.13061664336457
7346,53.0,53.0,6.0,1.0,6.0,2.0,4.0,4.0,1.0,9.0,0.719250277404472
10656,55.0,55.0,5.0,1.0,5.0,3.0,4.0,3.0,3.0,9.0,0.49505346992289
8841,49.0,52.0,5.0,0.0,2.0,3.0,4.0,4.0,2.0,6.0,0.579867046325649
14035,74.0,62.0,5.0,1.0,6.0,3.0,4.0,5.0,1.0,9.0,0.651943387792858
10024,33.0,35.0,5.0,0.0,4.0,3.0,1.0,3.0,2.0,5.0,0.749600965576028
14221,39.0,36.0,4.0,0.0,5.0,3.0,2.0,1.0,1.0,2.0,1.33670524059249
10025,70.0,44.0,3.0,0.0,5.0,3.0,4.0,4.0,2.0,8.0,0.428786760176607
9810,57.0,85.0,5.0,1.0,6.0,2.0,4.0,3.0,3.0,9.0,1.12355510817575
8219,67.0,58.0,6.0,1.0,4.0,3.0,4.0,4.0,1.0,9.0,1.33011826739428
12389,64.0,54.0,5.0,1.0,2.0,2.0,4.0,2.0,2.0,4.0,0.595705826954785
8065,40.0,44.0,3.0,0.0,3.0,2.0,1.0,3.0,1.0,3.0,1.01103924078967
10467,48.0,50.0,4.0,1.0,4.0,2.0,2.0,4.0,2.0,2.0,1.0052205433625
11679,44.0,40.0,4.0,1.0,4.0,3.0,4.0,2.0,1.0,2.0,0.843459521826915
14169,51.0,42.0,4.0,1.0,4.0,2.0,,1.0,1.0,8.0,1.98902564965347
9315,51.0,39.0,4.0,1.0,3.0,3.0,,2.0,3.0,9.0,0.943609471048624
7247,29.0,55.0,5.0,1.0,3.0,2.0,1.0,2.0,4.0,7.0,1.94716446303782
10657,48.0,37.0,4.0,1.0,3.0,3.0,3.0,1.0,3.0,2.0,1.23146278036851
10026,29.0,41.0,1.0,1.0,4.0,2.0,1.0,1.0,2.0,1.0,0.849820185247749
9811,33.0,44.0,5.0,1.0,4.0,3.0,3.0,5.0,2.0,7.0,1.87636301370763
11160,63.0,48.0,3.0,0.0,4.0,3.0,4.0,4.0,1.0,9.0,0.632409533026282
9075,39.0,56.0,6.0,0.0,4.0,3.0,4.0,4.0,3.0,6.0,1.34367812540406
8220,52.0,40.0,3.0,1.0,4.0,2.0,3.0,1.0,2.0,8.0,1.13805749142956
8618,95.0,75.0,6.0,1.0,6.0,3.0,4.0,5.0,1.0,9.0,1.10343107657245
9316,28.0,43.0,5.0,0.0,1.0,2.0,1.0,1.0,2.0,4.0,0.967256188839699
13486,29.0,69.0,5.0,1.0,6.0,2.0,1.0,1.0,2.0,6.0,1.39663372017632
8426,62.0,57.0,6.0,0.0,5.0,3.0,4.0,4.0,2.0,8.0,0.768394659393932
9317,54.0,37.0,4.0,0.0,3.0,3.0,4.0,1.0,3.0,6.0,0.856847825223486
12656,66.0,64.0,3.0,0.0,2.0,3.0,,3.0,2.0,8.0,2.02499444128998
9574,59.0,54.0,5.0,1.0,5.0,3.0,4.0,3.0,2.0,8.0,1.18750354950659
13371,59.0,57.0,6.0,1.0,6.0,3.0,4.0,1.0,1.0,9.0,1.33011826739428
8427,57.0,56.0,5.0,1.0,6.0,3.0,3.0,3.0,3.0,8.0,0.941147171835694
10658,74.0,66.0,7.0,1.0,5.0,2.0,4.0,5.0,1.0,8.0,0.428443646566966
13567,32.0,18.0,4.0,0.0,2.0,2.0,1.0,5.0,2.0,1.0,1.19622835520067
13034,50.0,44.0,4.0,1.0,4.0,2.0,3.0,1.0,2.0,2.0,0.811157364334645
11436,35.0,41.0,4.0,1.0,4.0,2.0,1.0,3.0,2.0,3.0,3.77720798113159
10027,60.0,82.0,6.0,1.0,6.0,3.0,4.0,5.0,2.0,9.0,0.613330849282376
8066,35.0,42.0,5.0,0.0,3.0,3.0,1.0,3.0,1.0,4.0,2.13717873043587
9318,67.0,55.0,5.0,1.0,5.0,3.0,4.0,3.0,2.0,6.0,1.86729615836535
8428,33.0,50.0,5.0,1.0,5.0,3.0,1.0,1.0,2.0,2.0,0.478742971766347
11680,58.0,35.0,4.0,1.0,2.0,3.0,4.0,1.0,2.0,8.0,0.472800327199663
10840,59.0,58.0,5.0,1.0,6.0,3.0,4.0,3.0,2.0,9.0,0.651943387792858
8842,58.0,52.0,5.0,1.0,5.0,2.0,3.0,3.0,1.0,3.0,0.692791032753904
9319,61.0,66.0,5.0,1.0,6.0,3.0,4.0,3.0,1.0,8.0,0.646888631698657
8221,62.0,58.0,5.0,0.0,5.0,3.0,4.0,2.0,2.0,9.0,0.986328867452414
13693,67.0,44.0,4.0,0.0,5.0,1.0,4.0,1.0,1.0,3.0,1.71334363791941
10468,55.0,53.0,5.0,0.0,5.0,2.0,2.0,1.0,2.0,8.0,0.572576554817645
10659,68.0,62.0,6.0,1.0,6.0,3.0,4.0,2.0,3.0,8.0,1.43597132467536
11778,38.0,65.0,7.0,1.0,1.0,3.0,4.0,5.0,1.0,5.0,0.467189867906821
11292,46.0,51.0,5.0,0.0,2.0,3.0,3.0,3.0,1.0,8.0,1.51405597295409
9812,27.0,28.0,3.0,0.0,2.0,2.0,1.0,1.0,4.0,3.0,0.474856798281497
10028,58.0,54.0,5.0,1.0,4.0,3.0,3.0,2.0,2.0,6.0,1.39812240552927
7466,57.0,42.0,4.0,0.0,4.0,3.0,,3.0,2.0,4.0,1.19032538982208
13379,55.0,42.0,3.0,0.0,6.0,3.0,4.0,3.0,1.0,8.0,0.610898210745158
13286,38.0,31.0,4.0,1.0,6.0,1.0,1.0,3.0,2.0,5.0,0.824419922812385
12766,61.0,56.0,6.0,1.0,6.0,3.0,4.0,3.0,1.0,8.0,1.34567808582803
9320,54.0,51.0,5.0,1.0,5.0,3.0,4.0,4.0,2.0,7.0,0.559528944584538
13742,59.0,54.0,4.0,1.0,3.0,3.0,2.0,4.0,2.0,5.0,0.492435035640645
7153,59.0,42.0,4.0,0.0,4.0,0.0,,3.0,1.0,8.0,0.924148617842031
9076,52.0,36.0,4.0,0.0,3.0,3.0,3.0,3.0,3.0,9.0,1.71142242819492
9077,47.0,29.0,1.0,0.0,4.0,2.0,,4.0,1.0,3.0,0.699790544167175
9575,74.0,47.0,4.0,1.0,4.0,2.0,4.0,4.0,1.0,1.0,0.887237155619647
13872,45.0,42.0,4.0,0.0,5.0,2.0,1.0,1.0,1.0,3.0,1.79880702218785
12767,57.0,40.0,5.0,0.0,4.0,2.0,4.0,4.0,3.0,4.0,0.672896591685929
11161,72.0,48.0,5.0,1.0,5.0,3.0,4.0,3.0,2.0,8.0,0.57513312609829
7467,65.0,70.0,7.0,0.0,5.0,3.0,4.0,3.0,1.0,9.0,0.651943387792858
8429,54.0,50.0,5.0,1.0,3.0,3.0,3.0,1.0,2.0,7.0,0.493441391818479
8067,35.0,35.0,3.0,0.0,3.0,3.0,1.0,2.0,2.0,3.0,1.07382997539097
10469,63.0,67.0,6.0,1.0,6.0,3.0,4.0,2.0,1.0,4.0,0.394241863638759
13555,37.0,74.0,5.0,1.0,6.0,1.0,3.0,2.0,1.0,7.0,1.91575523859247
9079,63.0,65.0,5.0,1.0,5.0,3.0,4.0,2.0,2.0,8.0,1.27293220885162
8430,72.0,60.0,4.0,0.0,5.0,3.0,4.0,5.0,1.0,7.0,0.487089115240458
11779,59.0,52.0,5.0,0.0,5.0,3.0,4.0,2.0,1.0,6.0,0.572698744103642
13918,29.0,45.0,4.0,1.0,4.0,3.0,4.0,3.0,2.0,6.0,0.660503625024
10996,29.0,58.0,3.0,1.0,2.0,3.0,2.0,3.0,1.0,4.0,1.41623963044899
13416,35.0,52.0,4.0,0.0,5.0,3.0,4.0,1.0,3.0,8.0,0.700774415325726
11162,60.0,43.0,4.0,1.0,4.0,2.0,4.0,2.0,1.0,7.0,0.487992914064358
12860,50.0,73.0,5.0,1.0,6.0,3.0,3.0,3.0,1.0,3.0,1.77748824949006
12657,80.0,76.0,7.0,0.0,6.0,2.0,4.0,4.0,2.0,6.0,0.474009408222484
12997,57.0,52.0,5.0,1.0,5.0,3.0,4.0,4.0,2.0,9.0,0.986328867452414
7922,38.0,47.0,2.0,0.0,6.0,2.0,1.0,4.0,4.0,1.0,1.00773235972176
9813,53.0,56.0,5.0,1.0,6.0,3.0,4.0,3.0,2.0,7.0,0.760532174377619
9814,54.0,42.0,5.0,1.0,2.0,3.0,4.0,4.0,2.0,6.0,1.32756071178087
9576,64.0,51.0,5.0,1.0,5.0,3.0,4.0,5.0,2.0,8.0,0.773123771609444
11780,86.0,73.0,5.0,1.0,6.0,3.0,4.0,2.0,2.0,4.0,0.810703496320475
9321,68.0,61.0,6.0,1.0,6.0,3.0,4.0,5.0,2.0,7.0,0.652738900286057
12390,71.0,61.0,6.0,1.0,6.0,3.0,4.0,5.0,2.0,8.0,1.51405597295409
11293,34.0,23.0,3.0,0.0,2.0,1.0,1.0,3.0,3.0,1.0,1.12314932271992
9322,62.0,56.0,6.0,0.0,4.0,3.0,4.0,5.0,2.0,2.0,0.788580450598168
10660,67.0,43.0,4.0,0.0,6.0,2.0,2.0,1.0,3.0,1.0,1.06355991337509
12981,55.0,42.0,4.0,0.0,2.0,3.0,2.0,1.0,3.0,1.0,1.11661458649369
11573,65.0,57.0,5.0,0.0,6.0,3.0,4.0,1.0,1.0,2.0,0.806766286834418
13783,52.0,36.0,2.0,0.0,4.0,1.0,2.0,3.0,3.0,2.0,0.855364735254584
7796,48.0,59.0,6.0,1.0,5.0,3.0,4.0,3.0,2.0,9.0,1.25706061517228
12882,60.0,67.0,6.0,1.0,6.0,3.0,4.0,3.0,1.0,7.0,1.38335235874961
12267,58.0,54.0,5.0,1.0,6.0,2.0,3.0,3.0,3.0,3.0,0.510604237716714
12928,43.0,37.0,3.0,1.0,5.0,3.0,3.0,3.0,2.0,7.0,0.959400184803773
11437,51.0,40.0,3.0,1.0,3.0,3.0,3.0,5.0,1.0,3.0,0.647300589645439
11976,46.0,60.0,4.0,1.0,4.0,2.0,4.0,3.0,3.0,2.0,0.703622855774183
8431,59.0,58.0,5.0,1.0,5.0,3.0,4.0,5.0,2.0,8.0,1.22290085629918
14175,72.0,51.0,5.0,1.0,3.0,3.0,4.0,3.0,2.0,9.0,0.316835049611977
8843,42.0,43.0,4.0,0.0,3.0,3.0,1.0,1.0,2.0,5.0,1.2015542704267
9323,67.0,75.0,5.0,0.0,6.0,2.0,4.0,4.0,1.0,8.0,0.731086535269289
10254,47.0,55.0,6.0,0.0,2.0,3.0,3.0,1.0,1.0,2.0,1.25302244747033
14165,48.0,37.0,4.0,1.0,6.0,2.0,4.0,1.0,3.0,2.0,1.34004661384644
13419,37.0,39.0,4.0,1.0,3.0,2.0,1.0,3.0,1.0,8.0,1.73430101251456
10997,62.0,72.0,5.0,1.0,6.0,3.0,4.0,2.0,2.0,4.0,0.520414099849917
12207,65.0,56.0,6.0,1.0,6.0,3.0,4.0,3.0,2.0,5.0,0.467701204253611
9577,56.0,50.0,5.0,1.0,2.0,3.0,3.0,3.0,1.0,5.0,0.87387502521174
9815,47.0,50.0,5.0,1.0,3.0,3.0,3.0,2.0,3.0,7.0,0.530358304205861
9080,39.0,32.0,3.0,0.0,2.0,2.0,2.0,4.0,2.0,3.0,1.80026302504794
12998,54.0,50.0,4.0,1.0,2.0,2.0,1.0,1.0,1.0,3.0,0.716924559805053
8844,58.0,44.0,3.0,1.0,2.0,1.0,4.0,1.0,2.0,1.0,1.21686831321662
9578,69.0,55.0,5.0,0.0,5.0,2.0,4.0,2.0,2.0,8.0,0.50424779677292
12208,69.0,47.0,3.0,1.0,6.0,2.0,4.0,3.0,1.0,7.0,0.565768034600773
10029,79.0,82.0,7.0,1.0,6.0,3.0,4.0,4.0,1.0,5.0,0.518039919267035
7176,42.0,51.0,6.0,1.0,4.0,0.0,3.0,3.0,3.0,9.0,0.810600275696189
13586,61.0,46.0,5.0,1.0,4.0,3.0,4.0,4.0,2.0,8.0,0.428443646566966
13631,60.0,46.0,5.0,1.0,4.0,3.0,4.0,4.0,1.0,6.0,0.66001887845439
10470,52.0,56.0,5.0,1.0,6.0,3.0,3.0,3.0,2.0,9.0,0.49505346992289
13079,56.0,42.0,5.0,1.0,5.0,2.0,4.0,5.0,2.0,7.0,0.937970033121979
9324,48.0,43.0,5.0,0.0,3.0,1.0,2.0,3.0,3.0,4.0,1.72808644300317
8222,57.0,65.0,6.0,1.0,5.0,1.0,2.0,3.0,1.0,1.0,1.11509396752696
10030,51.0,43.0,5.0,0.0,2.0,3.0,4.0,1.0,2.0,5.0,0.499919209713241
9081,75.0,49.0,4.0,0.0,5.0,3.0,4.0,5.0,3.0,7.0,1.15419971789236
8068,64.0,51.0,4.0,1.0,5.0,3.0,4.0,4.0,2.0,7.0,0.822553341611347
13174,24.0,47.0,4.0,0.0,1.0,0.0,1.0,1.0,2.0,1.0,0.917188922572685
14088,66.0,67.0,5.0,1.0,6.0,3.0,4.0,4.0,1.0,9.0,1.67150611214261
12059,66.0,60.0,5.0,1.0,6.0,1.0,3.0,4.0,2.0,8.0,1.25208920259093
7294,48.0,42.0,5.0,1.0,4.0,2.0,,,,1.0,0.620041731166083
8223,59.0,44.0,5.0,0.0,5.0,3.0,4.0,4.0,2.0,8.0,0.50055882262053
11977,61.0,52.0,5.0,1.0,5.0,2.0,4.0,2.0,2.0,2.0,0.843459521826915
8845,54.0,47.0,5.0,1.0,5.0,2.0,3.0,1.0,2.0,5.0,0.797982993125363
9082,52.0,65.0,5.0,1.0,5.0,2.0,4.0,4.0,3.0,8.0,1.47780106182218
11781,48.0,40.0,3.0,0.0,3.0,0.0,,2.0,3.0,1.0,1.59425614783063
10662,40.0,33.0,3.0,0.0,4.0,3.0,3.0,3.0,2.0,7.0,0.538746785615965
14157,61.0,54.0,5.0,1.0,5.0,3.0,4.0,3.0,2.0,9.0,0.49505346992289
13514,61.0,47.0,4.0,1.0,5.0,0.0,4.0,4.0,2.0,3.0,0.415509064714806
11886,71.0,53.0,5.0,0.0,5.0,3.0,4.0,4.0,2.0,9.0,0.446504870156368
13309,63.0,48.0,4.0,1.0,3.0,3.0,4.0,1.0,2.0,8.0,2.23570147928599
12268,78.0,78.0,7.0,1.0,4.0,3.0,4.0,2.0,2.0,4.0,0.651464001800686
13718,55.0,68.0,6.0,1.0,6.0,3.0,4.0,4.0,3.0,9.0,0.986328867452414
13962,56.0,30.0,4.0,1.0,4.0,2.0,1.0,3.0,3.0,2.0,1.27951301170063
9579,59.0,42.0,5.0,0.0,4.0,2.0,4.0,1.0,3.0,8.0,1.06631387938446
14207,40.0,47.0,4.0,1.0,5.0,3.0,4.0,3.0,2.0,3.0,0.595961895629272
10663,40.0,31.0,4.0,1.0,3.0,1.0,2.0,1.0,2.0,1.0,1.24231345886585
12209,39.0,29.0,2.0,0.0,2.0,3.0,2.0,1.0,2.0,7.0,1.19433247086715
13481,52.0,57.0,4.0,1.0,6.0,2.0,2.0,3.0,1.0,5.0,3.38517470236849
14161,38.0,38.0,3.0,0.0,4.0,1.0,1.0,3.0,3.0,2.0,1.05954509434181
13715,60.0,54.0,5.0,0.0,6.0,3.0,3.0,4.0,2.0,8.0,0.514907023974309
13072,55.0,53.0,5.0,1.0,5.0,2.0,3.0,3.0,2.0,2.0,1.4100853889709
8433,67.0,77.0,6.0,0.0,5.0,2.0,4.0,2.0,2.0,8.0,1.2562548672455
8620,62.0,51.0,4.0,0.0,6.0,3.0,4.0,3.0,1.0,9.0,1.37791109140587
13553,40.0,47.0,3.0,1.0,2.0,2.0,2.0,1.0,2.0,6.0,1.99234452978255
8846,42.0,39.0,3.0,1.0,2.0,2.0,3.0,3.0,2.0,8.0,1.23096309231429
10031,61.0,47.0,4.0,1.0,5.0,3.0,4.0,1.0,2.0,7.0,0.487992914064358
11574,61.0,45.0,5.0,1.0,6.0,3.0,4.0,3.0,1.0,8.0,0.529356791902151
11978,78.0,64.0,5.0,1.0,6.0,1.0,4.0,5.0,1.0,2.0,0.381163168189635
8224,45.0,42.0,6.0,0.0,3.0,3.0,3.0,2.0,3.0,8.0,0.61862525860499
9580,75.0,78.0,6.0,0.0,4.0,3.0,4.0,5.0,2.0,4.0,0.469976881797809
10255,73.0,60.0,6.0,0.0,6.0,2.0,4.0,3.0,1.0,7.0,0.63022092619849
12579,59.0,48.0,5.0,1.0,5.0,3.0,4.0,5.0,1.0,3.0,1.24594325723057
10664,47.0,31.0,3.0,0.0,3.0,2.0,,4.0,4.0,3.0,1.30186820842126
9325,43.0,45.0,4.0,1.0,5.0,3.0,3.0,3.0,2.0,5.0,1.2659972021872
13175,38.0,43.0,6.0,1.0,3.0,3.0,3.0,2.0,1.0,5.0,0.9927879028302972
14231,74.0,85.0,7.0,1.0,5.0,1.0,3.0,4.0,4.0,5.0,1.54777159399134
13393,42.0,49.0,5.0,1.0,6.0,3.0,1.0,3.0,3.0,7.0,0.783229454178326
7248,50.0,78.0,6.0,1.0,5.0,1.0,,4.0,,8.0,0.534483709241822
10471,72.0,68.0,7.0,1.0,5.0,3.0,4.0,3.0,2.0,8.0,0.904825573701167
8621,65.0,56.0,6.0,0.0,4.0,3.0,4.0,2.0,2.0,7.0,0.520903605569945
12329,45.0,54.0,5.0,1.0,2.0,2.0,4.0,1.0,2.0,8.0,0.810563295511147
10998,71.0,43.0,4.0,1.0,6.0,3.0,4.0,4.0,1.0,7.0,0.331909056955745
10665,52.0,44.0,4.0,1.0,5.0,3.0,2.0,1.0,2.0,2.0,1.84166314965239
13270,36.0,71.0,7.0,1.0,6.0,1.0,3.0,1.0,2.0,9.0,2.5242646696637
14159,56.0,50.0,5.0,0.0,6.0,3.0,4.0,1.0,2.0,1.0,0.90293561465286
9816,64.0,49.0,5.0,1.0,5.0,3.0,3.0,4.0,2.0,8.0,1.51405597295409
10256,51.0,42.0,3.0,0.0,2.0,2.0,1.0,2.0,1.0,2.0,1.3160584391102
10999,49.0,56.0,5.0,1.0,6.0,3.0,4.0,5.0,2.0,7.0,1.41966599379664
11575,58.0,35.0,5.0,0.0,3.0,1.0,3.0,2.0,2.0,5.0,0.509250504075048
13132,47.0,28.0,2.0,0.0,2.0,3.0,3.0,2.0,2.0,3.0,1.65444340976881
11294,24.0,36.0,5.0,0.0,1.0,2.0,1.0,1.0,2.0,3.0,0.868671820639688
8622,49.0,41.0,3.0,1.0,4.0,3.0,3.0,4.0,2.0,3.0,0.491009308549587
9581,46.0,56.0,5.0,1.0,4.0,2.0,4.0,4.0,3.0,9.0,2.26860624785942
10841,53.0,46.0,4.0,1.0,1.0,2.0,3.0,1.0,2.0,6.0,0.467189867906821
13672,49.0,50.0,4.0,1.0,5.0,3.0,2.0,3.0,2.0,3.0,0.493995025785501
7249,49.0,41.0,4.0,0.0,4.0,3.0,2.0,2.0,2.0,8.0,0.768394659393932
13548,95.0,68.0,7.0,1.0,6.0,3.0,4.0,3.0,1.0,9.0,0.682620100673073
9817,56.0,63.0,6.0,1.0,6.0,3.0,4.0,5.0,2.0,9.0,1.94989118330671
8434,68.0,49.0,7.0,1.0,6.0,3.0,4.0,2.0,4.0,7.0,0.528451299601341
7472,49.0,42.0,3.0,1.0,4.0,3.0,3.0,3.0,2.0,5.0,0.909188568757773
11000,81.0,57.0,5.0,1.0,6.0,2.0,4.0,5.0,1.0,9.0,2.06945576945195
14185,37.0,31.0,4.0,0.0,4.0,3.0,1.0,5.0,2.0,4.0,0.989612201230222
10472,51.0,43.0,5.0,0.0,4.0,3.0,4.0,4.0,2.0,5.0,1.11057434167164
9818,44.0,66.0,6.0,1.0,5.0,3.0,4.0,3.0,2.0,6.0,0.583157725350971
11979,35.0,27.0,3.0,0.0,5.0,2.0,4.0,2.0,2.0,1.0,1.60975819147801
13989,45.0,41.0,4.0,0.0,4.0,2.0,1.0,3.0,2.0,1.0,1.02396698908659
9326,61.0,42.0,5.0,1.0,4.0,3.0,4.0,4.0,3.0,5.0,0.483246502016968
12127,71.0,61.0,5.0,1.0,6.0,2.0,4.0,4.0,2.0,6.0,0.6415810323588
9582,65.0,56.0,5.0,1.0,5.0,3.0,4.0,2.0,2.0,3.0,0.595705826954785
11438,63.0,54.0,5.0,1.0,5.0,3.0,3.0,1.0,1.0,2.0,1.07056462073117
13963,65.0,60.0,6.0,0.0,5.0,2.0,4.0,3.0,1.0,4.0,0.974152532473972
12929,52.0,81.0,7.0,1.0,5.0,2.0,4.0,4.0,2.0,9.0,0.43698708559268
11439,69.0,51.0,6.0,0.0,6.0,3.0,4.0,3.0,3.0,5.0,0.581735431939286
10666,72.0,76.0,6.0,1.0,5.0,3.0,4.0,4.0,1.0,7.0,0.496850264809498
9583,59.0,45.0,5.0,1.0,4.0,3.0,4.0,5.0,2.0,5.0,0.500172094237707
9584,68.0,52.0,5.0,1.0,3.0,3.0,4.0,4.0,2.0,5.0,0.606792234260956
11682,59.0,60.0,5.0,1.0,6.0,3.0,4.0,3.0,2.0,8.0,1.70505818772275
8225,64.0,64.0,6.0,0.0,6.0,2.0,2.0,2.0,1.0,3.0,1.46502401363087
8847,44.0,47.0,5.0,1.0,2.0,2.0,1.0,1.0,2.0,1.0,0.711299310232988
13472,46.0,44.0,5.0,,4.0,1.0,4.0,4.0,4.0,8.0,1.15063933648186
11163,83.0,52.0,5.0,0.0,5.0,2.0,4.0,5.0,1.0,9.0,1.3544676187239
11683,54.0,33.0,4.0,0.0,6.0,3.0,4.0,2.0,2.0,5.0,1.04006809608078
10667,64.0,71.0,5.0,1.0,6.0,3.0,4.0,5.0,2.0,5.0,0.856847825223486
12616,46.0,43.0,4.0,0.0,4.0,2.0,3.0,3.0,3.0,2.0,2.52470774993268
9585,65.0,52.0,,1.0,5.0,3.0,4.0,4.0,2.0,7.0,0.883744372067253
9819,67.0,47.0,5.0,1.0,5.0,3.0,4.0,4.0,3.0,8.0,0.792701232969205
9327,55.0,45.0,5.0,1.0,5.0,3.0,4.0,3.0,3.0,3.0,0.813526489788127
11576,62.0,34.0,3.0,0.0,2.0,3.0,4.0,1.0,2.0,5.0,0.515145903900777
14116,49.0,42.0,4.0,1.0,5.0,1.0,,3.0,3.0,6.0,1.52719486474954
9083,80.0,50.0,5.0,0.0,6.0,3.0,4.0,5.0,2.0,8.0,0.378173857317122
8623,62.0,53.0,6.0,0.0,5.0,3.0,4.0,4.0,2.0,9.0,0.335733414356637
9586,67.0,65.0,7.0,1.0,6.0,2.0,1.0,2.0,3.0,1.0,1.00773235972176
8435,14.0,23.0,1.0,0.0,1.0,2.0,,5.0,3.0,4.0,1.20929127811058
12391,49.0,40.0,4.0,0.0,2.0,3.0,,1.0,3.0,1.0,0.562645551100681
7347,27.0,34.0,3.0,0.0,1.0,1.0,2.0,5.0,4.0,8.0,1.61372330815099
10842,18.0,40.0,5.0,1.0,1.0,3.0,3.0,4.0,1.0,8.0,2.70413827463536
9328,82.0,72.0,5.0,0.0,6.0,3.0,4.0,4.0,1.0,9.0,0.677903285457568
11001,79.0,59.0,5.0,1.0,6.0,3.0,4.0,4.0,3.0,7.0,0.486540384025852
13977,55.0,45.0,4.0,1.0,5.0,3.0,1.0,3.0,1.0,8.0,1.28362806379156
9329,57.0,41.0,5.0,0.0,3.0,3.0,4.0,1.0,2.0,6.0,0.830919720533772
7210,51.0,42.0,4.0,0.0,3.0,1.0,2.0,4.0,3.0,6.0,0.9379121198635552
12392,59.0,47.0,5.0,,5.0,3.0,4.0,3.0,1.0,7.0,0.280953637735861
11002,77.0,57.0,6.0,1.0,6.0,3.0,4.0,3.0,1.0,8.0,0.656277545290318
7295,49.0,42.0,4.0,0.0,4.0,2.0,4.0,3.0,3.0,7.0,0.857938234891488
11003,51.0,57.0,6.0,1.0,4.0,3.0,4.0,3.0,2.0,5.0,0.402196767726746
8848,44.0,41.0,5.0,0.0,2.0,2.0,2.0,4.0,2.0,4.0,1.7776209454841
9084,64.0,65.0,5.0,1.0,6.0,3.0,4.0,3.0,1.0,8.0,0.884584775274973
8849,70.0,59.0,5.0,1.0,5.0,3.0,4.0,4.0,1.0,8.0,0.566761134604328
11441,38.0,28.0,4.0,0.0,4.0,3.0,1.0,1.0,3.0,3.0,5.30400808744665
9330,50.0,42.0,4.0,0.0,2.0,3.0,1.0,5.0,3.0,3.0,3.77720798113159
7473,51.0,56.0,6.0,1.0,5.0,3.0,4.0,3.0,2.0,8.0,1.43038080453109
13091,47.0,57.0,6.0,0.0,4.0,2.0,,5.0,3.0,1.0,0.574325422698094
11684,49.0,50.0,4.0,0.0,2.0,3.0,4.0,1.0,2.0,3.0,0.725718616984538
13733,59.0,55.0,4.0,1.0,6.0,1.0,4.0,4.0,3.0,5.0,0.559464165313559
11295,48.0,44.0,4.0,1.0,6.0,3.0,3.0,2.0,1.0,7.0,0.487992914064358
13766,61.0,45.0,,1.0,5.0,3.0,4.0,5.0,1.0,4.0,0.745464253150577
12580,61.0,53.0,5.0,1.0,6.0,3.0,4.0,4.0,2.0,5.0,0.541605881308155
12393,77.0,56.0,5.0,1.0,6.0,3.0,4.0,3.0,3.0,9.0,0.395461080825332
11296,50.0,41.0,4.0,1.0,5.0,3.0,4.0,4.0,3.0,1.0,0.626699645652459
8624,62.0,48.0,5.0,1.0,5.0,0.0,4.0,4.0,1.0,6.0,0.547747212763095
13295,75.0,75.0,6.0,1.0,2.0,3.0,4.0,1.0,1.0,7.0,0.464630535579429
7798,70.0,60.0,6.0,1.0,6.0,3.0,4.0,5.0,2.0,8.0,0.526242967949549
7925,62.0,51.0,6.0,1.0,4.0,3.0,4.0,3.0,1.0,8.0,0.586267861028443
11887,56.0,40.0,5.0,0.0,5.0,3.0,4.0,2.0,2.0,5.0,0.845212713147787
11004,78.0,59.0,5.0,0.0,6.0,2.0,4.0,4.0,1.0,5.0,0.551436338099879
10668,63.0,69.0,5.0,1.0,6.0,2.0,4.0,5.0,1.0,7.0,0.505434552314697
8625,63.0,50.0,5.0,0.0,4.0,3.0,4.0,4.0,2.0,6.0,0.500172094237707
11164,80.0,76.0,7.0,1.0,6.0,3.0,4.0,4.0,2.0,8.0,0.731314255270182
13518,51.0,76.0,5.0,0.0,4.0,3.0,1.0,5.0,1.0,1.0,0.78694711061957
10843,62.0,50.0,5.0,1.0,5.0,3.0,4.0,4.0,1.0,9.0,1.62305550419747
13775,85.0,85.0,6.0,1.0,6.0,2.0,4.0,5.0,1.0,5.0,1.02164532185186
14155,84.0,58.0,6.0,0.0,6.0,3.0,4.0,4.0,1.0,9.0,0.49505346992289
11165,59.0,51.0,4.0,1.0,2.0,2.0,3.0,5.0,1.0,2.0,2.58477240723362
7132,43.0,42.0,4.0,0.0,3.0,2.0,,,,8.0,2.24880176388109
10032,46.0,43.0,6.0,1.0,4.0,3.0,3.0,2.0,2.0,6.0,0.665615373257549
14139,56.0,57.0,4.0,1.0,4.0,3.0,4.0,3.0,2.0,6.0,0.443080058096066
10257,61.0,42.0,4.0,1.0,5.0,3.0,4.0,3.0,2.0,4.0,0.521543407519832
9085,58.0,55.0,5.0,0.0,4.0,2.0,4.0,5.0,1.0,7.0,1.21703859119498
9820,65.0,45.0,5.0,0.0,3.0,2.0,4.0,4.0,1.0,8.0,0.424672064427013
7474,51.0,51.0,5.0,1.0,6.0,3.0,4.0,,,5.0,0.506056221121204
12999,42.0,36.0,3.0,1.0,4.0,3.0,4.0,3.0,1.0,8.0,1.82198928236188
10669,52.0,42.0,4.0,1.0,5.0,3.0,3.0,3.0,2.0,7.0,0.455829022142875
13580,35.0,57.0,4.0,1.0,6.0,3.0,3.0,1.0,2.0,1.0,1.12927800192016
11442,40.0,58.0,5.0,0.0,1.0,3.0,4.0,5.0,2.0,9.0,1.22920384419514
7296,49.0,42.0,4.0,0.0,4.0,1.0,,3.0,1.0,4.0,1.45569750799337
7212,47.0,49.0,5.0,1.0,4.0,3.0,3.0,4.0,2.0,5.0,0.413725483127208
7348,57.0,34.0,3.0,0.0,2.0,2.0,,3.0,2.0,7.0,1.51550699282138
9086,53.0,49.0,6.0,0.0,5.0,1.0,3.0,3.0,4.0,5.0,0.781727563713445
10033,51.0,26.0,1.0,0.0,5.0,3.0,3.0,3.0,2.0,7.0,0.565768034600773
14172,73.0,54.0,5.0,0.0,5.0,3.0,4.0,4.0,1.0,3.0,0.64647964995007
14219,48.0,39.0,5.0,0.0,4.0,2.0,3.0,2.0,1.0,1.0,2.64068768107938
12911,66.0,36.0,4.0,0.0,6.0,3.0,4.0,3.0,2.0,3.0,0.692207248723215
8626,86.0,51.0,5.0,1.0,3.0,2.0,4.0,2.0,2.0,8.0,0.428786760176607
7476,29.0,40.0,4.0,,3.0,2.0,,3.0,2.0,6.0,0.775656304949172
9087,77.0,47.0,5.0,1.0,6.0,3.0,4.0,3.0,2.0,8.0,0.566761134604328
7926,52.0,46.0,5.0,0.0,5.0,3.0,4.0,3.0,2.0,8.0,0.596706927257992
12210,56.0,52.0,7.0,1.0,6.0,3.0,3.0,4.0,2.0,1.0,0.563103225143282
13080,54.0,45.0,5.0,0.0,4.0,3.0,4.0,4.0,3.0,7.0,0.547020836906664
13886,50.0,49.0,6.0,1.0,4.0,3.0,4.0,5.0,1.0,5.0,0.927242017949501
13014,49.0,38.0,4.0,0.0,5.0,2.0,2.0,3.0,3.0,1.0,1.31229400268211
9587,32.0,45.0,5.0,1.0,1.0,3.0,2.0,1.0,2.0,8.0,1.22692387005796
10844,61.0,59.0,5.0,1.0,5.0,3.0,4.0,4.0,2.0,6.0,0.777106431579047
11297,44.0,47.0,5.0,1.0,4.0,2.0,,1.0,1.0,9.0,0.639287502158761
11782,44.0,54.0,4.0,1.0,6.0,3.0,1.0,2.0,1.0,1.0,1.00201326814626
12617,51.0,38.0,,,2.0,3.0,4.0,2.0,3.0,8.0,0.57513312609829
9588,47.0,43.0,3.0,0.0,3.0,1.0,,2.0,3.0,1.0,0.803405533712868
9589,69.0,56.0,5.0,0.0,4.0,3.0,4.0,4.0,1.0,7.0,0.487089115240458
13909,74.0,53.0,5.0,0.0,6.0,3.0,4.0,4.0,3.0,5.0,0.899751340611876
9590,42.0,38.0,4.0,0.0,4.0,1.0,1.0,3.0,3.0,4.0,0.974152532473972
8069,50.0,26.0,2.0,0.0,2.0,2.0,4.0,5.0,3.0,7.0,0.781485603692439
12493,76.0,57.0,4.0,0.0,4.0,3.0,4.0,,1.0,2.0,1.33976972815211
8627,66.0,53.0,5.0,1.0,6.0,3.0,4.0,5.0,2.0,8.0,1.11080607275561
8436,52.0,44.0,6.0,1.0,5.0,3.0,3.0,3.0,1.0,6.0,0.845212713147787
8850,68.0,76.0,6.0,0.0,5.0,3.0,4.0,4.0,2.0,7.0,1.0789181238601
8226,39.0,52.0,2.0,0.0,3.0,1.0,1.0,1.0,3.0,2.0,1.19443227123827
9591,23.0,62.0,6.0,0.0,3.0,3.0,1.0,2.0,3.0,2.0,1.33193053025126
9331,58.0,60.0,5.0,1.0,6.0,3.0,4.0,3.0,2.0,9.0,1.87711392513111
9332,59.0,51.0,6.0,1.0,4.0,3.0,4.0,3.0,2.0,6.0,0.336664609489479
13281,51.0,45.0,5.0,1.0,4.0,3.0,4.0,3.0,2.0,9.0,0.446504870156368
14013,65.0,50.0,5.0,1.0,5.0,3.0,4.0,5.0,2.0,5.0,1.47704431993903
10034,43.0,48.0,5.0,1.0,2.0,2.0,1.0,2.0,2.0,7.0,1.33770529143015
8628,63.0,57.0,6.0,0.0,5.0,3.0,4.0,4.0,2.0,9.0,0.747459938645712
10670,14.0,36.0,3.0,1.0,5.0,2.0,1.0,1.0,3.0,1.0,1.60975819147801
13509,76.0,85.0,6.0,1.0,6.0,3.0,4.0,5.0,1.0,9.0,0.838544918601215
8629,24.0,33.0,5.0,0.0,2.0,3.0,1.0,1.0,1.0,7.0,1.2591191592278
14216,62.0,82.0,3.0,1.0,6.0,1.0,4.0,,,5.0,0.401901593716979
9333,51.0,56.0,5.0,1.0,5.0,3.0,4.0,4.0,2.0,8.0,1.22448994175076
12930,54.0,45.0,4.0,1.0,5.0,3.0,4.0,3.0,2.0,8.0,0.967696667737628
8227,58.0,50.0,5.0,1.0,5.0,2.0,3.0,3.0,2.0,1.0,0.447750796728657
12494,47.0,42.0,5.0,0.0,5.0,3.0,3.0,4.0,2.0,5.0,1.27015081989939
9821,22.0,65.0,5.0,1.0,4.0,1.0,1.0,1.0,2.0,1.0,0.783246230633367
9822,82.0,51.0,5.0,0.0,4.0,3.0,4.0,5.0,1.0,6.0,0.510018381799692
7927,61.0,52.0,5.0,1.0,5.0,3.0,4.0,2.0,2.0,8.0,1.53219300430304
10035,67.0,40.0,2.0,0.0,4.0,0.0,4.0,4.0,2.0,8.0,0.92644465253217
8851,53.0,42.0,3.0,0.0,3.0,2.0,3.0,1.0,2.0,1.0,1.02519171409611
13558,43.0,37.0,5.0,1.0,1.0,3.0,1.0,3.0,2.0,1.0,0.994140600331557
7799,68.0,70.0,7.0,1.0,6.0,3.0,4.0,4.0,1.0,8.0,0.768394659393932
9592,82.0,62.0,5.0,0.0,6.0,3.0,4.0,5.0,2.0,9.0,0.478042815117411
7800,62.0,48.0,5.0,0.0,5.0,3.0,4.0,3.0,2.0,9.0,2.05878806658069
8630,86.0,85.0,7.0,1.0,2.0,2.0,3.0,4.0,4.0,6.0,1.5485755626943
13698,46.0,18.0,5.0,1.0,4.0,2.0,1.0,1.0,3.0,1.0,1.3482473335512
8437,47.0,45.0,4.0,1.0,3.0,3.0,4.0,3.0,2.0,6.0,0.821070388448458
12768,46.0,52.0,4.0,0.0,5.0,1.0,3.0,1.0,2.0,1.0,0.785892620419774
9088,49.0,48.0,4.0,1.0,5.0,3.0,4.0,3.0,1.0,5.0,0.943815532668167
12453,38.0,29.0,3.0,0.0,2.0,3.0,3.0,4.0,3.0,5.0,0.76226322074866
12394,54.0,53.0,5.0,0.0,5.0,3.0,4.0,4.0,2.0,8.0,0.924148617842031
13184,48.0,36.0,3.0,0.0,2.0,3.0,3.0,5.0,2.0,8.0,1.53219300430304
14120,50.0,30.0,1.0,1.0,2.0,1.0,4.0,1.0,2.0,3.0,0.598474569967063
14181,34.0,53.0,5.0,0.0,1.0,2.0,1.0,1.0,2.0,1.0,0.940982990794153
13825,49.0,44.0,4.0,0.0,4.0,3.0,2.0,2.0,3.0,1.0,1.46129280684836
7154,49.0,55.0,3.0,,6.0,1.0,3.0,2.0,3.0,1.0,2.41746375991982
10845,36.0,47.0,6.0,0.0,2.0,3.0,3.0,5.0,3.0,7.0,1.33770529143015
9334,86.0,85.0,6.0,1.0,6.0,3.0,4.0,5.0,2.0,6.0,0.564469225969891
13035,21.0,16.0,2.0,0.0,6.0,3.0,1.0,1.0,2.0,1.0,1.00729098699156
8438,56.0,44.0,5.0,1.0,4.0,3.0,3.0,3.0,2.0,9.0,1.21582742709199
12836,55.0,42.0,5.0,0.0,4.0,3.0,4.0,3.0,1.0,3.0,0.429733339829343
8228,54.0,54.0,5.0,0.0,6.0,3.0,4.0,3.0,1.0,8.0,0.967696667737628
8229,65.0,58.0,5.0,1.0,6.0,3.0,4.0,4.0,2.0,9.0,1.28641024519565
12618,58.0,40.0,5.0,1.0,3.0,3.0,4.0,3.0,1.0,3.0,0.716924559805053
10846,36.0,30.0,5.0,0.0,2.0,0.0,1.0,5.0,2.0,2.0,1.2048141595837
8070,68.0,66.0,6.0,1.0,6.0,3.0,4.0,4.0,1.0,7.0,1.02612396011544
8439,40.0,40.0,4.0,1.0,2.0,3.0,2.0,1.0,2.0,5.0,0.660503625024
7349,66.0,57.0,5.0,1.0,5.0,3.0,4.0,4.0,1.0,8.0,0.975581776812273
9823,53.0,43.0,6.0,0.0,2.0,3.0,3.0,4.0,1.0,5.0,0.763245203570024
12495,42.0,38.0,3.0,1.0,6.0,2.0,1.0,1.0,2.0,2.0,1.98396707962643
11298,28.0,36.0,4.0,1.0,1.0,3.0,2.0,1.0,2.0,7.0,0.540856481636107
11005,70.0,48.0,4.0,1.0,4.0,3.0,4.0,1.0,4.0,7.0,1.25478039110304
9593,39.0,42.0,5.0,1.0,2.0,2.0,3.0,2.0,2.0,6.0,1.71412566189124
10258,42.0,40.0,5.0,0.0,2.0,3.0,3.0,2.0,2.0,3.0,0.64647964995007
12862,38.0,39.0,5.0,0.0,5.0,2.0,3.0,3.0,2.0,5.0,0.616246170526686
13214,61.0,48.0,5.0,1.0,6.0,3.0,4.0,2.0,3.0,4.0,0.938750871021021
10259,66.0,47.0,5.0,1.0,3.0,2.0,4.0,2.0,1.0,8.0,0.389485713688035
9089,66.0,67.0,7.0,0.0,5.0,3.0,4.0,5.0,1.0,7.0,0.820350154635674
11685,49.0,47.0,4.0,0.0,4.0,3.0,4.0,3.0,2.0,8.0,0.34398243134871
12693,51.0,51.0,5.0,1.0,5.0,2.0,3.0,5.0,1.0,4.0,0.653542392899133
13787,56.0,40.0,4.0,0.0,5.0,3.0,3.0,3.0,2.0,1.0,1.19690551365471
12269,85.0,57.0,6.0,,5.0,3.0,4.0,4.0,2.0,7.0,0.487992914064358
8071,54.0,41.0,3.0,1.0,5.0,2.0,4.0,5.0,2.0,9.0,0.957857851035721
13768,54.0,52.0,5.0,,4.0,3.0,3.0,3.0,3.0,5.0,0.312321139961677
13482,79.0,61.0,5.0,1.0,2.0,3.0,4.0,2.0,2.0,6.0,0.483246502016968
11888,41.0,44.0,2.0,1.0,3.0,1.0,1.0,2.0,4.0,1.0,0.867788161750329
9335,66.0,68.0,5.0,0.0,6.0,3.0,4.0,4.0,3.0,8.0,0.721637536684555
10671,25.0,30.0,1.0,0.0,4.0,3.0,1.0,1.0,4.0,2.0,1.76533199251027
11686,27.0,55.0,5.0,1.0,3.0,3.0,2.0,2.0,2.0,4.0,0.431531413535859
8632,57.0,60.0,5.0,1.0,6.0,3.0,4.0,5.0,2.0,9.0,0.928992531052044
10847,56.0,43.0,5.0,0.0,2.0,3.0,4.0,3.0,3.0,7.0,0.487992914064358
14143,81.0,57.0,5.0,0.0,5.0,2.0,4.0,1.0,2.0,2.0,0.843891727419129
13707,76.0,50.0,4.0,1.0,6.0,3.0,4.0,5.0,3.0,9.0,0.674930141367527
12128,54.0,48.0,5.0,1.0,3.0,3.0,3.0,5.0,1.0,6.0,2.46682847544566
10473,51.0,52.0,5.0,0.0,4.0,0.0,,5.0,2.0,3.0,1.31255765390759
10848,56.0,55.0,5.0,1.0,6.0,3.0,4.0,5.0,2.0,6.0,0.533626573361449
11006,55.0,44.0,5.0,1.0,4.0,2.0,4.0,4.0,2.0,5.0,0.507510048355514
12837,76.0,50.0,4.0,0.0,5.0,1.0,3.0,,1.0,2.0,0.514283190331571
8633,65.0,45.0,4.0,1.0,5.0,3.0,4.0,5.0,2.0,9.0,1.14276673103705
9090,50.0,33.0,4.0,0.0,3.0,3.0,4.0,4.0,3.0,5.0,1.5485755626943
8440,59.0,39.0,4.0,0.0,2.0,3.0,4.0,2.0,2.0,5.0,1.31228403859409
12966,48.0,42.0,4.0,0.0,1.0,2.0,1.0,4.0,3.0,8.0,2.13828290153325
14061,46.0,42.0,4.0,1.0,3.0,3.0,1.0,4.0,2.0,9.0,3.27953345602903
14152,63.0,81.0,5.0,1.0,6.0,3.0,3.0,4.0,2.0,6.0,1.022379906537
10672,40.0,29.0,2.0,0.0,1.0,3.0,3.0,4.0,3.0,7.0,1.14675023615601
13636,49.0,32.0,4.0,1.0,3.0,2.0,4.0,1.0,2.0,3.0,1.02248989488802
12694,43.0,37.0,3.0,0.0,6.0,3.0,4.0,4.0,2.0,2.0,0.920246279714658
12951,47.0,56.0,4.0,0.0,5.0,2.0,,2.0,3.0,8.0,0.9572110596575392
9091,78.0,55.0,6.0,1.0,6.0,3.0,4.0,4.0,2.0,9.0,0.788397093004573
8230,55.0,54.0,5.0,1.0,5.0,3.0,4.0,1.0,2.0,9.0,0.957857851035721
13111,53.0,58.0,7.0,1.0,3.0,3.0,4.0,3.0,1.0,4.0,0.64647964995007
11007,53.0,44.0,5.0,1.0,4.0,1.0,4.0,3.0,3.0,2.0,0.597089468668002
10849,32.0,27.0,6.0,0.0,2.0,0.0,,1.0,3.0,1.0,0.812176651438825
8231,73.0,69.0,6.0,0.0,4.0,3.0,4.0,3.0,2.0,8.0,0.658359391717678
8441,40.0,56.0,5.0,1.0,3.0,3.0,3.0,4.0,1.0,7.0,0.617322785008849
9594,71.0,55.0,4.0,0.0,4.0,3.0,4.0,3.0,2.0,7.0,0.207202529402069
14149,72.0,59.0,6.0,1.0,5.0,3.0,4.0,5.0,2.0,6.0,0.474631665580547
11889,44.0,42.0,4.0,1.0,5.0,1.0,1.0,1.0,2.0,8.0,0.46272329678544
12658,51.0,50.0,5.0,0.0,5.0,2.0,4.0,1.0,2.0,1.0,1.15634416353989
13874,64.0,42.0,5.0,1.0,5.0,3.0,4.0,4.0,3.0,6.0,1.32726614157447
10673,28.0,5.0,1.0,0.0,1.0,3.0,1.0,1.0,2.0,1.0,2.61572313614726
10261,37.0,43.0,4.0,1.0,2.0,3.0,1.0,4.0,1.0,3.0,1.1067529590866
13404,65.0,58.0,5.0,,6.0,3.0,4.0,5.0,1.0,7.0,0.493441391818479
9336,64.0,51.0,5.0,1.0,6.0,2.0,4.0,4.0,2.0,8.0,0.493182109086083
9595,46.0,37.0,4.0,0.0,5.0,3.0,4.0,4.0,2.0,8.0,0.61862525860499
14154,50.0,40.0,3.0,1.0,3.0,2.0,4.0,1.0,2.0,5.0,0.495375163584685
8442,51.0,47.0,5.0,0.0,4.0,1.0,4.0,2.0,2.0,8.0,1.25396385103415
13571,71.0,38.0,4.0,1.0,4.0,3.0,4.0,4.0,1.0,7.0,0.610422136535709
11980,72.0,41.0,3.0,1.0,4.0,3.0,4.0,3.0,3.0,7.0,0.191140680503647
8443,54.0,48.0,5.0,1.0,5.0,3.0,4.0,5.0,2.0,7.0,1.27568439757596
13352,76.0,79.0,6.0,1.0,5.0,3.0,4.0,5.0,1.0,9.0,0.478042815117411
11443,41.0,37.0,3.0,0.0,2.0,0.0,1.0,1.0,1.0,2.0,1.20872835323555
8853,68.0,42.0,4.0,0.0,5.0,3.0,4.0,4.0,2.0,6.0,0.495375163584685
12395,72.0,63.0,5.0,1.0,6.0,3.0,4.0,4.0,2.0,9.0,0.986328867452414
10262,88.0,67.0,5.0,1.0,6.0,3.0,4.0,5.0,3.0,9.0,0.64388812807786
11299,63.0,76.0,5.0,1.0,6.0,2.0,4.0,2.0,2.0,7.0,1.65769651955329
7485,47.0,53.0,4.0,1.0,6.0,1.0,4.0,3.0,2.0,3.0,0.631413621928311
12729,53.0,35.0,3.0,1.0,5.0,3.0,3.0,3.0,1.0,2.0,1.07127193550464
12211,54.0,55.0,5.0,1.0,6.0,3.0,4.0,4.0,2.0,2.0,0.262111053363722
12912,54.0,38.0,4.0,0.0,5.0,3.0,3.0,2.0,2.0,2.0,0.679425764389034
11008,33.0,40.0,4.0,1.0,4.0,3.0,3.0,3.0,3.0,3.0,0.728771868041737
8232,46.0,33.0,5.0,0.0,1.0,3.0,2.0,1.0,2.0,5.0,0.876291467311012
13675,68.0,60.0,6.0,0.0,5.0,1.0,2.0,1.0,1.0,1.0,2.32419611837855
10036,68.0,49.0,5.0,0.0,5.0,3.0,4.0,4.0,2.0,9.0,0.654091583106235
11577,52.0,46.0,6.0,1.0,4.0,3.0,4.0,5.0,1.0,8.0,1.12805300228553
7802,14.0,14.0,4.0,0.0,1.0,2.0,1.0,1.0,2.0,7.0,1.17789080637767
14190,95.0,85.0,7.0,1.0,5.0,3.0,4.0,4.0,1.0,9.0,0.68616119564917
9337,50.0,40.0,4.0,0.0,5.0,3.0,4.0,4.0,1.0,8.0,1.00813470900509
9338,58.0,53.0,4.0,1.0,4.0,3.0,4.0,4.0,1.0,7.0,3.52188028955879
7803,54.0,29.0,5.0,,2.0,3.0,,1.0,1.0,1.0,1.12049923788263
11009,50.0,37.0,5.0,1.0,4.0,2.0,1.0,5.0,3.0,3.0,1.68021128555215
9339,43.0,53.0,5.0,1.0,5.0,3.0,3.0,4.0,2.0,8.0,0.9572110596575392
11168,67.0,30.0,2.0,1.0,5.0,2.0,4.0,4.0,2.0,3.0,0.448358921709938
13322,46.0,32.0,4.0,1.0,5.0,3.0,2.0,3.0,1.0,4.0,0.636976760227366
10263,56.0,50.0,5.0,0.0,5.0,2.0,4.0,3.0,1.0,4.0,0.692207248723215
9340,86.0,71.0,6.0,1.0,6.0,3.0,4.0,4.0,1.0,9.0,0.838544918601215
13708,76.0,67.0,6.0,0.0,5.0,3.0,4.0,4.0,1.0,9.0,0.674930141367527
11890,59.0,38.0,4.0,0.0,5.0,3.0,4.0,3.0,2.0,6.0,0.482612950331641
8854,25.0,34.0,3.0,0.0,2.0,3.0,2.0,1.0,3.0,8.0,0.787896320316313
13721,64.0,49.0,6.0,1.0,5.0,3.0,4.0,4.0,2.0,8.0,0.563158231354014
10264,52.0,39.0,4.0,1.0,4.0,2.0,4.0,3.0,1.0,4.0,0.55836542263357
7804,53.0,57.0,5.0,1.0,4.0,3.0,4.0,5.0,2.0,8.0,0.768394659393932
11687,57.0,54.0,5.0,1.0,5.0,3.0,3.0,5.0,2.0,3.0,1.76067434594438
13810,39.0,30.0,4.0,1.0,2.0,3.0,3.0,2.0,2.0,8.0,0.768394659393932
8855,54.0,42.0,4.0,1.0,6.0,3.0,4.0,4.0,2.0,8.0,1.38273459060655
9596,57.0,47.0,5.0,1.0,4.0,2.0,4.0,2.0,2.0,3.0,0.62746322930248
8233,81.0,47.0,5.0,1.0,6.0,2.0,4.0,3.0,4.0,7.0,1.38021570751627
12129,54.0,39.0,4.0,1.0,4.0,2.0,2.0,2.0,3.0,3.0,0.557602495370006
12060,71.0,63.0,6.0,1.0,5.0,3.0,4.0,4.0,3.0,1.0,1.19690551365471
12619,49.0,53.0,4.0,1.0,4.0,3.0,4.0,3.0,2.0,6.0,0.876291467311012
9597,52.0,59.0,4.0,1.0,2.0,2.0,1.0,4.0,2.0,4.0,0.868387282182338
12883,66.0,66.0,3.0,,5.0,1.0,1.0,1.0,2.0,1.0,1.31229400268211
14145,55.0,56.0,5.0,0.0,6.0,3.0,4.0,2.0,1.0,8.0,0.695122086879336
9341,72.0,81.0,6.0,0.0,6.0,3.0,4.0,5.0,2.0,6.0,0.564469225969891
14182,38.0,32.0,4.0,1.0,3.0,2.0,2.0,1.0,3.0,1.0,0.826139422382396
10037,59.0,61.0,6.0,1.0,5.0,3.0,4.0,5.0,2.0,6.0,0.474009408222484
8856,59.0,41.0,5.0,1.0,3.0,3.0,4.0,2.0,2.0,7.0,1.41966599379664
10038,64.0,39.0,4.0,0.0,4.0,3.0,4.0,1.0,1.0,8.0,0.646888631698657
12794,49.0,42.0,4.0,0.0,4.0,2.0,,3.0,3.0,6.0,1.16807222064516
14130,52.0,49.0,4.0,0.0,5.0,1.0,1.0,2.0,3.0,3.0,1.16737906309005
8634,59.0,45.0,4.0,1.0,6.0,3.0,4.0,2.0,2.0,8.0,1.26272842569737
9598,62.0,47.0,5.0,1.0,5.0,3.0,4.0,5.0,2.0,6.0,0.507510048355514
7805,59.0,70.0,7.0,1.0,6.0,1.0,,4.0,2.0,5.0,0.935249882760383
8444,67.0,51.0,5.0,0.0,6.0,3.0,4.0,4.0,2.0,9.0,0.788397093004573
12695,56.0,42.0,3.0,0.0,5.0,2.0,4.0,2.0,3.0,8.0,0.566761134604328
7250,47.0,42.0,4.0,0.0,5.0,2.0,3.0,2.0,2.0,9.0,1.76604652399257
11300,60.0,50.0,5.0,1.0,5.0,2.0,4.0,3.0,2.0,5.0,0.733536246315444
10851,57.0,46.0,5.0,1.0,5.0,2.0,4.0,4.0,2.0,9.0,0.61945483555332
12769,85.0,60.0,5.0,1.0,6.0,2.0,4.0,4.0,1.0,8.0,0.379483496644086
8073,48.0,40.0,4.0,1.0,4.0,3.0,3.0,3.0,2.0,7.0,0.781485603692439
13975,68.0,55.0,5.0,1.0,4.0,2.0,4.0,4.0,1.0,7.0,1.29949935468779
9342,61.0,47.0,5.0,1.0,5.0,3.0,4.0,3.0,1.0,8.0,1.18209793926914
7928,57.0,45.0,6.0,1.0,5.0,1.0,1.0,2.0,1.0,4.0,1.0052205433625
12543,46.0,42.0,4.0,0.0,4.0,1.0,3.0,2.0,2.0,2.0,1.23631177549166
9092,48.0,44.0,4.0,1.0,5.0,3.0,3.0,2.0,3.0,5.0,1.19819391412411
10474,69.0,60.0,5.0,0.0,6.0,3.0,4.0,2.0,1.0,9.0,1.93850061768621
12270,55.0,43.0,4.0,1.0,4.0,3.0,4.0,5.0,3.0,6.0,0.463876587904016
13000,56.0,52.0,5.0,1.0,5.0,3.0,3.0,2.0,2.0,2.0,0.50508362526986
8445,59.0,49.0,4.0,1.0,4.0,3.0,4.0,4.0,2.0,8.0,0.702223705657239
12330,37.0,57.0,4.0,0.0,2.0,3.0,2.0,2.0,1.0,1.0,0.987120411082966
13649,54.0,52.0,4.0,1.0,2.0,2.0,,1.0,3.0,1.0,1.05361647377005
13036,64.0,56.0,5.0,1.0,5.0,2.0,4.0,4.0,1.0,5.0,0.392571143705642
7251,40.0,53.0,7.0,1.0,5.0,0.0,3.0,2.0,3.0,1.0,1.35848687173872
8857,36.0,62.0,4.0,1.0,4.0,3.0,2.0,4.0,1.0,3.0,0.652935319295768
9599,57.0,42.0,5.0,0.0,5.0,3.0,4.0,1.0,3.0,7.0,1.27568439757596
9824,58.0,44.0,4.0,1.0,5.0,2.0,4.0,3.0,2.0,9.0,1.25347460384246
11169,65.0,51.0,5.0,1.0,5.0,3.0,4.0,4.0,2.0,7.0,0.631349786554216
7488,36.0,42.0,4.0,1.0,4.0,3.0,,4.0,3.0,5.0,0.927699371408609
10265,86.0,71.0,6.0,1.0,6.0,1.0,4.0,2.0,1.0,6.0,1.32394228023625
7350,49.0,42.0,1.0,0.0,4.0,0.0,2.0,3.0,2.0,2.0,1.2556333819459
7297,30.0,45.0,4.0,1.0,4.0,0.0,4.0,1.0,3.0,1.0,1.44717827582639
8446,23.0,63.0,3.0,1.0,1.0,0.0,,3.0,1.0,1.0,2.26285746137727
8858,33.0,36.0,3.0,1.0,3.0,1.0,1.0,1.0,2.0,2.0,1.00610083250194
12620,43.0,34.0,3.0,0.0,4.0,3.0,3.0,1.0,2.0,9.0,1.14093362145229
13634,48.0,60.0,7.0,0.0,2.0,2.0,,2.0,1.0,5.0,1.76510425858158
11578,70.0,58.0,6.0,1.0,6.0,3.0,4.0,1.0,2.0,8.0,0.763417227867406
10674,48.0,38.0,3.0,1.0,4.0,2.0,3.0,2.0,1.0,4.0,0.557678007851231
12544,69.0,54.0,5.0,1.0,5.0,3.0,4.0,5.0,2.0,7.0,0.740039742542751
10039,34.0,30.0,5.0,1.0,1.0,2.0,1.0,1.0,3.0,2.0,1.29257634075048
8447,49.0,35.0,4.0,0.0,4.0,3.0,4.0,5.0,3.0,8.0,0.526242967949549
11301,56.0,68.0,5.0,1.0,4.0,3.0,4.0,5.0,3.0,6.0,0.467155267860155
7156,51.0,43.0,5.0,1.0,3.0,0.0,3.0,1.0,3.0,1.0,0.639515233996807
9825,57.0,41.0,3.0,1.0,2.0,3.0,4.0,1.0,1.0,8.0,0.43129800200973
12271,58.0,45.0,5.0,1.0,4.0,2.0,4.0,3.0,2.0,5.0,2.64949439160044
7214,50.0,43.0,2.0,,3.0,0.0,,,,4.0,1.01189056954549
11444,83.0,47.0,5.0,0.0,6.0,3.0,4.0,3.0,2.0,9.0,0.307781199232946
11445,65.0,48.0,5.0,1.0,2.0,2.0,3.0,1.0,1.0,2.0,0.747785192985435
12884,67.0,47.0,6.0,1.0,5.0,3.0,4.0,4.0,2.0,8.0,1.20394609633599
7133,52.0,,4.0,0.0,,0.0,,,,3.0,1.01103924078967
10675,79.0,78.0,7.0,1.0,6.0,3.0,4.0,4.0,2.0,8.0,0.57682275648546
10040,22.0,77.0,6.0,1.0,6.0,3.0,1.0,4.0,1.0,8.0,0.722202242373155
9093,50.0,46.0,5.0,0.0,3.0,3.0,,3.0,2.0,7.0,1.30234812304287
14166,40.0,48.0,5.0,0.0,3.0,2.0,1.0,1.0,1.0,7.0,0.513132200315666
14135,43.0,56.0,5.0,0.0,3.0,2.0,4.0,1.0,3.0,5.0,0.419920211574559
11171,35.0,50.0,4.0,1.0,2.0,3.0,2.0,1.0,2.0,2.0,1.06960085912194
11446,53.0,53.0,6.0,1.0,5.0,3.0,4.0,2.0,1.0,4.0,0.703622855774183
7929,50.0,31.0,4.0,0.0,3.0,1.0,2.0,4.0,3.0,8.0,0.941147171835694
10475,55.0,51.0,5.0,1.0,6.0,2.0,4.0,1.0,2.0,6.0,0.467189867906821
9343,34.0,27.0,3.0,1.0,1.0,2.0,1.0,2.0,3.0,1.0,0.691478516864794
11981,63.0,54.0,5.0,1.0,4.0,3.0,4.0,3.0,2.0,8.0,0.736895498823576
11302,65.0,53.0,5.0,1.0,6.0,2.0,4.0,4.0,1.0,8.0,1.20376504586239
12396,59.0,57.0,6.0,1.0,5.0,3.0,4.0,3.0,2.0,8.0,0.884584775274973
8448,41.0,51.0,6.0,1.0,3.0,3.0,4.0,2.0,2.0,7.0,1.2591191592278
8449,53.0,38.0,5.0,0.0,4.0,2.0,4.0,3.0,3.0,9.0,1.44682141769698
10041,49.0,46.0,3.0,1.0,4.0,3.0,4.0,5.0,2.0,3.0,1.04637259015091
13965,70.0,57.0,6.0,1.0,6.0,2.0,4.0,4.0,3.0,7.0,1.40321760746455
11172,44.0,43.0,7.0,1.0,1.0,2.0,4.0,5.0,1.0,9.0,1.0304991601358
11783,58.0,65.0,6.0,1.0,6.0,3.0,4.0,5.0,1.0,6.0,0.359982757159428
11012,56.0,46.0,4.0,1.0,4.0,3.0,4.0,5.0,2.0,6.0,0.353565343769126
8074,47.0,48.0,5.0,0.0,4.0,3.0,3.0,3.0,3.0,7.0,1.34642713223461
11013,70.0,64.0,5.0,1.0,6.0,3.0,4.0,4.0,2.0,9.0,1.41112848265232
10267,48.0,56.0,5.0,1.0,2.0,3.0,3.0,1.0,1.0,7.0,0.770781714093263
12062,55.0,56.0,5.0,1.0,4.0,2.0,2.0,1.0,1.0,2.0,1.11132432033996
10852,49.0,46.0,5.0,1.0,4.0,3.0,,5.0,3.0,6.0,2.39124060305604
13287,65.0,77.0,7.0,1.0,6.0,3.0,4.0,4.0,1.0,9.0,0.673477740553127
13804,70.0,55.0,5.0,0.0,5.0,3.0,4.0,3.0,1.0,7.0,0.456403041109179
10042,69.0,38.0,4.0,0.0,1.0,3.0,4.0,4.0,2.0,1.0,0.933244003231418
12130,43.0,35.0,3.0,1.0,4.0,2.0,2.0,4.0,1.0,5.0,1.06396084400036
11447,59.0,60.0,5.0,0.0,6.0,3.0,4.0,5.0,2.0,7.0,0.504227345910683
10853,75.0,47.0,4.0,1.0,6.0,3.0,4.0,4.0,1.0,4.0,2.418183619892
11688,65.0,44.0,5.0,1.0,4.0,2.0,2.0,3.0,3.0,6.0,0.542251533909329
13536,58.0,60.0,7.0,1.0,5.0,2.0,4.0,4.0,4.0,7.0,1.41515264017311
9600,62.0,52.0,5.0,1.0,4.0,3.0,4.0,5.0,2.0,9.0,1.24486604633241
11784,45.0,42.0,4.0,1.0,5.0,2.0,1.0,2.0,2.0,1.0,0.771616902753334
10476,82.0,64.0,4.0,1.0,6.0,3.0,4.0,3.0,1.0,8.0,0.40475181972805
12885,39.0,22.0,1.0,1.0,1.0,2.0,3.0,3.0,2.0,1.0,2.5220282707845
13342,55.0,69.0,5.0,1.0,4.0,3.0,4.0,5.0,2.0,6.0,1.24463811034722
7298,42.0,42.0,3.0,1.0,4.0,1.0,4.0,1.0,2.0,8.0,0.912678220851513
11173,65.0,41.0,5.0,1.0,2.0,3.0,4.0,1.0,2.0,6.0,0.54028847985427
8075,43.0,42.0,4.0,0.0,4.0,1.0,3.0,5.0,2.0,6.0,0.9247190938320972
9826,37.0,56.0,6.0,0.0,5.0,1.0,1.0,3.0,3.0,1.0,1.80394667263103
14195,66.0,85.0,7.0,1.0,6.0,2.0,4.0,5.0,1.0,8.0,1.63552660547092
10477,50.0,52.0,5.0,0.0,3.0,2.0,1.0,4.0,2.0,3.0,1.65044527373294
10676,41.0,50.0,5.0,1.0,4.0,3.0,1.0,4.0,2.0,7.0,1.51550699282138
8234,54.0,39.0,4.0,1.0,5.0,3.0,3.0,3.0,3.0,6.0,0.809259913657647
9827,62.0,53.0,5.0,1.0,4.0,3.0,4.0,4.0,2.0,9.0,1.37192205162461
11448,65.0,85.0,7.0,,6.0,2.0,4.0,2.0,1.0,8.0,0.984429761359689
9828,63.0,68.0,6.0,0.0,6.0,2.0,4.0,5.0,2.0,5.0,0.600582319965818
8450,74.0,70.0,5.0,1.0,6.0,3.0,4.0,5.0,2.0,7.0,0.617322785008849
7215,47.0,41.0,5.0,,4.0,0.0,3.0,2.0,2.0,5.0,0.723840852649822
8635,51.0,55.0,5.0,1.0,6.0,1.0,1.0,4.0,3.0,3.0,1.04518051687367
8859,73.0,47.0,4.0,1.0,5.0,3.0,4.0,3.0,1.0,7.0,0.649254894096317
11449,69.0,53.0,5.0,1.0,6.0,2.0,4.0,3.0,3.0,7.0,0.289271779438408
10043,59.0,47.0,4.0,1.0,6.0,3.0,4.0,2.0,1.0,8.0,1.01477043181415
9344,54.0,56.0,7.0,1.0,5.0,1.0,,2.0,1.0,9.0,2.99816849063498
12931,44.0,53.0,5.0,1.0,2.0,3.0,4.0,3.0,2.0,5.0,0.402196767726746
9829,69.0,75.0,7.0,1.0,5.0,3.0,4.0,3.0,2.0,7.0,0.455829022142875
13362,56.0,54.0,5.0,1.0,5.0,1.0,4.0,5.0,3.0,7.0,0.731023877349905
7930,59.0,60.0,5.0,1.0,6.0,3.0,4.0,4.0,1.0,8.0,0.476962626107654
9830,57.0,45.0,5.0,1.0,6.0,3.0,4.0,3.0,2.0,9.0,0.49505346992289
8235,55.0,51.0,5.0,1.0,6.0,3.0,4.0,4.0,2.0,8.0,0.658359391717678
12545,51.0,49.0,5.0,1.0,3.0,2.0,1.0,3.0,2.0,1.0,1.33860970672399
13603,65.0,82.0,6.0,1.0,6.0,2.0,4.0,4.0,1.0,9.0,0.788397093004573
9601,61.0,55.0,5.0,1.0,4.0,3.0,4.0,4.0,2.0,6.0,0.54352247974711
13517,53.0,57.0,7.0,1.0,6.0,2.0,4.0,1.0,1.0,4.0,0.477437883610654
10268,78.0,61.0,6.0,0.0,5.0,3.0,4.0,5.0,1.0,6.0,0.611483232880643
13503,95.0,85.0,7.0,1.0,6.0,3.0,4.0,1.0,1.0,9.0,0.830395073862317
8236,71.0,52.0,3.0,0.0,6.0,3.0,4.0,3.0,1.0,3.0,1.55296564142575
8860,45.0,45.0,4.0,1.0,5.0,2.0,2.0,4.0,2.0,6.0,1.16807222064516
12795,61.0,65.0,5.0,0.0,4.0,3.0,4.0,,3.0,1.0,0.859571412604431
13594,58.0,62.0,6.0,1.0,3.0,3.0,4.0,2.0,2.0,5.0,0.893147031235054
9345,61.0,44.0,3.0,1.0,6.0,1.0,4.0,2.0,3.0,2.0,0.656104740732333
10479,55.0,52.0,4.0,1.0,6.0,2.0,,5.0,1.0,1.0,3.24855866400752
11014,58.0,43.0,5.0,1.0,2.0,3.0,3.0,1.0,1.0,4.0,0.441771593686262
12621,49.0,35.0,4.0,0.0,2.0,3.0,4.0,4.0,2.0,8.0,0.326852542366742
9831,54.0,55.0,5.0,1.0,5.0,3.0,4.0,3.0,2.0,9.0,1.28027866191746
10480,66.0,58.0,,1.0,6.0,3.0,4.0,3.0,1.0,9.0,0.815617648809735
13112,37.0,44.0,4.0,0.0,3.0,3.0,1.0,3.0,3.0,6.0,2.23974300198261
10854,63.0,56.0,4.0,0.0,4.0,3.0,4.0,3.0,2.0,2.0,0.958349504017757
8237,45.0,39.0,5.0,1.0,3.0,1.0,,2.0,3.0,7.0,3.23887023369753
8636,58.0,79.0,3.0,,5.0,1.0,,5.0,3.0,1.0,0.887636001563208
11451,54.0,16.0,3.0,0.0,1.0,3.0,1.0,1.0,3.0,2.0,1.66627188472497
13921,35.0,57.0,5.0,1.0,3.0,3.0,3.0,4.0,1.0,3.0,0.869295830863118
11891,75.0,50.0,5.0,0.0,5.0,3.0,4.0,4.0,1.0,1.0,1.10886132264254
9832,74.0,43.0,4.0,0.0,5.0,2.0,4.0,3.0,3.0,9.0,1.89001611342822
10481,44.0,32.0,4.0,0.0,1.0,3.0,2.0,3.0,1.0,5.0,0.693519366044758
13275,74.0,65.0,6.0,1.0,6.0,3.0,4.0,4.0,1.0,8.0,0.693293144469973
11579,55.0,58.0,5.0,1.0,5.0,3.0,4.0,2.0,1.0,8.0,0.400689567546821
10269,75.0,56.0,5.0,0.0,4.0,3.0,4.0,4.0,2.0,9.0,0.873270710591611
8861,25.0,28.0,1.0,0.0,1.0,2.0,1.0,,1.0,1.0,1.5062559280579
13259,32.0,12.0,1.0,0.0,2.0,2.0,,1.0,3.0,1.0,0.639515233996807
9094,60.0,61.0,5.0,1.0,6.0,3.0,4.0,4.0,1.0,8.0,0.566148813903296
13563,69.0,62.0,5.0,0.0,5.0,3.0,4.0,5.0,1.0,8.0,0.682678132153373
9833,43.0,49.0,5.0,0.0,1.0,3.0,3.0,1.0,2.0,8.0,1.29790052559854
8238,51.0,45.0,5.0,0.0,6.0,2.0,2.0,1.0,2.0,1.0,1.00773235972176
10270,58.0,44.0,5.0,1.0,4.0,2.0,4.0,3.0,2.0,8.0,0.633688254310869
14167,46.0,37.0,3.0,0.0,3.0,1.0,2.0,3.0,3.0,8.0,0.768906137818262
14131,57.0,44.0,4.0,1.0,3.0,2.0,1.0,1.0,2.0,2.0,0.618032733421174
14128,73.0,66.0,5.0,1.0,6.0,3.0,4.0,1.0,2.0,7.0,0.289271779438408
14192,25.0,55.0,6.0,1.0,1.0,2.0,1.0,3.0,2.0,3.0,1.72808644300317
7806,52.0,43.0,5.0,0.0,4.0,3.0,3.0,5.0,3.0,7.0,1.18761455431409
13984,75.0,64.0,6.0,1.0,6.0,3.0,4.0,4.0,1.0,9.0,0.944791046346529
13037,73.0,56.0,5.0,0.0,5.0,3.0,4.0,3.0,2.0,5.0,0.475634403398036
10677,37.0,24.0,1.0,0.0,2.0,2.0,3.0,1.0,2.0,1.0,0.578773429170509
8239,62.0,54.0,5.0,1.0,6.0,2.0,4.0,5.0,2.0,4.0,1.77556301796287
8240,44.0,43.0,5.0,1.0,4.0,3.0,3.0,3.0,3.0,2.0,1.47404723157003
12272,51.0,43.0,5.0,0.0,3.0,3.0,3.0,4.0,1.0,7.0,1.10537826879673
13562,50.0,52.0,3.0,1.0,3.0,3.0,4.0,1.0,2.0,8.0,0.768394659393932
9095,70.0,57.0,6.0,1.0,5.0,2.0,,1.0,3.0,4.0,1.63820545076067
10044,95.0,74.0,7.0,0.0,4.0,3.0,4.0,5.0,1.0,6.0,0.533833103325354
11303,57.0,56.0,5.0,1.0,6.0,3.0,4.0,4.0,1.0,7.0,1.45654741912342
7931,70.0,85.0,7.0,0.0,6.0,3.0,4.0,5.0,2.0,9.0,0.788397093004573
14201,68.0,47.0,5.0,0.0,4.0,3.0,4.0,3.0,2.0,8.0,0.228929776203313
13800,51.0,29.0,2.0,0.0,5.0,3.0,4.0,2.0,1.0,3.0,0.92640661363468
8451,34.0,37.0,4.0,1.0,1.0,3.0,1.0,1.0,2.0,3.0,0.876540459997036
10271,49.0,45.0,4.0,0.0,4.0,3.0,2.0,1.0,2.0,4.0,1.22262502978166
10045,61.0,62.0,6.0,1.0,6.0,3.0,4.0,2.0,1.0,9.0,0.845508501355146
8863,51.0,42.0,1.0,0.0,3.0,2.0,1.0,2.0,2.0,1.0,2.41421291046965
8241,33.0,32.0,3.0,1.0,3.0,2.0,1.0,1.0,1.0,3.0,1.4743203473375
9346,34.0,43.0,4.0,0.0,3.0,2.0,1.0,1.0,3.0,1.0,0.815595753565423
14142,58.0,54.0,5.0,1.0,6.0,3.0,4.0,3.0,2.0,9.0,1.41914649967807
10678,49.0,58.0,6.0,1.0,5.0,3.0,3.0,3.0,1.0,3.0,0.974152532473972
11174,60.0,51.0,5.0,1.0,3.0,2.0,3.0,4.0,2.0,5.0,0.33397144248387
9602,67.0,67.0,5.0,1.0,6.0,3.0,4.0,3.0,2.0,7.0,1.59141520881005
12796,47.0,44.0,5.0,1.0,4.0,3.0,4.0,2.0,1.0,2.0,0.617065104906871
12696,39.0,34.0,4.0,0.0,2.0,3.0,2.0,1.0,2.0,1.0,1.86851631763336
12581,55.0,57.0,4.0,0.0,5.0,2.0,4.0,5.0,2.0,6.0,1.59100007700872
9096,87.0,85.0,6.0,0.0,5.0,2.0,4.0,5.0,1.0,7.0,0.63022092619849
13493,47.0,42.0,4.0,0.0,5.0,3.0,3.0,1.0,1.0,7.0,0.657110906386928
12582,46.0,48.0,5.0,1.0,3.0,3.0,4.0,3.0,2.0,9.0,0.886938624535268
10046,62.0,55.0,5.0,1.0,6.0,3.0,4.0,4.0,2.0,4.0,1.10872472220799
12820,43.0,22.0,3.0,0.0,1.0,3.0,1.0,1.0,4.0,1.0,0.993800313797729
13394,46.0,79.0,7.0,1.0,6.0,2.0,1.0,1.0,4.0,3.0,1.93241349741536
11785,29.0,21.0,4.0,0.0,1.0,3.0,1.0,3.0,2.0,1.0,0.746220546756788
11580,65.0,43.0,5.0,0.0,4.0,2.0,4.0,3.0,3.0,2.0,0.745464253150577
7252,47.0,35.0,5.0,0.0,3.0,3.0,3.0,4.0,3.0,5.0,1.85848245229071
8637,33.0,68.0,5.0,0.0,2.0,2.0,1.0,2.0,1.0,4.0,1.28292272477278
13358,47.0,41.0,5.0,0.0,3.0,2.0,3.0,2.0,2.0,1.0,1.64459117282921
13323,63.0,69.0,6.0,0.0,6.0,3.0,4.0,5.0,2.0,8.0,0.941147171835694
14087,53.0,57.0,5.0,0.0,4.0,0.0,,5.0,2.0,2.0,2.22032836064745
12397,53.0,47.0,5.0,0.0,5.0,2.0,4.0,3.0,2.0,4.0,0.588014784990767
10482,58.0,41.0,5.0,1.0,4.0,3.0,4.0,4.0,2.0,4.0,0.557602495370006
13113,64.0,41.0,4.0,1.0,4.0,1.0,1.0,2.0,2.0,4.0,0.771035483823076
11175,61.0,50.0,5.0,1.0,5.0,3.0,4.0,4.0,2.0,6.0,1.73756431982691
9834,44.0,53.0,6.0,1.0,2.0,3.0,4.0,2.0,2.0,8.0,0.400155835428909
12622,56.0,43.0,4.0,0.0,4.0,3.0,3.0,3.0,2.0,4.0,0.672896591685929
10855,34.0,50.0,4.0,1.0,2.0,1.0,1.0,1.0,2.0,1.0,0.722957424683545
7253,46.0,52.0,4.0,1.0,6.0,1.0,2.0,3.0,1.0,1.0,0.746220546756788
10047,52.0,36.0,3.0,0.0,4.0,2.0,4.0,4.0,3.0,4.0,0.597089468668002
11304,44.0,43.0,4.0,0.0,3.0,1.0,4.0,3.0,4.0,1.0,0.806641766805092
11982,59.0,41.0,5.0,1.0,5.0,3.0,4.0,2.0,3.0,7.0,0.297061426267671
12583,69.0,78.0,6.0,1.0,6.0,3.0,4.0,4.0,1.0,9.0,2.06945576945195
11015,53.0,56.0,5.0,1.0,4.0,3.0,4.0,3.0,3.0,8.0,0.757977430312413
11452,58.0,46.0,5.0,0.0,4.0,3.0,4.0,3.0,2.0,4.0,0.636205728201987
13795,54.0,42.0,4.0,0.0,4.0,2.0,2.0,2.0,2.0,2.0,2.37501917322011
14140,27.0,58.0,4.0,1.0,6.0,1.0,1.0,2.0,1.0,1.0,1.61370170222011
10048,71.0,71.0,5.0,1.0,4.0,2.0,3.0,4.0,4.0,4.0,0.854347714338186
9097,68.0,43.0,5.0,0.0,2.0,3.0,4.0,4.0,2.0,8.0,0.658630030679796
13906,36.0,64.0,6.0,1.0,5.0,3.0,4.0,2.0,4.0,7.0,2.00821373805539
13644,65.0,61.0,7.0,1.0,6.0,2.0,4.0,1.0,1.0,8.0,0.9113132250607772
9098,55.0,57.0,5.0,1.0,5.0,2.0,4.0,2.0,1.0,9.0,1.136270396264
10272,81.0,67.0,6.0,1.0,6.0,3.0,4.0,4.0,1.0,9.0,0.721776282697989
11453,56.0,57.0,6.0,1.0,6.0,3.0,4.0,4.0,2.0,3.0,0.566556007018854
9603,70.0,47.0,4.0,1.0,6.0,3.0,4.0,3.0,2.0,8.0,0.566761134604328
9099,34.0,74.0,7.0,1.0,2.0,3.0,4.0,3.0,1.0,8.0,0.61862525860499
13081,73.0,85.0,7.0,1.0,6.0,3.0,4.0,5.0,1.0,3.0,0.332669144616996
11016,47.0,47.0,2.0,1.0,2.0,1.0,1.0,2.0,4.0,4.0,2.00898514221563
12546,83.0,63.0,5.0,1.0,6.0,2.0,4.0,3.0,2.0,8.0,1.56426204315888
10049,49.0,50.0,5.0,1.0,5.0,1.0,3.0,1.0,2.0,1.0,0.601127943590114
13276,48.0,49.0,4.0,1.0,5.0,3.0,3.0,5.0,1.0,4.0,0.679767706751219
9347,79.0,80.0,7.0,0.0,6.0,3.0,4.0,4.0,1.0,6.0,0.366178980683048
12273,36.0,34.0,6.0,0.0,1.0,2.0,1.0,,1.0,1.0,0.962664368189881
12797,71.0,70.0,6.0,1.0,6.0,3.0,3.0,4.0,1.0,2.0,1.66896527709979
9835,50.0,51.0,5.0,1.0,5.0,3.0,3.0,2.0,1.0,6.0,1.40479528977462
11581,67.0,61.0,5.0,1.0,5.0,3.0,4.0,4.0,2.0,7.0,0.784068123129462
13062,61.0,37.0,4.0,0.0,5.0,3.0,4.0,3.0,2.0,7.0,0.547632436553719
11176,63.0,57.0,5.0,1.0,6.0,3.0,4.0,4.0,1.0,9.0,0.845508501355146
11892,63.0,51.0,6.0,1.0,4.0,2.0,4.0,2.0,2.0,7.0,0.432273227410797
13207,57.0,40.0,4.0,0.0,5.0,2.0,4.0,2.0,2.0,6.0,1.04166707117125
10273,83.0,62.0,6.0,1.0,4.0,3.0,4.0,5.0,2.0,9.0,0.307781199232946
10483,42.0,42.0,5.0,1.0,2.0,3.0,3.0,1.0,3.0,9.0,0.673477740553127
8638,55.0,45.0,5.0,1.0,4.0,3.0,4.0,2.0,2.0,4.0,0.685584317024234
11454,78.0,65.0,5.0,0.0,5.0,3.0,4.0,5.0,2.0,8.0,0.528783552910245
9100,41.0,33.0,3.0,0.0,5.0,3.0,4.0,1.0,2.0,8.0,0.57682275648546
11983,30.0,43.0,4.0,1.0,1.0,3.0,,1.0,2.0,5.0,0.590951149333003
12821,39.0,64.0,5.0,1.0,5.0,3.0,2.0,1.0,3.0,4.0,0.862258705845904
12822,58.0,50.0,4.0,1.0,6.0,2.0,3.0,2.0,3.0,2.0,0.878833456047851
13161,69.0,61.0,5.0,1.0,6.0,3.0,3.0,2.0,1.0,6.0,0.676476629157533
12798,42.0,51.0,6.0,1.0,5.0,3.0,3.0,3.0,1.0,5.0,0.413799092208977
14211,34.0,39.0,4.0,1.0,1.0,1.0,1.0,4.0,2.0,1.0,0.957944426735839
14100,50.0,44.0,5.0,1.0,6.0,3.0,4.0,4.0,3.0,8.0,0.919734520517594
11582,47.0,58.0,4.0,1.0,4.0,3.0,1.0,2.0,2.0,6.0,1.42795701491032
11017,63.0,57.0,5.0,1.0,5.0,3.0,4.0,3.0,2.0,8.0,0.529356791902151
14136,28.0,41.0,6.0,1.0,1.0,0.0,2.0,4.0,2.0,3.0,1.03958251328015
7808,63.0,51.0,4.0,1.0,3.0,3.0,4.0,,2.0,8.0,0.904825573701167
11893,44.0,28.0,4.0,,1.0,3.0,3.0,4.0,2.0,9.0,1.44866684257736
12839,72.0,42.0,5.0,0.0,5.0,3.0,2.0,1.0,1.0,1.0,1.55119935825569
9349,68.0,58.0,5.0,0.0,6.0,3.0,4.0,3.0,1.0,7.0,0.352435664320157
11018,62.0,78.0,6.0,0.0,6.0,3.0,4.0,4.0,1.0,9.0,2.83348283675147
9836,58.0,49.0,5.0,0.0,4.0,3.0,4.0,5.0,2.0,9.0,1.61249326308834
9837,51.0,57.0,6.0,1.0,4.0,3.0,3.0,4.0,2.0,6.0,0.402196767726746
10274,78.0,58.0,6.0,1.0,3.0,3.0,4.0,4.0,1.0,8.0,0.308556564734302
12623,57.0,55.0,4.0,1.0,6.0,2.0,4.0,3.0,3.0,3.0,0.729937150973869
11177,52.0,50.0,5.0,0.0,6.0,2.0,3.0,4.0,3.0,6.0,1.19385762819959
12730,65.0,45.0,5.0,0.0,5.0,3.0,4.0,,,7.0,0.416230442384957
9604,60.0,43.0,5.0,1.0,6.0,3.0,4.0,5.0,2.0,7.0,1.17637336370774
13574,55.0,40.0,4.0,1.0,5.0,3.0,4.0,3.0,2.0,1.0,1.26485158418167
8639,39.0,47.0,5.0,1.0,5.0,3.0,2.0,1.0,2.0,4.0,1.03774546976673
13073,64.0,51.0,5.0,1.0,5.0,3.0,4.0,5.0,2.0,3.0,0.81279529266664
13063,18.0,46.0,3.0,0.0,6.0,1.0,1.0,4.0,3.0,6.0,1.14043488378758
13881,56.0,70.0,4.0,1.0,6.0,1.0,3.0,1.0,1.0,1.0,0.822411576166284
13937,73.0,42.0,5.0,1.0,4.0,3.0,4.0,5.0,2.0,8.0,0.482695115657595
12063,70.0,53.0,5.0,1.0,5.0,3.0,3.0,3.0,1.0,9.0,2.06945576945195
11178,42.0,55.0,6.0,1.0,5.0,3.0,4.0,3.0,1.0,5.0,1.13809389284342
11583,32.0,33.0,1.0,1.0,2.0,2.0,,1.0,1.0,1.0,2.23249523400527
11894,41.0,29.0,1.0,0.0,3.0,3.0,,4.0,1.0,2.0,1.30992375728444
11984,48.0,42.0,3.0,1.0,6.0,2.0,,1.0,1.0,1.0,1.84876819307659
12064,65.0,59.0,6.0,1.0,6.0,3.0,4.0,5.0,1.0,8.0,0.526242967949549
13082,51.0,55.0,,1.0,6.0,2.0,3.0,3.0,1.0,4.0,1.16684961064033
13064,44.0,39.0,5.0,1.0,3.0,2.0,,1.0,1.0,2.0,0.58451181892074
14097,51.0,41.0,3.0,0.0,4.0,3.0,2.0,3.0,2.0,1.0,1.28820923260058
10275,72.0,77.0,5.0,1.0,6.0,3.0,4.0,5.0,1.0,7.0,0.785358185717735
8452,59.0,50.0,5.0,1.0,5.0,3.0,4.0,1.0,1.0,5.0,1.02712950577051
12731,40.0,37.0,4.0,0.0,2.0,3.0,,3.0,2.0,6.0,0.86860681154857
11019,37.0,51.0,5.0,0.0,2.0,3.0,2.0,1.0,1.0,6.0,0.600582319965818
9838,69.0,50.0,5.0,0.0,5.0,3.0,4.0,5.0,1.0,7.0,0.982312072487898
9101,70.0,50.0,5.0,0.0,5.0,3.0,4.0,3.0,2.0,4.0,0.745464253150577
11584,62.0,57.0,6.0,1.0,5.0,3.0,4.0,1.0,1.0,2.0,0.557602495370006
8641,56.0,42.0,5.0,1.0,6.0,2.0,4.0,4.0,2.0,8.0,0.982164712372023
14105,49.0,42.0,4.0,0.0,4.0,1.0,,1.0,2.0,3.0,1.77640477914081
10050,33.0,35.0,3.0,0.0,5.0,3.0,3.0,3.0,2.0,4.0,0.692207248723215
12212,44.0,59.0,5.0,0.0,6.0,2.0,2.0,2.0,1.0,1.0,1.45518800320949
8242,75.0,62.0,6.0,1.0,5.0,3.0,4.0,3.0,2.0,9.0,0.307781199232946
12624,37.0,34.0,2.0,1.0,1.0,3.0,2.0,4.0,3.0,7.0,3.21670344841587
10679,72.0,63.0,4.0,1.0,5.0,3.0,4.0,4.0,2.0,3.0,0.745464253150577
13598,65.0,85.0,7.0,1.0,6.0,2.0,3.0,4.0,1.0,2.0,1.50996317577916
10856,33.0,40.0,4.0,1.0,2.0,2.0,1.0,5.0,2.0,1.0,0.844247831173208
8642,55.0,51.0,4.0,0.0,6.0,3.0,4.0,5.0,2.0,8.0,0.988940426705076
8453,23.0,35.0,5.0,1.0,4.0,3.0,1.0,1.0,2.0,1.0,0.958740643097439
9102,33.0,19.0,1.0,1.0,3.0,1.0,1.0,3.0,3.0,7.0,1.94716446303782
9839,51.0,45.0,4.0,1.0,5.0,3.0,4.0,2.0,1.0,6.0,0.420394640303392
12454,60.0,63.0,5.0,0.0,3.0,3.0,4.0,4.0,2.0,2.0,0.776107895687571
13249,64.0,43.0,4.0,0.0,2.0,2.0,3.0,3.0,1.0,4.0,0.952651003760278
10857,64.0,48.0,4.0,0.0,5.0,3.0,4.0,5.0,1.0,5.0,1.3379697685741
11895,74.0,64.0,7.0,0.0,6.0,3.0,4.0,5.0,1.0,8.0,0.57682275648546
12913,24.0,42.0,3.0,0.0,4.0,1.0,1.0,1.0,1.0,3.0,0.967256188839699
12659,57.0,45.0,5.0,1.0,5.0,3.0,4.0,5.0,2.0,8.0,0.645436206518663
10276,56.0,39.0,4.0,0.0,4.0,2.0,3.0,1.0,2.0,7.0,0.766965092431471
13986,67.0,45.0,5.0,0.0,5.0,3.0,4.0,3.0,2.0,4.0,0.733979139655193
9350,57.0,51.0,5.0,0.0,5.0,3.0,4.0,5.0,2.0,9.0,0.815617648809735
12697,59.0,39.0,2.0,0.0,6.0,3.0,4.0,3.0,2.0,8.0,0.731879085087013
7299,38.0,47.0,6.0,1.0,5.0,3.0,2.0,3.0,1.0,7.0,1.17637336370774
8454,73.0,67.0,6.0,1.0,6.0,3.0,4.0,5.0,1.0,9.0,0.719250277404472
10680,45.0,40.0,5.0,0.0,3.0,2.0,3.0,2.0,3.0,5.0,0.541605881308155
9104,61.0,60.0,6.0,1.0,6.0,1.0,4.0,4.0,2.0,8.0,0.847496026590327
9105,67.0,57.0,5.0,1.0,6.0,3.0,4.0,4.0,3.0,8.0,0.493182109086083
8643,59.0,33.0,3.0,0.0,4.0,3.0,4.0,4.0,2.0,4.0,0.759474135497227
12213,59.0,51.0,4.0,0.0,3.0,3.0,4.0,4.0,1.0,4.0,0.629598426470359
13720,81.0,54.0,6.0,1.0,6.0,3.0,4.0,5.0,1.0,9.0,0.587820046146882
13980,53.0,42.0,5.0,1.0,3.0,2.0,2.0,1.0,3.0,7.0,1.29650086268389
12274,78.0,47.0,5.0,1.0,5.0,3.0,4.0,3.0,1.0,6.0,0.616246170526686
12332,38.0,28.0,1.0,1.0,2.0,2.0,1.0,5.0,1.0,1.0,0.882019485933305
13515,95.0,70.0,6.0,1.0,6.0,3.0,4.0,5.0,3.0,7.0,0.487089115240458
11787,71.0,62.0,6.0,1.0,6.0,3.0,4.0,2.0,3.0,7.0,1.59613504321202
10051,51.0,43.0,5.0,0.0,4.0,3.0,4.0,4.0,3.0,8.0,0.627726942989392
10052,56.0,50.0,5.0,1.0,4.0,3.0,4.0,3.0,3.0,6.0,1.40479528977462
8455,60.0,43.0,4.0,1.0,5.0,3.0,4.0,4.0,3.0,9.0,0.68616119564917
8864,65.0,58.0,5.0,1.0,5.0,3.0,4.0,5.0,1.0,8.0,0.790106185384546
11585,68.0,27.0,3.0,,2.0,2.0,,2.0,4.0,1.0,1.30437305052369
8865,51.0,38.0,3.0,1.0,5.0,3.0,4.0,5.0,2.0,9.0,3.27953345602903
12065,81.0,81.0,7.0,1.0,5.0,3.0,4.0,4.0,2.0,9.0,1.50174504703524
10277,46.0,43.0,4.0,1.0,3.0,3.0,4.0,4.0,2.0,6.0,2.47249939366993
8644,69.0,65.0,5.0,1.0,6.0,3.0,4.0,,,8.0,0.61862525860499
14091,53.0,44.0,4.0,1.0,5.0,3.0,3.0,3.0,2.0,3.0,1.66075879849394
13420,60.0,58.0,5.0,1.0,5.0,3.0,4.0,4.0,2.0,6.0,0.392571143705642
11586,46.0,46.0,4.0,1.0,3.0,3.0,1.0,4.0,2.0,3.0,1.21271194972622
12932,21.0,41.0,2.0,0.0,3.0,2.0,1.0,1.0,2.0,2.0,1.08032828733591
9106,40.0,51.0,5.0,0.0,3.0,2.0,,3.0,2.0,3.0,2.52880661422949
7932,60.0,46.0,3.0,1.0,2.0,3.0,4.0,3.0,2.0,8.0,0.50055882262053
13648,48.0,42.0,2.0,1.0,6.0,0.0,2.0,1.0,4.0,6.0,1.11719643750377
10858,44.0,44.0,4.0,0.0,3.0,3.0,4.0,2.0,2.0,9.0,1.76604652399257
10278,29.0,33.0,2.0,0.0,3.0,2.0,1.0,1.0,2.0,1.0,0.916928377111018
9351,53.0,41.0,4.0,1.0,5.0,3.0,4.0,4.0,3.0,8.0,0.967696667737628
10681,36.0,40.0,4.0,0.0,4.0,3.0,4.0,3.0,2.0,8.0,0.448713642969729
12455,57.0,64.0,4.0,1.0,6.0,3.0,4.0,3.0,2.0,9.0,1.33011826739428
8457,58.0,54.0,5.0,1.0,5.0,3.0,4.0,3.0,2.0,7.0,1.02612396011544
10279,52.0,42.0,5.0,0.0,4.0,3.0,4.0,3.0,2.0,7.0,0.588631156660253
8866,55.0,75.0,6.0,1.0,5.0,2.0,3.0,1.0,1.0,3.0,1.51814404718086
12660,44.0,27.0,2.0,1.0,1.0,3.0,3.0,2.0,3.0,2.0,1.46129280684836
9840,60.0,39.0,4.0,0.0,2.0,2.0,2.0,4.0,1.0,3.0,0.927288360246517
11896,86.0,73.0,6.0,1.0,6.0,3.0,4.0,5.0,1.0,8.0,0.790106185384546
8076,63.0,50.0,5.0,1.0,5.0,3.0,4.0,4.0,2.0,8.0,0.574464262664477
11020,65.0,39.0,4.0,1.0,3.0,2.0,4.0,4.0,2.0,8.0,0.738729740639897
11305,49.0,53.0,4.0,1.0,5.0,3.0,3.0,2.0,1.0,5.0,0.467155267860155
9352,86.0,85.0,7.0,1.0,6.0,2.0,4.0,5.0,3.0,9.0,0.67583588656469
7300,49.0,43.0,6.0,1.0,5.0,3.0,3.0,4.0,3.0,3.0,0.407958533173383
9841,63.0,49.0,5.0,1.0,5.0,2.0,4.0,5.0,2.0,9.0,0.845508501355146
11788,69.0,54.0,4.0,0.0,6.0,3.0,4.0,5.0,2.0,6.0,0.6415810323588
8867,49.0,49.0,4.0,1.0,3.0,3.0,4.0,2.0,3.0,2.0,1.72066128579698
11455,58.0,51.0,6.0,0.0,4.0,3.0,4.0,5.0,2.0,8.0,0.23891329641302
8077,77.0,66.0,6.0,1.0,6.0,3.0,4.0,2.0,1.0,4.0,0.976784299182614
9605,40.0,36.0,3.0,1.0,2.0,3.0,1.0,1.0,2.0,7.0,0.772729191715478
12456,55.0,56.0,6.0,1.0,5.0,3.0,4.0,4.0,2.0,3.0,0.697205553669911
8458,86.0,60.0,7.0,1.0,4.0,3.0,4.0,4.0,2.0,8.0,0.646888631698657
14398,24.0,33.0,4.0,0.0,1.0,3.0,,2.0,1.0,6.0,0.693519366044758
14008,68.0,61.0,4.0,1.0,5.0,0.0,4.0,5.0,2.0,7.0,1.94553733171176
11021,63.0,82.0,5.0,1.0,5.0,3.0,4.0,3.0,1.0,2.0,0.73675797647484
8243,76.0,66.0,6.0,1.0,5.0,3.0,4.0,4.0,1.0,9.0,0.747459938645712
14076,39.0,42.0,2.0,0.0,1.0,2.0,1.0,2.0,2.0,2.0,1.72638581121103
9606,46.0,45.0,4.0,1.0,5.0,3.0,4.0,3.0,2.0,3.0,1.32887395417777
12799,66.0,57.0,3.0,0.0,5.0,2.0,4.0,3.0,2.0,3.0,2.1231840568161
7216,56.0,56.0,6.0,0.0,4.0,0.0,,,,8.0,0.738729740639897
9607,57.0,42.0,5.0,1.0,4.0,2.0,4.0,2.0,2.0,7.0,0.803886393150422
8244,60.0,48.0,5.0,1.0,6.0,3.0,4.0,4.0,1.0,7.0,1.2489763678685
7254,62.0,64.0,5.0,1.0,6.0,3.0,4.0,5.0,2.0,7.0,0.580001665888422
8645,50.0,82.0,6.0,1.0,5.0,1.0,4.0,5.0,2.0,3.0,1.61148944995757
13048,45.0,44.0,5.0,1.0,6.0,0.0,3.0,2.0,2.0,7.0,2.06200078257594
9353,67.0,49.0,4.0,1.0,6.0,3.0,4.0,4.0,2.0,5.0,1.40604028789898
12733,56.0,52.0,5.0,1.0,5.0,3.0,4.0,4.0,2.0,5.0,1.86110287908594
9608,29.0,23.0,2.0,0.0,1.0,3.0,1.0,3.0,3.0,4.0,1.03494007511357
9107,63.0,61.0,6.0,1.0,5.0,3.0,4.0,4.0,2.0,9.0,0.816679835167205
13671,50.0,62.0,5.0,0.0,6.0,3.0,2.0,1.0,3.0,9.0,2.42848636179796
8868,64.0,55.0,6.0,0.0,6.0,3.0,3.0,4.0,2.0,6.0,0.856847825223486
10053,55.0,56.0,4.0,1.0,6.0,3.0,4.0,4.0,1.0,8.0,0.721637536684555
12734,46.0,38.0,5.0,0.0,2.0,3.0,3.0,3.0,2.0,4.0,0.616893145190339
9842,52.0,61.0,4.0,1.0,4.0,3.0,3.0,4.0,1.0,2.0,0.530122980116083
12131,70.0,57.0,5.0,0.0,6.0,2.0,4.0,2.0,2.0,1.0,1.65977600971079
11587,50.0,54.0,5.0,1.0,4.0,1.0,3.0,2.0,4.0,7.0,1.07425902948069
7179,40.0,51.0,4.0,0.0,4.0,2.0,1.0,2.0,3.0,6.0,1.11719643750377
11306,50.0,56.0,6.0,0.0,4.0,2.0,2.0,1.0,1.0,1.0,0.681337266198548
10859,72.0,62.0,6.0,1.0,5.0,3.0,4.0,3.0,2.0,8.0,0.700774415325726
11789,54.0,77.0,5.0,1.0,5.0,3.0,4.0,2.0,1.0,9.0,0.673477740553127
11022,60.0,50.0,5.0,1.0,6.0,2.0,4.0,4.0,2.0,9.0,1.52341710267789
10280,62.0,71.0,5.0,1.0,4.0,2.0,3.0,1.0,1.0,6.0,0.541605881308155
10281,14.0,25.0,7.0,,1.0,1.0,1.0,2.0,4.0,4.0,1.66900083093845
10484,53.0,56.0,5.0,1.0,5.0,2.0,4.0,4.0,1.0,6.0,1.3379697685741
7810,61.0,56.0,4.0,0.0,5.0,3.0,4.0,4.0,2.0,8.0,1.53090448427113
13166,31.0,53.0,5.0,,,1.0,4.0,3.0,2.0,3.0,1.21035282708743
9108,21.0,54.0,3.0,1.0,1.0,3.0,1.0,4.0,3.0,5.0,0.909188568757773
11588,55.0,33.0,3.0,1.0,1.0,3.0,2.0,1.0,3.0,2.0,1.07824529856919
8869,56.0,57.0,5.0,1.0,6.0,3.0,4.0,4.0,1.0,8.0,1.22290085629918
12914,33.0,22.0,2.0,1.0,6.0,2.0,2.0,1.0,2.0,3.0,1.83548894526875
10485,78.0,59.0,6.0,0.0,5.0,2.0,4.0,4.0,3.0,9.0,0.395461080825332
13092,56.0,42.0,4.0,1.0,5.0,3.0,3.0,1.0,2.0,2.0,1.72505291571697
11456,77.0,54.0,6.0,1.0,6.0,3.0,4.0,5.0,1.0,8.0,0.721637536684555
10054,47.0,67.0,5.0,1.0,2.0,1.0,1.0,3.0,2.0,1.0,2.8899436936865
10486,49.0,51.0,4.0,0.0,3.0,3.0,2.0,3.0,2.0,2.0,0.943679239992741
7301,55.0,40.0,4.0,0.0,3.0,0.0,1.0,,,5.0,1.38388639216697
10487,57.0,45.0,6.0,1.0,4.0,3.0,4.0,2.0,2.0,8.0,0.577048173643674
11307,43.0,46.0,4.0,1.0,5.0,3.0,2.0,3.0,1.0,6.0,0.660503625024
12496,55.0,47.0,4.0,0.0,5.0,3.0,4.0,4.0,2.0,2.0,0.337436761697542
12547,84.0,77.0,6.0,0.0,6.0,3.0,4.0,4.0,1.0,9.0,0.5583082876702
9609,46.0,48.0,5.0,1.0,4.0,3.0,4.0,3.0,2.0,5.0,1.63823138780551
11308,52.0,40.0,4.0,0.0,,3.0,4.0,2.0,2.0,7.0,0.945275105042559
8870,27.0,53.0,5.0,1.0,3.0,3.0,1.0,2.0,1.0,4.0,0.697205553669911
11589,58.0,57.0,5.0,0.0,2.0,3.0,4.0,3.0,1.0,6.0,0.507510048355514
13083,60.0,48.0,4.0,1.0,4.0,1.0,3.0,2.0,1.0,8.0,0.606069033711064
10055,54.0,52.0,6.0,1.0,4.0,2.0,4.0,1.0,1.0,8.0,1.84067978884924
8646,43.0,44.0,5.0,0.0,5.0,3.0,4.0,3.0,2.0,6.0,0.96479677625119
8078,31.0,78.0,6.0,1.0,4.0,3.0,1.0,1.0,2.0,6.0,0.768329568890209
12584,53.0,53.0,4.0,1.0,6.0,2.0,4.0,4.0,1.0,5.0,0.579867046325649
8079,48.0,50.0,4.0,1.0,5.0,3.0,3.0,3.0,2.0,8.0,0.482695115657595
12548,58.0,53.0,5.0,1.0,5.0,3.0,3.0,4.0,1.0,5.0,0.564264015510126
9843,33.0,43.0,5.0,0.0,4.0,3.0,3.0,1.0,2.0,8.0,0.726507079214918
10488,58.0,53.0,3.0,0.0,2.0,3.0,4.0,5.0,1.0,7.0,0.416230442384957
11689,48.0,42.0,4.0,1.0,5.0,3.0,1.0,3.0,2.0,5.0,1.44634354148401
13813,86.0,81.0,5.0,1.0,5.0,3.0,4.0,3.0,1.0,8.0,1.61713783868908
11023,48.0,40.0,4.0,1.0,1.0,1.0,2.0,1.0,2.0,1.0,0.859914222180082
10282,66.0,53.0,4.0,1.0,6.0,2.0,4.0,4.0,3.0,8.0,0.731086535269289
13133,35.0,49.0,4.0,1.0,5.0,3.0,3.0,3.0,2.0,4.0,0.859751128656598
14046,66.0,82.0,5.0,1.0,3.0,3.0,4.0,5.0,1.0,9.0,1.3312002072243
10682,24.0,62.0,5.0,1.0,6.0,3.0,1.0,5.0,1.0,6.0,1.022379906537
8245,57.0,41.0,5.0,1.0,3.0,3.0,4.0,3.0,2.0,9.0,0.505533921667486
11024,49.0,44.0,5.0,1.0,4.0,3.0,4.0,3.0,2.0,6.0,1.27015081989939
11690,35.0,43.0,5.0,0.0,2.0,2.0,1.0,1.0,3.0,1.0,0.911728285145136
10056,68.0,48.0,5.0,1.0,6.0,3.0,4.0,4.0,1.0,6.0,0.9379121198635552
9610,66.0,59.0,5.0,1.0,5.0,2.0,4.0,3.0,1.0,9.0,1.00723646184369
10057,89.0,44.0,4.0,1.0,1.0,3.0,4.0,1.0,2.0,8.0,0.566098111241492
13876,56.0,50.0,5.0,1.0,6.0,2.0,4.0,2.0,2.0,3.0,0.949357104360513
12214,67.0,54.0,,1.0,6.0,3.0,4.0,3.0,2.0,7.0,0.455829022142875
7811,48.0,44.0,4.0,1.0,6.0,2.0,3.0,2.0,2.0,5.0,1.10080008353817
13338,62.0,77.0,7.0,,6.0,2.0,,1.0,4.0,1.0,0.962664368189881
11790,59.0,54.0,3.0,1.0,5.0,3.0,4.0,3.0,1.0,8.0,1.20311480401574
9611,54.0,44.0,5.0,1.0,5.0,2.0,3.0,4.0,1.0,7.0,1.50647610007856
13617,44.0,52.0,4.0,1.0,1.0,3.0,4.0,3.0,2.0,6.0,0.776277533278278
10058,53.0,55.0,6.0,1.0,4.0,3.0,4.0,2.0,2.0,9.0,0.655304600164212
11590,40.0,44.0,3.0,0.0,4.0,1.0,2.0,3.0,2.0,1.0,0.597945532231518
12066,81.0,63.0,4.0,1.0,6.0,3.0,4.0,5.0,1.0,9.0,1.87671421652077
8871,56.0,61.0,6.0,1.0,4.0,3.0,4.0,2.0,2.0,8.0,1.04690883119832
8459,56.0,46.0,5.0,1.0,4.0,1.0,3.0,3.0,2.0,3.0,2.74249766817586
12698,57.0,58.0,5.0,1.0,6.0,3.0,4.0,3.0,2.0,7.0,0.487992914064358
14068,69.0,54.0,5.0,1.0,6.0,2.0,4.0,2.0,1.0,8.0,0.822848867051868
10683,62.0,60.0,5.0,1.0,5.0,2.0,4.0,3.0,1.0,8.0,1.22290085629918
10283,75.0,51.0,4.0,0.0,5.0,3.0,4.0,4.0,2.0,8.0,0.967696667737628
12982,95.0,53.0,5.0,0.0,4.0,3.0,4.0,3.0,2.0,7.0,0.400605844857277
13001,75.0,40.0,4.0,1.0,4.0,3.0,,1.0,1.0,3.0,1.94828747799431
12886,49.0,43.0,4.0,1.0,4.0,3.0,3.0,1.0,3.0,1.0,1.37643597079489
7180,58.0,36.0,5.0,1.0,3.0,0.0,4.0,2.0,3.0,7.0,1.18975660005601
11179,72.0,85.0,7.0,1.0,3.0,3.0,3.0,1.0,2.0,7.0,0.595172696448412
7933,47.0,42.0,5.0,1.0,4.0,3.0,3.0,3.0,2.0,7.0,0.750478096375872
9845,59.0,51.0,5.0,1.0,4.0,3.0,4.0,3.0,2.0,4.0,0.715038554470635
9612,44.0,43.0,5.0,1.0,4.0,3.0,4.0,4.0,3.0,5.0,0.665615373257549
13735,55.0,59.0,6.0,1.0,6.0,2.0,4.0,1.0,3.0,1.0,0.88552434977922
11025,71.0,44.0,5.0,1.0,4.0,3.0,,1.0,2.0,1.0,0.819976282809999
9354,50.0,58.0,5.0,1.0,6.0,3.0,1.0,1.0,1.0,1.0,0.858405855211288
9109,46.0,45.0,4.0,0.0,4.0,3.0,3.0,3.0,3.0,5.0,0.608925428945767
12398,49.0,48.0,4.0,1.0,4.0,2.0,3.0,2.0,2.0,3.0,1.77556301796287
12275,62.0,39.0,5.0,0.0,4.0,3.0,3.0,1.0,2.0,3.0,0.745464253150577
9110,64.0,45.0,5.0,1.0,4.0,3.0,4.0,3.0,3.0,6.0,0.660503625024
7181,47.0,44.0,4.0,0.0,4.0,2.0,1.0,4.0,1.0,1.0,0.386006614226412
8647,63.0,53.0,5.0,1.0,6.0,3.0,4.0,5.0,2.0,8.0,0.967696667737628
11180,44.0,45.0,5.0,1.0,4.0,3.0,3.0,3.0,2.0,7.0,1.65769651955329
12625,65.0,56.0,4.0,0.0,6.0,1.0,4.0,5.0,1.0,3.0,1.61028917792567
13368,45.0,50.0,4.0,,6.0,3.0,2.0,1.0,3.0,3.0,1.13863376728219
13968,57.0,65.0,5.0,0.0,6.0,2.0,4.0,4.0,2.0,4.0,0.679425764389034
9355,58.0,35.0,5.0,1.0,3.0,3.0,4.0,1.0,3.0,7.0,0.681181906858153
7182,49.0,24.0,4.0,0.0,2.0,1.0,,2.0,2.0,1.0,0.821685629533687
9613,62.0,49.0,4.0,1.0,2.0,3.0,4.0,3.0,3.0,9.0,0.899822332961181
9614,48.0,48.0,4.0,1.0,3.0,2.0,2.0,3.0,2.0,2.0,1.09585352052965
11791,78.0,79.0,6.0,1.0,6.0,3.0,4.0,4.0,2.0,9.0,1.33345257387537
7302,56.0,42.0,1.0,0.0,3.0,2.0,1.0,3.0,2.0,3.0,1.59465822627546
13167,65.0,53.0,5.0,1.0,6.0,3.0,4.0,4.0,2.0,8.0,1.03998906066808
11181,59.0,47.0,4.0,1.0,5.0,3.0,4.0,2.0,3.0,8.0,1.88286799611714
9111,50.0,73.0,5.0,1.0,6.0,3.0,3.0,1.0,3.0,7.0,1.21360505046559
11691,53.0,49.0,3.0,0.0,5.0,3.0,3.0,3.0,3.0,3.0,0.364660519128858
7812,60.0,63.0,5.0,1.0,5.0,2.0,4.0,1.0,4.0,1.0,1.5851186810041
9615,48.0,79.0,5.0,0.0,6.0,1.0,,2.0,4.0,2.0,1.34855485290037
8246,59.0,49.0,5.0,1.0,5.0,3.0,4.0,4.0,2.0,7.0,0.423707038930437
13616,54.0,46.0,3.0,1.0,4.0,3.0,4.0,3.0,1.0,8.0,1.18933354318161
10059,39.0,60.0,4.0,0.0,4.0,1.0,1.0,2.0,1.0,1.0,3.37210461394737
13441,35.0,41.0,4.0,1.0,4.0,3.0,3.0,3.0,2.0,8.0,1.53090448427113
12132,65.0,65.0,6.0,1.0,6.0,3.0,4.0,4.0,1.0,9.0,0.502003724423452
10060,41.0,45.0,3.0,0.0,4.0,3.0,1.0,3.0,4.0,1.0,0.723455150566843
12215,50.0,63.0,5.0,1.0,4.0,3.0,2.0,2.0,1.0,3.0,1.71273995845401
10489,50.0,48.0,4.0,1.0,4.0,3.0,3.0,3.0,2.0,7.0,1.13061664336457
13983,60.0,50.0,5.0,1.0,6.0,3.0,4.0,4.0,1.0,6.0,0.507510048355514
7157,36.0,69.0,6.0,1.0,5.0,1.0,4.0,,,9.0,0.806136682446964
11591,45.0,36.0,3.0,1.0,1.0,2.0,2.0,3.0,2.0,6.0,1.40604028789898
13215,54.0,45.0,5.0,1.0,4.0,3.0,3.0,3.0,1.0,7.0,0.352910177493595
11183,55.0,31.0,4.0,0.0,4.0,3.0,2.0,1.0,3.0,3.0,2.99051535340988
8247,51.0,68.0,5.0,1.0,4.0,3.0,4.0,5.0,2.0,8.0,0.924840981129284
10490,30.0,43.0,4.0,1.0,2.0,3.0,1.0,5.0,2.0,8.0,1.53155824881854
10061,69.0,60.0,5.0,1.0,6.0,3.0,4.0,4.0,2.0,8.0,0.252611548872431
7500,63.0,27.0,2.0,1.0,2.0,2.0,2.0,5.0,3.0,6.0,0.947059033347268
7183,41.0,46.0,4.0,0.0,5.0,1.0,2.0,3.0,2.0,1.0,2.54469551425777
11184,40.0,56.0,6.0,0.0,1.0,3.0,4.0,2.0,2.0,5.0,0.344742699821944
13475,30.0,76.0,5.0,1.0,1.0,2.0,1.0,1.0,1.0,2.0,1.26932195823144
13216,60.0,43.0,4.0,0.0,6.0,3.0,4.0,2.0,3.0,2.0,0.658213625678349
8460,49.0,44.0,5.0,0.0,3.0,3.0,4.0,2.0,2.0,7.0,1.21703859119498
8248,56.0,69.0,5.0,1.0,5.0,3.0,4.0,3.0,2.0,8.0,0.89640776999095
14072,42.0,46.0,5.0,1.0,4.0,0.0,4.0,2.0,3.0,9.0,1.81744301096303
11185,61.0,50.0,5.0,1.0,5.0,3.0,3.0,4.0,2.0,8.0,0.782747066404378
11792,30.0,49.0,4.0,1.0,2.0,3.0,1.0,4.0,1.0,1.0,1.26630176198898
8461,28.0,36.0,5.0,1.0,5.0,2.0,3.0,4.0,2.0,7.0,1.18761455431409
13002,61.0,53.0,5.0,1.0,6.0,3.0,4.0,5.0,2.0,8.0,0.658359391717678
8080,34.0,79.0,7.0,0.0,1.0,3.0,4.0,5.0,1.0,7.0,0.36270484067608
13229,48.0,44.0,5.0,0.0,2.0,3.0,4.0,3.0,2.0,8.0,0.400689567546821
8648,69.0,61.0,6.0,1.0,6.0,3.0,4.0,4.0,2.0,7.0,1.20658388223394
12067,56.0,55.0,6.0,1.0,5.0,3.0,4.0,2.0,1.0,6.0,0.527442640357217
8649,70.0,54.0,5.0,1.0,6.0,3.0,4.0,5.0,2.0,9.0,2.06053393960051
11985,44.0,65.0,6.0,1.0,4.0,3.0,2.0,2.0,2.0,8.0,2.04365840676959
10492,86.0,71.0,7.0,0.0,6.0,2.0,4.0,,1.0,9.0,0.962268000101608
10284,54.0,54.0,5.0,1.0,5.0,3.0,1.0,5.0,2.0,8.0,0.658359391717678
9356,46.0,43.0,4.0,0.0,6.0,3.0,4.0,4.0,3.0,8.0,0.527685307715181
7256,46.0,49.0,4.0,0.0,4.0,2.0,4.0,3.0,2.0,9.0,2.05878806658069
13364,57.0,44.0,5.0,1.0,5.0,3.0,4.0,3.0,2.0,6.0,0.763245203570024
12497,65.0,62.0,5.0,1.0,5.0,3.0,4.0,3.0,1.0,2.0,0.544600789659236
11692,55.0,43.0,4.0,1.0,4.0,2.0,,3.0,2.0,1.0,0.717993598511477
11793,53.0,51.0,4.0,1.0,6.0,3.0,3.0,4.0,2.0,4.0,1.07382997539097
10493,49.0,55.0,6.0,1.0,5.0,2.0,4.0,5.0,4.0,8.0,0.424672064427013
10062,33.0,36.0,4.0,1.0,3.0,2.0,1.0,4.0,2.0,3.0,0.778245972569732
13710,65.0,55.0,5.0,1.0,6.0,3.0,4.0,5.0,2.0,8.0,0.61862525860499
9846,35.0,85.0,7.0,1.0,4.0,2.0,1.0,4.0,1.0,5.0,0.679436542752092
11186,66.0,50.0,5.0,0.0,6.0,3.0,,4.0,1.0,9.0,2.32273596231437
7184,42.0,54.0,5.0,0.0,5.0,1.0,1.0,3.0,3.0,4.0,1.08549003346922
11794,61.0,50.0,4.0,1.0,4.0,3.0,2.0,3.0,1.0,1.0,0.467820874558452
10860,59.0,54.0,5.0,1.0,6.0,3.0,4.0,2.0,2.0,7.0,1.21703859119498
10285,59.0,38.0,5.0,0.0,3.0,3.0,4.0,4.0,3.0,8.0,1.22290085629918
11457,33.0,41.0,4.0,0.0,2.0,3.0,2.0,1.0,1.0,3.0,1.38854906324016
9113,37.0,40.0,4.0,1.0,2.0,3.0,3.0,2.0,2.0,7.0,0.540856481636107
13858,49.0,34.0,4.0,,6.0,1.0,2.0,1.0,2.0,1.0,1.6067835471743
12736,78.0,45.0,4.0,0.0,5.0,3.0,,5.0,2.0,8.0,0.48692788097342
10494,75.0,62.0,5.0,1.0,6.0,3.0,4.0,5.0,2.0,6.0,1.13791656212467
8249,71.0,45.0,5.0,0.0,6.0,3.0,4.0,4.0,1.0,5.0,0.541605881308155
10063,59.0,40.0,4.0,0.0,4.0,2.0,4.0,5.0,2.0,9.0,0.977001505151
10495,61.0,50.0,5.0,1.0,2.0,3.0,4.0,4.0,2.0,7.0,0.495238483924799
7935,72.0,51.0,6.0,1.0,5.0,3.0,4.0,4.0,2.0,7.0,0.992274439878101
13168,50.0,46.0,3.0,0.0,4.0,2.0,1.0,3.0,2.0,7.0,0.567317395506931
7814,70.0,12.0,1.0,0.0,1.0,2.0,1.0,1.0,4.0,4.0,0.535211150284515
7503,45.0,41.0,5.0,0.0,3.0,3.0,3.0,4.0,3.0,1.0,0.766164660680251
12333,53.0,47.0,4.0,0.0,5.0,3.0,4.0,5.0,3.0,6.0,0.734577568537436
11310,59.0,46.0,4.0,0.0,4.0,3.0,4.0,4.0,4.0,9.0,1.05680540749134
12276,74.0,82.0,6.0,1.0,5.0,2.0,4.0,3.0,1.0,7.0,0.305567899277947
12661,68.0,62.0,6.0,1.0,5.0,3.0,4.0,5.0,2.0,8.0,0.437182733704674
11795,59.0,56.0,5.0,1.0,5.0,3.0,4.0,4.0,2.0,8.0,1.53219300430304
7936,59.0,55.0,5.0,1.0,6.0,3.0,4.0,3.0,1.0,8.0,0.57682275648546
7937,73.0,55.0,4.0,1.0,6.0,3.0,2.0,3.0,2.0,9.0,0.862838381876242
13296,38.0,38.0,4.0,0.0,1.0,3.0,1.0,4.0,4.0,4.0,0.649512693157376
11026,56.0,48.0,5.0,0.0,5.0,3.0,4.0,5.0,1.0,9.0,0.67583588656469
11458,51.0,40.0,4.0,1.0,5.0,3.0,4.0,3.0,3.0,7.0,0.743708205486255
8650,37.0,45.0,5.0,1.0,3.0,2.0,1.0,2.0,3.0,2.0,1.27456768675108
7938,,,,,,0.0,,,,9.0,2.25153735158753
10496,47.0,42.0,4.0,0.0,3.0,3.0,3.0,4.0,2.0,5.0,1.19286724191104
13777,54.0,46.0,4.0,1.0,5.0,3.0,4.0,2.0,2.0,1.0,0.947383468232493
11187,54.0,81.0,5.0,0.0,6.0,3.0,1.0,2.0,2.0,1.0,0.601127943590114
10684,75.0,54.0,5.0,1.0,5.0,3.0,4.0,4.0,1.0,5.0,0.579867046325649
13114,59.0,42.0,4.0,1.0,4.0,3.0,4.0,5.0,3.0,8.0,0.757977430312413
9114,67.0,75.0,6.0,0.0,6.0,3.0,4.0,4.0,2.0,9.0,1.4714946821063
12549,75.0,66.0,5.0,1.0,6.0,3.0,4.0,5.0,1.0,6.0,0.495459735746229
10685,80.0,70.0,5.0,1.0,6.0,3.0,4.0,3.0,2.0,5.0,1.44424893012839
9847,59.0,64.0,6.0,1.0,6.0,3.0,4.0,2.0,1.0,9.0,1.87711392513111
8081,41.0,69.0,5.0,1.0,4.0,3.0,4.0,5.0,4.0,8.0,1.50917729903706
12399,54.0,35.0,4.0,1.0,4.0,3.0,4.0,5.0,2.0,1.0,0.988521431274233
7817,51.0,42.0,5.0,1.0,3.0,1.0,2.0,1.0,2.0,5.0,1.39891926830972
8872,44.0,58.0,6.0,1.0,5.0,3.0,4.0,4.0,2.0,9.0,0.719250277404472
8873,69.0,58.0,6.0,1.0,5.0,3.0,4.0,4.0,2.0,7.0,0.580001665888422
12457,77.0,63.0,7.0,1.0,6.0,3.0,4.0,4.0,2.0,7.0,0.388878538902057
8874,62.0,67.0,7.0,1.0,5.0,3.0,4.0,4.0,1.0,3.0,0.491009308549587
8651,76.0,70.0,5.0,1.0,6.0,3.0,4.0,4.0,1.0,8.0,0.660163839451111
8250,51.0,49.0,5.0,0.0,3.0,2.0,3.0,4.0,3.0,7.0,1.64188724245992
7303,50.0,36.0,1.0,0.0,2.0,2.0,,2.0,2.0,7.0,1.31024974590806
9848,79.0,58.0,5.0,1.0,5.0,3.0,4.0,3.0,2.0,7.0,0.398171387216482
7939,59.0,45.0,4.0,0.0,5.0,3.0,4.0,3.0,2.0,1.0,3.27031582877213
13791,74.0,67.0,6.0,0.0,4.0,3.0,4.0,4.0,2.0,6.0,0.390253685466167
8652,53.0,39.0,3.0,0.0,5.0,3.0,4.0,4.0,2.0,3.0,0.597089468668002
10286,77.0,52.0,5.0,1.0,6.0,3.0,4.0,5.0,2.0,8.0,0.669932745881724
11459,46.0,36.0,4.0,0.0,3.0,3.0,,1.0,2.0,1.0,0.462234453363984
12770,49.0,33.0,4.0,0.0,4.0,3.0,4.0,2.0,1.0,6.0,0.816106912879049
12068,51.0,40.0,1.0,1.0,4.0,2.0,1.0,2.0,3.0,1.0,1.43835634949261
12400,52.0,74.0,5.0,1.0,6.0,2.0,4.0,3.0,2.0,5.0,0.821070388448458
10861,74.0,53.0,5.0,0.0,6.0,3.0,4.0,4.0,1.0,8.0,0.50424779677292
9616,56.0,55.0,6.0,1.0,6.0,2.0,4.0,4.0,1.0,7.0,0.580001665888422
10497,62.0,53.0,6.0,0.0,4.0,3.0,4.0,3.0,2.0,7.0,0.559520962881406
11796,54.0,61.0,6.0,0.0,5.0,3.0,4.0,4.0,2.0,4.0,0.876834772813757
9115,37.0,31.0,4.0,0.0,1.0,3.0,1.0,5.0,1.0,3.0,1.59572139648425
8875,54.0,58.0,6.0,1.0,5.0,3.0,3.0,3.0,1.0,3.0,0.76009639095891
8653,63.0,55.0,4.0,0.0,4.0,3.0,4.0,3.0,2.0,6.0,0.579867046325649
8462,36.0,58.0,4.0,0.0,5.0,3.0,4.0,1.0,2.0,3.0,0.98904985177904
9849,74.0,73.0,6.0,1.0,5.0,3.0,4.0,5.0,1.0,6.0,1.63823138780551
8876,55.0,79.0,6.0,1.0,5.0,1.0,4.0,5.0,4.0,7.0,0.504227345910683
9116,85.0,85.0,7.0,0.0,4.0,3.0,4.0,5.0,1.0,3.0,0.595961895629272
14111,58.0,63.0,5.0,1.0,6.0,3.0,4.0,2.0,2.0,3.0,0.704478954556021
13176,61.0,52.0,5.0,1.0,6.0,1.0,,4.0,3.0,5.0,0.856847825223486
10498,63.0,62.0,5.0,0.0,6.0,3.0,4.0,5.0,2.0,5.0,0.317691665454294
14063,67.0,41.0,4.0,1.0,6.0,3.0,4.0,5.0,2.0,7.0,0.446594177943934
13310,24.0,39.0,3.0,0.0,5.0,2.0,1.0,3.0,4.0,1.0,0.875270037099789
13353,50.0,37.0,4.0,0.0,5.0,1.0,4.0,3.0,2.0,3.0,1.60689069613982
7940,79.0,85.0,7.0,0.0,5.0,1.0,,1.0,3.0,7.0,1.18761455431409
8877,57.0,48.0,5.0,1.0,3.0,3.0,4.0,5.0,2.0,7.0,1.7258750199596
11693,70.0,78.0,7.0,1.0,6.0,3.0,4.0,5.0,1.0,9.0,0.756305103092812
9617,39.0,32.0,3.0,1.0,4.0,3.0,1.0,4.0,2.0,2.0,1.39337674644623
8082,57.0,42.0,5.0,0.0,4.0,1.0,4.0,4.0,2.0,3.0,0.729937150973869
8463,48.0,45.0,4.0,1.0,3.0,3.0,1.0,3.0,4.0,8.0,1.61372330815099
10686,40.0,56.0,5.0,1.0,5.0,3.0,,2.0,,7.0,2.35320106547514
11694,69.0,55.0,7.0,0.0,5.0,3.0,4.0,4.0,2.0,8.0,0.498857072055008
12498,55.0,35.0,4.0,0.0,2.0,3.0,4.0,3.0,3.0,6.0,1.3377060571344
10499,61.0,64.0,5.0,0.0,5.0,3.0,4.0,5.0,1.0,2.0,0.606052937940044
10064,64.0,53.0,5.0,0.0,4.0,0.0,4.0,2.0,1.0,2.0,1.17039974078304
8251,64.0,42.0,5.0,1.0,5.0,3.0,4.0,4.0,1.0,9.0,0.928992531052044
10287,63.0,53.0,4.0,0.0,5.0,3.0,4.0,3.0,2.0,3.0,1.28490745799053
9117,59.0,51.0,5.0,0.0,5.0,3.0,4.0,2.0,1.0,8.0,0.563158231354014
8878,52.0,57.0,4.0,1.0,5.0,2.0,1.0,1.0,1.0,3.0,1.17060614356561
11027,60.0,55.0,6.0,1.0,2.0,3.0,4.0,4.0,1.0,7.0,1.06710818386439
10500,47.0,41.0,5.0,1.0,4.0,3.0,4.0,5.0,1.0,4.0,0.670037688761564
12069,67.0,79.0,6.0,0.0,5.0,1.0,4.0,5.0,1.0,8.0,2.86671294616746
9357,67.0,57.0,5.0,0.0,2.0,3.0,4.0,4.0,1.0,6.0,0.776098734568028
12699,53.0,35.0,4.0,1.0,6.0,3.0,4.0,5.0,1.0,6.0,0.729562937122872
10288,61.0,44.0,4.0,1.0,6.0,3.0,4.0,3.0,2.0,7.0,1.41966599379664
13930,78.0,72.0,6.0,1.0,6.0,3.0,4.0,4.0,1.0,5.0,2.08543044303675
13618,55.0,51.0,5.0,1.0,4.0,3.0,3.0,4.0,2.0,5.0,2.0845364097777
9850,65.0,70.0,5.0,0.0,6.0,3.0,4.0,3.0,1.0,6.0,0.643681417853862
11797,52.0,36.0,4.0,1.0,4.0,3.0,4.0,5.0,3.0,3.0,0.647300589645439
10289,34.0,34.0,4.0,0.0,3.0,3.0,3.0,1.0,2.0,3.0,0.888557763176759
12458,69.0,50.0,5.0,,5.0,3.0,4.0,3.0,1.0,7.0,0.416230442384957
13235,42.0,34.0,4.0,0.0,2.0,3.0,2.0,2.0,2.0,8.0,1.51405597295409
9358,60.0,49.0,5.0,0.0,3.0,3.0,3.0,3.0,1.0,1.0,0.835361879066067
12499,66.0,38.0,4.0,0.0,4.0,3.0,4.0,3.0,2.0,2.0,2.21298278977986
11028,78.0,57.0,7.0,1.0,4.0,2.0,3.0,3.0,1.0,7.0,0.528451299601341
13712,76.0,56.0,5.0,0.0,5.0,2.0,4.0,3.0,2.0,8.0,0.389485713688035
12662,78.0,64.0,6.0,1.0,6.0,3.0,4.0,3.0,1.0,9.0,1.41934516342863
8879,56.0,63.0,5.0,1.0,6.0,3.0,4.0,3.0,2.0,8.0,0.7443561743999
13297,51.0,31.0,3.0,0.0,4.0,2.0,1.0,2.0,2.0,1.0,1.95121834299367
7351,59.0,46.0,5.0,0.0,5.0,3.0,4.0,3.0,2.0,8.0,1.96856672399133
13169,85.0,68.0,5.0,0.0,5.0,3.0,4.0,4.0,3.0,8.0,0.606069033711064
9618,56.0,59.0,5.0,1.0,6.0,2.0,4.0,2.0,1.0,7.0,0.322606128026554
9851,61.0,58.0,6.0,1.0,2.0,3.0,4.0,1.0,2.0,8.0,0.781669976100585
10501,74.0,62.0,2.0,1.0,4.0,2.0,4.0,4.0,1.0,8.0,1.18750354950659
9359,31.0,54.0,3.0,1.0,2.0,3.0,1.0,4.0,2.0,1.0,1.19622835520067
9619,53.0,58.0,5.0,1.0,5.0,3.0,4.0,5.0,1.0,9.0,0.788397093004573
9118,56.0,45.0,4.0,1.0,4.0,2.0,4.0,3.0,2.0,9.0,0.992996267046333
13468,60.0,31.0,3.0,0.0,4.0,3.0,3.0,1.0,2.0,3.0,1.31255765390759
8654,26.0,79.0,7.0,1.0,6.0,1.0,4.0,5.0,4.0,5.0,1.42654734649195
11029,95.0,73.0,5.0,1.0,6.0,3.0,4.0,3.0,3.0,4.0,0.720160346036169
13425,57.0,44.0,3.0,1.0,4.0,2.0,3.0,1.0,2.0,3.0,1.31980745750421
13288,68.0,82.0,5.0,1.0,6.0,2.0,4.0,4.0,1.0,6.0,0.821747621231998
10065,27.0,31.0,3.0,0.0,2.0,3.0,4.0,3.0,2.0,9.0,1.73116666684041
11460,49.0,40.0,4.0,1.0,4.0,3.0,4.0,4.0,2.0,7.0,1.18761455431409
14007,55.0,56.0,6.0,1.0,5.0,2.0,2.0,3.0,4.0,1.0,1.69564518213721
11897,48.0,69.0,5.0,1.0,4.0,2.0,3.0,1.0,2.0,4.0,1.18464198740261
10502,75.0,59.0,6.0,1.0,5.0,3.0,4.0,3.0,2.0,7.0,0.328461613928314
8655,55.0,56.0,5.0,0.0,4.0,2.0,3.0,1.0,1.0,9.0,1.67150611214261
9360,62.0,43.0,4.0,1.0,4.0,2.0,4.0,3.0,1.0,8.0,1.1376525284446
9853,86.0,85.0,6.0,1.0,6.0,3.0,4.0,4.0,1.0,8.0,0.967696667737628
7819,50.0,51.0,5.0,1.0,4.0,2.0,4.0,4.0,2.0,9.0,0.815617648809735
12277,57.0,47.0,3.0,1.0,3.0,1.0,4.0,2.0,2.0,7.0,2.53503481220098
13982,35.0,26.0,2.0,0.0,6.0,2.0,,1.0,3.0,7.0,0.487992914064358
13271,59.0,55.0,4.0,1.0,4.0,3.0,4.0,3.0,4.0,8.0,0.789444717479985
10290,63.0,46.0,4.0,0.0,4.0,2.0,4.0,5.0,3.0,5.0,0.533467756818726
8656,47.0,55.0,5.0,1.0,5.0,3.0,4.0,5.0,2.0,9.0,1.07409722626329
13465,47.0,40.0,4.0,1.0,4.0,3.0,2.0,4.0,2.0,5.0,1.08934450393574
8464,69.0,63.0,5.0,0.0,2.0,2.0,4.0,4.0,1.0,1.0,0.892541648738221
7941,64.0,58.0,6.0,1.0,5.0,3.0,4.0,4.0,3.0,8.0,0.700774415325726
7352,50.0,47.0,4.0,1.0,6.0,1.0,1.0,3.0,2.0,4.0,1.0751399538658
11188,60.0,53.0,5.0,1.0,6.0,3.0,4.0,3.0,2.0,9.0,1.55553010171199
7942,58.0,50.0,5.0,1.0,6.0,3.0,4.0,3.0,2.0,9.0,1.55553010171199
8880,51.0,54.0,5.0,1.0,5.0,3.0,4.0,4.0,2.0,9.0,1.61981982783677
10688,60.0,47.0,5.0,1.0,6.0,2.0,4.0,4.0,2.0,9.0,2.83348283675147
12134,65.0,47.0,5.0,1.0,4.0,2.0,4.0,3.0,1.0,6.0,0.600582319965818
8657,56.0,39.0,4.0,1.0,4.0,3.0,4.0,3.0,2.0,4.0,0.714215858143568
11030,95.0,73.0,5.0,0.0,1.0,3.0,4.0,4.0,2.0,8.0,0.389485713688035
11031,33.0,25.0,1.0,0.0,3.0,3.0,1.0,1.0,3.0,6.0,0.743343305853432
10291,53.0,57.0,5.0,1.0,4.0,3.0,4.0,3.0,1.0,5.0,0.402196767726746
12863,69.0,42.0,4.0,1.0,6.0,3.0,4.0,3.0,3.0,7.0,0.884534226035108
11311,37.0,45.0,5.0,1.0,2.0,3.0,3.0,5.0,3.0,7.0,0.692731216273593
8465,49.0,37.0,2.0,1.0,1.0,3.0,4.0,3.0,3.0,3.0,0.79381896864308
8083,58.0,53.0,5.0,1.0,6.0,2.0,4.0,4.0,2.0,4.0,1.00610083250194
12840,79.0,72.0,6.0,1.0,6.0,3.0,4.0,3.0,1.0,8.0,0.787896320316313
8658,52.0,25.0,7.0,0.0,4.0,2.0,4.0,2.0,1.0,8.0,0.783595453204397
7353,77.0,58.0,5.0,0.0,,0.0,,,,1.0,1.74059915758523
8084,76.0,49.0,5.0,0.0,3.0,3.0,4.0,5.0,1.0,9.0,0.589904769487649
10292,64.0,51.0,5.0,1.0,3.0,3.0,4.0,3.0,2.0,9.0,1.89113703560343
11898,48.0,45.0,5.0,1.0,4.0,2.0,4.0,3.0,2.0,8.0,2.04365840676959
13931,59.0,43.0,5.0,1.0,4.0,3.0,4.0,3.0,2.0,9.0,2.67084621870019
10293,23.0,40.0,3.0,0.0,3.0,2.0,2.0,1.0,3.0,2.0,1.65085988297037
8659,44.0,34.0,4.0,1.0,2.0,3.0,4.0,3.0,1.0,9.0,1.71142242819492
7943,58.0,57.0,6.0,1.0,6.0,3.0,4.0,3.0,2.0,4.0,0.24841590143115
9119,80.0,78.0,5.0,0.0,6.0,3.0,4.0,5.0,1.0,9.0,1.41914649967807
9120,66.0,58.0,6.0,0.0,4.0,3.0,4.0,5.0,2.0,8.0,0.773654186592463
9620,77.0,59.0,4.0,1.0,5.0,3.0,4.0,4.0,1.0,9.0,0.654091583106235
10689,55.0,46.0,5.0,1.0,5.0,3.0,4.0,3.0,2.0,8.0,0.700774415325726
12626,39.0,34.0,3.0,0.0,3.0,3.0,4.0,3.0,2.0,7.0,1.29949935468779
12663,63.0,55.0,5.0,1.0,6.0,2.0,4.0,2.0,1.0,3.0,0.729937150973869
8881,61.0,59.0,5.0,1.0,5.0,3.0,4.0,3.0,2.0,7.0,1.55894804011373
12771,55.0,42.0,5.0,1.0,3.0,3.0,3.0,4.0,2.0,9.0,0.809941456143922
9361,47.0,58.0,5.0,1.0,3.0,2.0,4.0,1.0,2.0,6.0,1.34477499431097
7821,43.0,42.0,2.0,0.0,4.0,2.0,1.0,2.0,2.0,5.0,1.35473272518467
11798,65.0,61.0,6.0,1.0,6.0,3.0,4.0,3.0,1.0,7.0,0.783229454178326
7509,54.0,42.0,6.0,0.0,3.0,3.0,4.0,4.0,2.0,4.0,0.713098050911808
9362,49.0,43.0,5.0,0.0,1.0,3.0,4.0,2.0,1.0,8.0,0.604178082510975
12334,68.0,60.0,5.0,1.0,5.0,2.0,4.0,3.0,1.0,7.0,1.01494530462394
7257,45.0,42.0,4.0,1.0,4.0,1.0,,2.0,2.0,5.0,2.64949439160044
10862,50.0,38.0,4.0,0.0,4.0,2.0,,3.0,2.0,2.0,1.03785717548653
8882,39.0,39.0,5.0,1.0,6.0,2.0,4.0,2.0,3.0,2.0,0.662573159858047
12136,70.0,43.0,3.0,1.0,3.0,2.0,4.0,1.0,3.0,3.0,1.55997791182877
8883,71.0,65.0,5.0,1.0,6.0,3.0,4.0,5.0,1.0,9.0,0.651943387792858
9121,86.0,65.0,6.0,0.0,6.0,3.0,4.0,4.0,1.0,8.0,0.61862525860499
7945,67.0,55.0,6.0,1.0,5.0,3.0,4.0,4.0,2.0,8.0,0.615005147632315
11461,28.0,56.0,3.0,1.0,4.0,2.0,1.0,,2.0,9.0,2.83122951852683
12216,66.0,47.0,4.0,0.0,6.0,3.0,4.0,4.0,2.0,7.0,0.743708205486255
8660,60.0,77.0,6.0,1.0,6.0,3.0,4.0,2.0,1.0,6.0,0.548739943332194
9854,64.0,63.0,5.0,1.0,5.0,3.0,4.0,4.0,1.0,7.0,0.723851326894141
8085,62.0,56.0,6.0,1.0,6.0,3.0,4.0,5.0,2.0,9.0,0.684160110180682
13709,34.0,38.0,5.0,0.0,5.0,1.0,1.0,1.0,1.0,1.0,1.30576261510875
12887,70.0,49.0,4.0,1.0,5.0,1.0,4.0,4.0,3.0,9.0,0.632409533026282
11592,53.0,42.0,5.0,1.0,4.0,3.0,4.0,5.0,3.0,9.0,0.957857851035721
13976,52.0,44.0,4.0,0.0,2.0,3.0,4.0,3.0,1.0,3.0,0.692791032753904
11189,43.0,47.0,5.0,1.0,3.0,2.0,4.0,1.0,2.0,8.0,0.566761134604328
12888,60.0,36.0,4.0,0.0,5.0,3.0,4.0,3.0,2.0,7.0,0.565768034600773
10294,79.0,69.0,6.0,1.0,6.0,3.0,4.0,3.0,1.0,7.0,0.493441391818479
11695,71.0,34.0,4.0,1.0,6.0,3.0,4.0,4.0,2.0,5.0,0.565033071290946
12402,61.0,53.0,5.0,1.0,4.0,2.0,4.0,3.0,2.0,5.0,0.518039919267035
11312,56.0,58.0,5.0,1.0,6.0,3.0,4.0,3.0,2.0,5.0,0.926368672480692
13978,42.0,40.0,5.0,0.0,5.0,3.0,1.0,4.0,2.0,3.0,0.65861300831974
13684,50.0,43.0,5.0,0.0,1.0,1.0,1.0,4.0,1.0,1.0,0.980137277556311
7946,58.0,49.0,4.0,1.0,5.0,3.0,3.0,2.0,1.0,7.0,0.77827271641599
12500,34.0,46.0,4.0,1.0,1.0,3.0,1.0,4.0,3.0,8.0,1.42658424350689
11799,42.0,39.0,5.0,0.0,1.0,3.0,,5.0,2.0,3.0,1.06960085912194
13354,49.0,43.0,6.0,1.0,4.0,3.0,2.0,1.0,2.0,1.0,1.0328802780001
8086,33.0,43.0,5.0,0.0,2.0,3.0,1.0,2.0,2.0,4.0,0.876540459997036
13433,45.0,42.0,3.0,1.0,6.0,3.0,1.0,2.0,2.0,4.0,1.42808310095662
10066,36.0,17.0,1.0,1.0,2.0,3.0,1.0,4.0,4.0,8.0,1.63552660547092
8087,61.0,50.0,5.0,1.0,4.0,3.0,4.0,1.0,2.0,8.0,0.821065000244912
13905,81.0,66.0,6.0,0.0,6.0,3.0,4.0,2.0,2.0,9.0,0.305977967105136
11899,62.0,54.0,5.0,1.0,6.0,2.0,4.0,4.0,2.0,8.0,0.730217951526828
13668,42.0,25.0,4.0,1.0,2.0,1.0,1.0,1.0,3.0,2.0,0.940001413287045
9363,61.0,51.0,5.0,1.0,5.0,3.0,4.0,3.0,2.0,9.0,2.20539013753044
8661,64.0,66.0,7.0,1.0,6.0,3.0,4.0,4.0,1.0,8.0,0.924840981129284
13093,78.0,85.0,6.0,0.0,5.0,2.0,4.0,5.0,1.0,7.0,1.47548896627106
11800,68.0,62.0,6.0,1.0,5.0,3.0,4.0,4.0,1.0,8.0,0.8126460761258
14024,77.0,62.0,5.0,1.0,6.0,2.0,4.0,2.0,2.0,8.0,1.25396385103415
11593,57.0,55.0,3.0,1.0,4.0,2.0,4.0,2.0,2.0,8.0,1.63552660547092
9621,54.0,58.0,6.0,1.0,5.0,3.0,4.0,3.0,2.0,8.0,0.515913145940406
13817,44.0,44.0,1.0,0.0,1.0,2.0,2.0,5.0,1.0,1.0,0.706641999904904
13324,69.0,50.0,5.0,1.0,2.0,2.0,4.0,3.0,2.0,5.0,1.50330102451883
8662,50.0,36.0,5.0,0.0,3.0,3.0,3.0,1.0,3.0,7.0,1.38883165707496
11032,51.0,53.0,4.0,1.0,6.0,3.0,3.0,5.0,2.0,7.0,0.448998593362259
8088,63.0,58.0,5.0,0.0,6.0,3.0,4.0,5.0,1.0,9.0,1.01425409390912
12586,59.0,61.0,5.0,,3.0,2.0,3.0,3.0,2.0,6.0,0.824419922812385
11033,54.0,43.0,5.0,1.0,5.0,3.0,4.0,5.0,2.0,6.0,0.856847825223486
13319,65.0,51.0,5.0,0.0,4.0,3.0,4.0,3.0,3.0,7.0,0.487777920401827
13734,51.0,51.0,5.0,1.0,5.0,3.0,4.0,2.0,2.0,7.0,0.712480510226011
9364,70.0,45.0,5.0,1.0,6.0,3.0,4.0,3.0,1.0,9.0,2.16270379487824
10067,67.0,64.0,5.0,0.0,5.0,3.0,4.0,5.0,1.0,6.0,1.73756431982691
7947,32.0,50.0,3.0,0.0,4.0,1.0,2.0,3.0,2.0,8.0,1.43597132467536
9365,67.0,46.0,5.0,0.0,6.0,3.0,4.0,3.0,1.0,8.0,0.596706927257992
8253,63.0,37.0,4.0,0.0,5.0,3.0,4.0,3.0,3.0,5.0,0.96479677625119
9122,52.0,38.0,6.0,0.0,2.0,3.0,4.0,3.0,3.0,6.0,0.708577399812888
10863,78.0,85.0,7.0,1.0,6.0,3.0,4.0,4.0,2.0,7.0,1.21073417528728
7354,47.0,45.0,5.0,0.0,2.0,1.0,2.0,4.0,2.0,8.0,1.27293220885162
11313,32.0,40.0,6.0,1.0,2.0,3.0,1.0,2.0,3.0,3.0,0.862258705845904
11034,50.0,38.0,4.0,1.0,6.0,3.0,4.0,3.0,2.0,9.0,0.632409533026282
13197,51.0,46.0,5.0,1.0,5.0,1.0,3.0,2.0,2.0,4.0,0.882956068749892
11696,46.0,42.0,3.0,0.0,3.0,2.0,3.0,2.0,2.0,5.0,0.770008082927401
13209,72.0,49.0,6.0,1.0,6.0,3.0,4.0,4.0,3.0,9.0,0.68616119564917
8663,44.0,30.0,2.0,0.0,4.0,3.0,4.0,1.0,3.0,7.0,1.19433247086715
13895,41.0,43.0,3.0,0.0,3.0,2.0,2.0,3.0,2.0,1.0,0.785892620419774
12800,30.0,39.0,5.0,0.0,1.0,2.0,1.0,1.0,1.0,8.0,1.18750354950659
12501,70.0,46.0,5.0,0.0,4.0,1.0,4.0,4.0,1.0,5.0,0.565033071290946
11986,61.0,48.0,6.0,1.0,4.0,3.0,4.0,4.0,3.0,8.0,0.299638880314051
10503,58.0,55.0,5.0,1.0,4.0,1.0,4.0,2.0,2.0,2.0,1.19443227123827
7511,42.0,54.0,6.0,1.0,5.0,2.0,4.0,2.0,3.0,4.0,0.662573159858047
8466,54.0,46.0,4.0,1.0,5.0,3.0,3.0,1.0,1.0,6.0,1.02160788239247
10068,44.0,47.0,4.0,0.0,2.0,2.0,3.0,2.0,2.0,1.0,3.34772253937418
9856,67.0,55.0,5.0,1.0,6.0,2.0,4.0,3.0,2.0,1.0,1.43045062207345
10690,69.0,47.0,4.0,1.0,5.0,3.0,4.0,3.0,1.0,6.0,0.531960163694276
13981,32.0,66.0,5.0,1.0,5.0,3.0,3.0,3.0,1.0,3.0,1.3656348601457
11190,62.0,57.0,5.0,1.0,6.0,3.0,4.0,4.0,2.0,6.0,4.10858985534302
8254,58.0,53.0,6.0,1.0,5.0,3.0,4.0,5.0,2.0,8.0,0.57682275648546
8664,61.0,54.0,6.0,1.0,4.0,3.0,4.0,5.0,2.0,9.0,0.694742310796871
9857,29.0,41.0,4.0,0.0,3.0,3.0,2.0,1.0,2.0,1.0,0.966438260213091
11697,53.0,48.0,5.0,1.0,6.0,3.0,4.0,3.0,2.0,9.0,1.55553010171199
13134,51.0,58.0,5.0,1.0,4.0,2.0,4.0,3.0,2.0,9.0,2.8132126634854
11035,57.0,53.0,3.0,1.0,6.0,3.0,4.0,4.0,1.0,9.0,2.12052696784647
7258,35.0,35.0,5.0,0.0,1.0,1.0,4.0,4.0,3.0,1.0,0.637814834354918
7355,49.0,42.0,4.0,0.0,3.0,1.0,1.0,1.0,3.0,1.0,0.691478516864794
13409,53.0,62.0,6.0,0.0,3.0,3.0,4.0,1.0,1.0,3.0,0.43545704298065
9858,49.0,36.0,4.0,1.0,5.0,3.0,4.0,5.0,3.0,5.0,2.30000565134249
12217,37.0,30.0,2.0,0.0,1.0,2.0,1.0,1.0,3.0,2.0,2.69883226926658
13890,65.0,40.0,5.0,1.0,5.0,3.0,4.0,4.0,1.0,7.0,0.557069714734987
11314,48.0,45.0,4.0,0.0,4.0,3.0,3.0,3.0,2.0,6.0,0.541605881308155
10069,62.0,56.0,4.0,0.0,5.0,3.0,4.0,3.0,1.0,8.0,0.656411423285721
8467,49.0,45.0,4.0,1.0,5.0,3.0,3.0,5.0,2.0,8.0,1.35121733626688
13887,49.0,27.0,3.0,0.0,3.0,2.0,1.0,2.0,2.0,3.0,1.0233333489611
9622,53.0,43.0,3.0,0.0,3.0,2.0,,5.0,1.0,2.0,1.23146278036851
10070,57.0,53.0,6.0,1.0,6.0,3.0,4.0,3.0,2.0,9.0,0.651943387792858
11987,50.0,49.0,7.0,0.0,2.0,2.0,1.0,3.0,1.0,2.0,1.08173917550653
9623,53.0,39.0,4.0,0.0,5.0,3.0,4.0,5.0,2.0,7.0,1.31024974590806
10071,59.0,49.0,4.0,1.0,4.0,3.0,4.0,3.0,2.0,7.0,0.617322785008849
10295,75.0,64.0,5.0,1.0,6.0,2.0,4.0,5.0,1.0,6.0,1.3379697685741
13694,56.0,71.0,6.0,1.0,5.0,1.0,4.0,2.0,2.0,3.0,0.974152532473972
8885,40.0,39.0,3.0,0.0,4.0,2.0,3.0,1.0,2.0,9.0,3.61686526143135
11462,54.0,45.0,5.0,1.0,2.0,1.0,2.0,2.0,1.0,4.0,1.38499678453401
9366,46.0,40.0,5.0,0.0,5.0,3.0,4.0,4.0,2.0,7.0,0.724991236537067
9624,67.0,49.0,4.0,0.0,6.0,3.0,4.0,3.0,3.0,3.0,1.07659462692255
10072,52.0,48.0,4.0,1.0,5.0,3.0,3.0,1.0,2.0,2.0,1.18702003930472
9859,55.0,43.0,5.0,0.0,2.0,3.0,4.0,4.0,2.0,4.0,0.974152532473972
7186,48.0,44.0,4.0,0.0,3.0,1.0,2.0,3.0,3.0,8.0,0.476962626107654
7823,63.0,46.0,5.0,0.0,6.0,3.0,4.0,3.0,2.0,9.0,1.59283412149553
8665,50.0,40.0,3.0,1.0,1.0,3.0,3.0,4.0,2.0,2.0,0.967256188839699
11594,51.0,43.0,5.0,1.0,4.0,2.0,4.0,4.0,3.0,6.0,0.668887742101866
12278,46.0,53.0,6.0,1.0,4.0,3.0,2.0,3.0,2.0,5.0,0.752188494163203
12502,52.0,59.0,5.0,0.0,1.0,2.0,1.0,3.0,1.0,1.0,1.20614531782738
12137,58.0,49.0,6.0,1.0,5.0,3.0,4.0,4.0,1.0,6.0,0.390253685466167
9367,79.0,66.0,6.0,1.0,6.0,3.0,4.0,3.0,1.0,9.0,0.747459938645712
7949,62.0,46.0,5.0,1.0,6.0,3.0,4.0,4.0,1.0,9.0,0.67583588656469
12889,48.0,49.0,4.0,0.0,6.0,2.0,2.0,2.0,2.0,1.0,1.22510114861748
8255,49.0,42.0,4.0,1.0,4.0,2.0,4.0,3.0,2.0,6.0,0.901409806753624
9368,59.0,44.0,3.0,0.0,5.0,2.0,4.0,4.0,3.0,8.0,1.22290085629918
8256,67.0,81.0,7.0,1.0,4.0,3.0,4.0,4.0,2.0,3.0,0.616869759144283
11698,50.0,49.0,4.0,1.0,3.0,2.0,4.0,3.0,1.0,8.0,0.536842179565408
10296,52.0,39.0,4.0,0.0,4.0,3.0,2.0,3.0,2.0,7.0,0.720619392106815
7513,49.0,42.0,3.0,,4.0,1.0,,3.0,,1.0,0.681337266198548
7950,55.0,66.0,6.0,1.0,4.0,3.0,,3.0,1.0,3.0,2.06245149027285
8666,33.0,68.0,7.0,0.0,3.0,2.0,1.0,2.0,1.0,4.0,0.558957387584752
13737,72.0,47.0,3.0,1.0,2.0,2.0,4.0,5.0,2.0,6.0,0.467701204253611
8257,45.0,62.0,6.0,1.0,3.0,3.0,3.0,4.0,2.0,4.0,1.02711727266038
13527,50.0,53.0,6.0,1.0,4.0,2.0,,,1.0,7.0,1.72594625006726
9123,43.0,41.0,4.0,1.0,4.0,2.0,2.0,2.0,2.0,7.0,1.29521101179054
9860,47.0,38.0,5.0,1.0,3.0,1.0,1.0,1.0,2.0,2.0,0.967256188839699
13655,73.0,60.0,6.0,1.0,6.0,3.0,4.0,1.0,3.0,8.0,0.463226908545082
7951,60.0,43.0,5.0,0.0,4.0,3.0,3.0,3.0,2.0,9.0,2.20539013753044
12664,29.0,34.0,3.0,1.0,3.0,1.0,1.0,2.0,2.0,3.0,1.9286136700148
9369,55.0,54.0,5.0,1.0,5.0,2.0,3.0,3.0,1.0,8.0,1.18933354318161
11036,51.0,44.0,5.0,1.0,2.0,3.0,4.0,4.0,3.0,8.0,2.43990520514135
13884,39.0,38.0,4.0,1.0,5.0,3.0,1.0,1.0,1.0,3.0,0.745464253150577
7515,49.0,42.0,,1.0,4.0,1.0,,3.0,1.0,4.0,1.04518051687367
11463,82.0,85.0,6.0,1.0,6.0,3.0,4.0,5.0,1.0,8.0,0.566761134604328
13365,50.0,51.0,5.0,1.0,5.0,1.0,4.0,1.0,1.0,9.0,3.27953345602903
8886,27.0,42.0,4.0,0.0,2.0,3.0,1.0,3.0,3.0,3.0,0.670376629531644
12070,51.0,48.0,4.0,1.0,4.0,2.0,4.0,,1.0,7.0,1.33796716464855
9370,65.0,54.0,5.0,0.0,5.0,3.0,4.0,1.0,2.0,8.0,1.29790052559854
10297,19.0,25.0,3.0,0.0,1.0,2.0,1.0,5.0,2.0,1.0,1.34051827838611
10073,66.0,50.0,6.0,1.0,6.0,3.0,4.0,4.0,2.0,5.0,1.53084772126781
9124,61.0,53.0,5.0,1.0,5.0,3.0,4.0,3.0,2.0,7.0,0.208434914599238
7824,68.0,42.0,4.0,1.0,5.0,1.0,,2.0,3.0,5.0,0.844341714506277
11595,59.0,41.0,3.0,0.0,5.0,2.0,4.0,4.0,3.0,5.0,0.581735431939286
10074,66.0,44.0,4.0,,5.0,2.0,4.0,2.0,2.0,8.0,0.923691853531581
12279,49.0,41.0,3.0,1.0,2.0,3.0,1.0,4.0,3.0,2.0,0.683611691986969
8089,70.0,56.0,5.0,0.0,6.0,3.0,4.0,4.0,2.0,7.0,1.43612782198583
12890,65.0,59.0,6.0,1.0,5.0,3.0,4.0,3.0,1.0,4.0,0.846532820436396
12823,43.0,51.0,4.0,1.0,5.0,2.0,1.0,1.0,3.0,6.0,1.45006246583422
9371,36.0,51.0,4.0,0.0,3.0,3.0,,3.0,1.0,3.0,1.12275265958766
7516,51.0,55.0,6.0,1.0,5.0,3.0,4.0,2.0,2.0,8.0,1.29790052559854
8468,51.0,46.0,5.0,1.0,4.0,2.0,4.0,1.0,1.0,3.0,0.776107895687571
13622,75.0,77.0,6.0,1.0,5.0,1.0,4.0,4.0,1.0,8.0,1.410871002025
10075,65.0,81.0,5.0,1.0,6.0,3.0,4.0,4.0,2.0,9.0,0.755199258186922
11315,58.0,49.0,5.0,1.0,5.0,3.0,4.0,5.0,2.0,8.0,0.847496026590327
8887,80.0,64.0,7.0,1.0,6.0,3.0,4.0,4.0,2.0,9.0,0.290546653888002
10504,30.0,55.0,5.0,1.0,4.0,3.0,1.0,1.0,1.0,3.0,0.836513587706512
8888,82.0,56.0,5.0,0.0,5.0,3.0,4.0,4.0,1.0,6.0,0.763245203570024
10864,68.0,80.0,6.0,1.0,3.0,2.0,4.0,4.0,3.0,2.0,1.22860653192177
13115,34.0,31.0,4.0,0.0,1.0,3.0,1.0,2.0,3.0,3.0,0.546279002071479
12801,54.0,32.0,3.0,1.0,2.0,3.0,4.0,1.0,4.0,4.0,0.597089468668002
12219,54.0,49.0,5.0,1.0,5.0,3.0,3.0,2.0,2.0,5.0,0.518039919267035
8469,56.0,37.0,4.0,0.0,3.0,3.0,4.0,5.0,2.0,8.0,1.13805749142956
9862,52.0,59.0,5.0,1.0,5.0,2.0,3.0,4.0,2.0,4.0,0.675816242706003
12335,58.0,39.0,4.0,0.0,3.0,3.0,4.0,4.0,1.0,3.0,1.59748748284585
9125,58.0,45.0,4.0,0.0,6.0,2.0,4.0,4.0,2.0,7.0,0.91484217551825
8470,64.0,57.0,5.0,1.0,6.0,3.0,4.0,3.0,2.0,6.0,1.26192909423395
10076,49.0,54.0,4.0,0.0,4.0,2.0,3.0,2.0,1.0,9.0,1.13723396500634
10692,48.0,41.0,4.0,1.0,4.0,3.0,4.0,1.0,2.0,6.0,1.32756071178087
12138,55.0,47.0,6.0,1.0,5.0,3.0,4.0,2.0,2.0,8.0,0.482758137042377
7518,56.0,82.0,5.0,0.0,3.0,2.0,4.0,5.0,1.0,7.0,1.21981516268693
8667,40.0,45.0,6.0,0.0,2.0,3.0,1.0,2.0,1.0,1.0,0.740235742058045
11316,41.0,51.0,5.0,1.0,5.0,3.0,3.0,1.0,2.0,3.0,0.771035483823076
11988,14.0,75.0,3.0,0.0,1.0,3.0,1.0,1.0,2.0,1.0,1.73980588635218
12459,85.0,59.0,5.0,0.0,3.0,1.0,4.0,4.0,2.0,7.0,0.398072953530557
9863,69.0,70.0,7.0,1.0,6.0,3.0,4.0,5.0,1.0,8.0,0.448201254527279
13407,32.0,41.0,4.0,0.0,4.0,1.0,4.0,1.0,3.0,1.0,1.19622835520067
12802,49.0,50.0,4.0,1.0,2.0,3.0,3.0,5.0,2.0,2.0,0.557678007851231
9625,61.0,44.0,4.0,0.0,6.0,3.0,4.0,4.0,2.0,8.0,1.84062405802501
13094,50.0,44.0,5.0,1.0,5.0,3.0,4.0,3.0,2.0,9.0,0.815617648809735
13664,71.0,57.0,6.0,1.0,6.0,3.0,4.0,3.0,2.0,6.0,0.467732194611889
11317,71.0,78.0,6.0,1.0,4.0,3.0,4.0,3.0,1.0,6.0,0.961906816651887
10505,47.0,30.0,2.0,0.0,4.0,3.0,3.0,4.0,1.0,9.0,0.68852853955834
8889,73.0,69.0,5.0,1.0,6.0,3.0,4.0,3.0,2.0,9.0,1.41274047381618
7952,51.0,44.0,5.0,1.0,3.0,3.0,4.0,3.0,2.0,8.0,1.47780106182218
13544,30.0,13.0,2.0,0.0,5.0,2.0,1.0,1.0,3.0,3.0,2.13542372254876
11191,61.0,57.0,5.0,1.0,5.0,3.0,4.0,2.0,2.0,9.0,0.395461080825332
12139,49.0,60.0,3.0,1.0,6.0,2.0,3.0,3.0,2.0,4.0,0.629677360492704
9126,46.0,51.0,5.0,0.0,4.0,3.0,4.0,5.0,2.0,3.0,1.23146278036851
7520,42.0,61.0,5.0,1.0,3.0,3.0,4.0,3.0,3.0,7.0,0.469347785971541
12665,45.0,41.0,6.0,1.0,4.0,2.0,3.0,1.0,1.0,1.0,0.94243184972882
7356,47.0,54.0,6.0,1.0,5.0,3.0,4.0,3.0,3.0,4.0,0.728748944816934
11801,48.0,26.0,4.0,1.0,2.0,2.0,1.0,1.0,3.0,1.0,1.60975819147801
11037,60.0,52.0,5.0,0.0,5.0,3.0,3.0,5.0,2.0,5.0,0.556347815696876
10865,54.0,50.0,4.0,1.0,5.0,3.0,4.0,3.0,3.0,5.0,0.533833103325354
9626,56.0,42.0,5.0,0.0,2.0,3.0,4.0,2.0,3.0,8.0,0.47478101054196
10866,51.0,44.0,4.0,1.0,4.0,3.0,3.0,4.0,2.0,6.0,0.9379121198635552
12891,66.0,85.0,6.0,1.0,5.0,3.0,4.0,2.0,3.0,8.0,0.606069033711064
12336,75.0,52.0,7.0,1.0,6.0,3.0,4.0,5.0,2.0,9.0,0.721776282697989
13867,63.0,55.0,5.0,1.0,4.0,3.0,4.0,4.0,2.0,1.0,0.8885020996409
12737,47.0,51.0,6.0,1.0,3.0,3.0,4.0,4.0,3.0,6.0,1.15067920113118
10693,58.0,51.0,4.0,1.0,6.0,3.0,4.0,5.0,1.0,3.0,0.911002953259815
11700,89.0,73.0,6.0,0.0,6.0,3.0,4.0,3.0,4.0,3.0,1.65444340976881
13647,34.0,42.0,4.0,0.0,3.0,3.0,,2.0,3.0,4.0,0.809197945234043
10077,67.0,34.0,3.0,0.0,5.0,2.0,3.0,4.0,3.0,6.0,0.541605881308155
14349,52.0,48.0,5.0,0.0,4.0,1.0,4.0,2.0,2.0,3.0,1.6527648544865
7304,95.0,85.0,7.0,0.0,6.0,0.0,4.0,4.0,1.0,9.0,0.733129034003188
10694,57.0,40.0,4.0,0.0,4.0,1.0,4.0,3.0,2.0,1.0,0.465719032308469
12337,62.0,44.0,5.0,0.0,4.0,3.0,4.0,3.0,2.0,8.0,0.782747066404378
8090,81.0,53.0,5.0,1.0,6.0,3.0,4.0,4.0,2.0,9.0,0.589904769487649
9864,56.0,65.0,6.0,1.0,4.0,3.0,4.0,3.0,1.0,5.0,0.583157725350971
10695,78.0,54.0,5.0,0.0,5.0,3.0,4.0,4.0,2.0,8.0,0.566148813903296
8890,40.0,43.0,5.0,0.0,4.0,3.0,1.0,1.0,2.0,5.0,0.768329568890209
9865,56.0,44.0,5.0,1.0,4.0,3.0,4.0,3.0,2.0,9.0,0.640924888797202
8091,63.0,51.0,6.0,1.0,5.0,2.0,4.0,4.0,2.0,9.0,0.589904769487649
12738,54.0,35.0,5.0,0.0,3.0,3.0,4.0,3.0,2.0,8.0,0.669932745881724
12666,63.0,58.0,5.0,1.0,6.0,3.0,4.0,4.0,1.0,9.0,1.65608968655699
9866,51.0,43.0,5.0,0.0,4.0,3.0,4.0,5.0,2.0,6.0,1.26990970808127
11596,61.0,42.0,4.0,0.0,4.0,3.0,4.0,4.0,2.0,4.0,0.55836542263357
7953,48.0,43.0,4.0,1.0,5.0,3.0,4.0,5.0,2.0,8.0,1.43597132467536
12071,62.0,52.0,4.0,0.0,4.0,3.0,,5.0,3.0,6.0,0.509250504075048
11038,53.0,52.0,5.0,1.0,5.0,3.0,4.0,5.0,2.0,7.0,0.959400184803773
11039,46.0,48.0,4.0,1.0,4.0,3.0,3.0,5.0,2.0,8.0,2.44206109452122
12915,52.0,41.0,4.0,1.0,4.0,2.0,4.0,3.0,2.0,8.0,0.428786760176607
12772,46.0,35.0,3.0,0.0,1.0,2.0,,2.0,3.0,3.0,1.21710247163709
9867,66.0,52.0,4.0,0.0,6.0,3.0,4.0,3.0,2.0,4.0,1.00895276352739
7259,62.0,77.0,7.0,1.0,,0.0,,,,9.0,6.63867414605819
12220,68.0,64.0,6.0,1.0,6.0,3.0,4.0,5.0,3.0,5.0,0.909188568757773
9627,62.0,52.0,6.0,0.0,6.0,3.0,4.0,4.0,1.0,4.0,1.31255765390759
13885,50.0,35.0,2.0,1.0,2.0,1.0,1.0,1.0,1.0,1.0,1.74197685328675
13704,57.0,42.0,5.0,0.0,2.0,3.0,4.0,4.0,3.0,7.0,0.354565065537302
11989,32.0,49.0,4.0,0.0,1.0,1.0,3.0,2.0,1.0,3.0,0.618374573960238
13523,45.0,18.0,2.0,0.0,2.0,3.0,1.0,1.0,3.0,3.0,2.27634902628576
13971,70.0,67.0,6.0,1.0,6.0,3.0,4.0,1.0,1.0,8.0,0.731086535269289
11193,79.0,52.0,3.0,0.0,6.0,3.0,4.0,5.0,2.0,6.0,0.483796130421764
13808,47.0,39.0,5.0,0.0,6.0,1.0,4.0,2.0,2.0,7.0,0.630400285495304
10696,54.0,61.0,5.0,0.0,5.0,2.0,4.0,3.0,2.0,3.0,1.21652350246841
12587,42.0,40.0,,0.0,4.0,2.0,3.0,1.0,2.0,3.0,0.609367179579663
8891,43.0,79.0,7.0,1.0,6.0,1.0,,3.0,4.0,3.0,1.2155395768937
9868,51.0,54.0,5.0,1.0,4.0,2.0,4.0,3.0,4.0,3.0,0.427677135971195
12739,55.0,58.0,6.0,1.0,3.0,2.0,1.0,3.0,2.0,4.0,0.617369116628952
11597,49.0,41.0,3.0,1.0,4.0,3.0,1.0,1.0,2.0,3.0,1.32887395417777
13495,63.0,55.0,6.0,1.0,5.0,3.0,4.0,3.0,2.0,7.0,0.589284193232421
10299,55.0,51.0,5.0,1.0,6.0,2.0,4.0,4.0,2.0,2.0,0.668823476658071
9127,39.0,51.0,4.0,1.0,4.0,2.0,2.0,3.0,1.0,1.0,0.51628348511763
9628,61.0,53.0,4.0,1.0,6.0,3.0,4.0,4.0,1.0,8.0,1.68718612344007
13626,45.0,47.0,4.0,0.0,4.0,3.0,4.0,5.0,2.0,5.0,1.32756071178087
8892,60.0,61.0,5.0,1.0,5.0,3.0,4.0,5.0,2.0,7.0,0.959400184803773
11464,44.0,53.0,5.0,1.0,5.0,3.0,4.0,4.0,2.0,6.0,1.53084772126781
12550,54.0,64.0,6.0,1.0,6.0,3.0,4.0,2.0,1.0,8.0,0.34398243134871
8471,48.0,29.0,5.0,0.0,1.0,3.0,3.0,1.0,4.0,8.0,0.821065000244912
11990,72.0,56.0,2.0,1.0,6.0,3.0,4.0,3.0,1.0,6.0,0.541605881308155
13550,65.0,53.0,5.0,1.0,6.0,3.0,4.0,4.0,2.0,7.0,0.322242695449367
9869,67.0,53.0,5.0,0.0,2.0,3.0,4.0,2.0,2.0,9.0,0.986328867452414
10697,88.0,72.0,7.0,1.0,6.0,3.0,4.0,5.0,2.0,9.0,0.721776282697989
9870,57.0,58.0,6.0,1.0,5.0,3.0,4.0,5.0,1.0,7.0,0.760060876128717
8472,56.0,38.0,5.0,1.0,3.0,3.0,4.0,4.0,1.0,8.0,1.11080607275561
12072,87.0,58.0,6.0,0.0,5.0,3.0,4.0,5.0,2.0,8.0,0.727695340999046
11701,51.0,43.0,5.0,1.0,4.0,2.0,2.0,1.0,2.0,1.0,0.819407976172396
12803,46.0,69.0,6.0,1.0,6.0,2.0,4.0,1.0,3.0,6.0,0.952285836582119
7217,39.0,49.0,6.0,1.0,3.0,1.0,3.0,1.0,2.0,5.0,0.961906816651887
10078,46.0,44.0,5.0,0.0,4.0,3.0,4.0,,3.0,2.0,0.64647964995007
8092,60.0,58.0,5.0,1.0,6.0,3.0,4.0,4.0,2.0,9.0,1.49264229520533
12140,35.0,42.0,3.0,0.0,2.0,3.0,1.0,5.0,3.0,1.0,1.50124706589456
10300,17.0,79.0,4.0,0.0,1.0,1.0,1.0,5.0,2.0,2.0,2.05122205544013
10079,36.0,15.0,1.0,1.0,3.0,1.0,,3.0,2.0,3.0,0.914159192212371
9629,74.0,63.0,5.0,1.0,6.0,3.0,4.0,4.0,1.0,8.0,0.904825573701167
13217,44.0,45.0,5.0,0.0,5.0,3.0,1.0,2.0,3.0,6.0,0.467155267860155
11802,28.0,32.0,2.0,1.0,3.0,3.0,1.0,3.0,2.0,7.0,1.22838138701652
10867,59.0,51.0,5.0,1.0,3.0,3.0,3.0,3.0,2.0,5.0,0.541605881308155
9128,68.0,60.0,5.0,1.0,5.0,3.0,4.0,4.0,2.0,6.0,0.951601278826497
10301,62.0,39.0,3.0,1.0,6.0,3.0,4.0,2.0,2.0,9.0,0.986328867452414
9871,85.0,64.0,5.0,0.0,6.0,3.0,4.0,4.0,2.0,8.0,0.657132330949578
13277,55.0,44.0,4.0,1.0,5.0,2.0,,3.0,3.0,7.0,1.5142775349164
13565,56.0,54.0,5.0,1.0,4.0,2.0,2.0,3.0,1.0,3.0,1.23062060000594
11318,38.0,38.0,5.0,1.0,2.0,3.0,3.0,1.0,3.0,4.0,0.716924559805053
13498,62.0,52.0,5.0,1.0,4.0,3.0,4.0,3.0,1.0,5.0,0.660584581656395
13956,27.0,47.0,5.0,1.0,1.0,0.0,1.0,1.0,1.0,1.0,2.98954922473847
7525,95.0,73.0,5.0,0.0,6.0,3.0,4.0,5.0,2.0,4.0,0.401397579150246
10080,51.0,41.0,4.0,0.0,3.0,3.0,3.0,3.0,1.0,2.0,0.703622855774183
12588,54.0,76.0,6.0,1.0,5.0,2.0,2.0,5.0,1.0,1.0,0.952164766582127
7260,36.0,63.0,5.0,0.0,4.0,0.0,1.0,2.0,3.0,7.0,2.67471359777768
10868,32.0,28.0,3.0,0.0,3.0,3.0,1.0,5.0,2.0,7.0,1.33770529143015
12892,59.0,44.0,4.0,1.0,4.0,2.0,4.0,1.0,3.0,6.0,1.41290395903476
11194,51.0,57.0,4.0,0.0,3.0,2.0,1.0,3.0,1.0,3.0,0.892682745809019
8668,64.0,59.0,5.0,1.0,5.0,3.0,4.0,3.0,2.0,8.0,0.428443646566966
8669,60.0,46.0,4.0,1.0,6.0,1.0,4.0,5.0,2.0,6.0,1.022379906537
13177,42.0,51.0,4.0,1.0,4.0,0.0,2.0,4.0,2.0,1.0,1.248604059367
10698,49.0,66.0,5.0,1.0,6.0,3.0,4.0,5.0,2.0,4.0,0.759474135497227
10506,55.0,34.0,4.0,1.0,5.0,2.0,4.0,1.0,3.0,6.0,0.467732194611889
10507,45.0,39.0,4.0,0.0,1.0,2.0,1.0,1.0,1.0,2.0,1.69534972278973
7825,66.0,56.0,4.0,0.0,6.0,3.0,4.0,5.0,1.0,8.0,1.22290085629918
9630,59.0,51.0,5.0,0.0,2.0,3.0,4.0,4.0,1.0,6.0,0.859920935034536
10699,33.0,28.0,6.0,0.0,3.0,2.0,,3.0,1.0,1.0,1.14661746404018
11195,59.0,31.0,3.0,1.0,1.0,3.0,4.0,4.0,3.0,8.0,1.58229163059575
13587,55.0,40.0,3.0,1.0,4.0,2.0,3.0,1.0,3.0,3.0,1.32887395417777
12221,31.0,48.0,5.0,1.0,3.0,1.0,2.0,3.0,1.0,1.0,1.89457962959123
11040,41.0,41.0,4.0,1.0,2.0,3.0,4.0,3.0,3.0,8.0,0.645436206518663
11465,75.0,76.0,5.0,0.0,6.0,3.0,4.0,5.0,1.0,9.0,0.73221123417724
7826,55.0,55.0,5.0,0.0,5.0,2.0,4.0,1.0,3.0,4.0,0.384540833729205
9872,38.0,38.0,5.0,1.0,2.0,3.0,1.0,1.0,2.0,2.0,0.998029590789137
9372,23.0,33.0,2.0,0.0,1.0,3.0,1.0,1.0,4.0,1.0,1.75950189399629
10700,65.0,43.0,2.0,0.0,5.0,2.0,4.0,5.0,2.0,1.0,0.740235742058045
11319,77.0,68.0,5.0,1.0,6.0,2.0,3.0,1.0,3.0,5.0,1.56032500734928
10081,46.0,50.0,5.0,1.0,4.0,3.0,4.0,2.0,3.0,6.0,1.98670869031714
9129,48.0,42.0,7.0,0.0,1.0,1.0,,1.0,1.0,1.0,0.879543444465065
12280,42.0,40.0,3.0,0.0,2.0,2.0,,3.0,3.0,1.0,1.63535982754084
11466,52.0,49.0,4.0,1.0,4.0,3.0,4.0,5.0,2.0,5.0,0.510227491142889
9130,58.0,31.0,4.0,1.0,1.0,2.0,2.0,3.0,3.0,3.0,1.88774706365071
12281,42.0,45.0,5.0,1.0,2.0,1.0,1.0,2.0,1.0,3.0,0.64647964995007
9631,64.0,57.0,4.0,1.0,6.0,3.0,3.0,4.0,1.0,7.0,0.780850173039287
7305,,,,1.0,,0.0,4.0,,,7.0,0.447238963764894
9131,60.0,45.0,4.0,1.0,5.0,3.0,4.0,3.0,1.0,9.0,0.816679835167205
9632,38.0,48.0,5.0,0.0,1.0,0.0,1.0,5.0,3.0,2.0,1.14612197968063
7954,37.0,49.0,4.0,0.0,5.0,1.0,,1.0,1.0,1.0,1.1351071104352
12222,49.0,41.0,4.0,1.0,3.0,1.0,4.0,5.0,3.0,6.0,1.92096686410645
11196,67.0,61.0,6.0,1.0,6.0,3.0,4.0,3.0,2.0,9.0,0.958472791770346
12667,53.0,52.0,2.0,1.0,4.0,0.0,,1.0,1.0,1.0,1.22219672707412
13466,49.0,44.0,5.0,0.0,4.0,2.0,4.0,2.0,1.0,3.0,2.42709041569959
11467,50.0,42.0,4.0,0.0,4.0,2.0,2.0,3.0,2.0,4.0,0.944332521952907
13186,53.0,56.0,5.0,0.0,4.0,3.0,4.0,4.0,2.0,8.0,0.924148617842031
12461,72.0,54.0,6.0,1.0,4.0,3.0,4.0,3.0,1.0,9.0,0.446504870156368
13218,62.0,64.0,5.0,1.0,5.0,2.0,3.0,1.0,2.0,5.0,1.37542745591342
10869,34.0,48.0,3.0,0.0,2.0,2.0,1.0,1.0,1.0,1.0,1.19622835520067
11197,37.0,33.0,4.0,0.0,2.0,3.0,,2.0,2.0,1.0,1.50196543846463
8893,43.0,67.0,5.0,0.0,5.0,1.0,1.0,5.0,1.0,9.0,0.67583588656469
12700,75.0,73.0,5.0,0.0,6.0,1.0,3.0,5.0,1.0,1.0,0.98998686901371
10082,57.0,40.0,6.0,1.0,5.0,3.0,4.0,4.0,3.0,9.0,0.815617648809735
9633,49.0,35.0,3.0,0.0,3.0,3.0,3.0,5.0,1.0,2.0,1.11288612698587
8258,48.0,32.0,4.0,0.0,2.0,2.0,,2.0,2.0,2.0,1.28657174363077
10508,56.0,30.0,4.0,0.0,2.0,3.0,4.0,4.0,3.0,5.0,0.637783334631278
11198,60.0,59.0,5.0,1.0,5.0,2.0,4.0,4.0,2.0,3.0,1.23572069630379
12141,82.0,53.0,6.0,1.0,6.0,3.0,4.0,4.0,1.0,8.0,0.787896320316313
11041,50.0,51.0,5.0,1.0,3.0,3.0,3.0,3.0,2.0,7.0,0.559520962881406
9634,38.0,14.0,1.0,0.0,1.0,0.0,3.0,4.0,3.0,3.0,1.03958251328015
7955,63.0,56.0,5.0,1.0,4.0,3.0,3.0,4.0,1.0,9.0,1.25347460384246
12552,68.0,53.0,7.0,0.0,6.0,1.0,4.0,3.0,2.0,5.0,0.534972693814371
13756,36.0,39.0,5.0,0.0,1.0,2.0,1.0,1.0,3.0,3.0,2.29400611123061
9873,37.0,80.0,6.0,1.0,6.0,1.0,4.0,2.0,1.0,2.0,1.17297099389495
11042,62.0,51.0,5.0,1.0,5.0,3.0,4.0,4.0,1.0,9.0,2.51581853267946
11320,14.0,37.0,2.0,0.0,1.0,1.0,1.0,1.0,1.0,1.0,1.06161301239877
13814,79.0,59.0,5.0,1.0,4.0,2.0,4.0,3.0,2.0,5.0,0.565115074980188
8473,48.0,39.0,5.0,1.0,5.0,2.0,3.0,4.0,2.0,3.0,1.76754045518751
11598,56.0,60.0,6.0,0.0,6.0,1.0,,1.0,3.0,5.0,0.561755834512983
9132,41.0,75.0,5.0,0.0,4.0,2.0,1.0,3.0,1.0,1.0,0.849820185247749
8894,64.0,77.0,5.0,1.0,6.0,3.0,4.0,2.0,1.0,7.0,1.22033856487947
11991,36.0,30.0,6.0,0.0,2.0,2.0,1.0,4.0,3.0,1.0,0.891448968501593
12073,78.0,54.0,5.0,1.0,6.0,2.0,4.0,3.0,2.0,6.0,0.87387502521174
11702,86.0,55.0,5.0,0.0,5.0,2.0,4.0,5.0,1.0,7.0,0.401987587665569
8895,37.0,30.0,3.0,0.0,5.0,2.0,1.0,3.0,4.0,3.0,1.70628454053197
12142,46.0,42.0,3.0,1.0,4.0,3.0,1.0,2.0,1.0,4.0,0.868387282182338
12143,64.0,57.0,4.0,0.0,5.0,3.0,4.0,3.0,2.0,3.0,1.76754045518751
9373,48.0,42.0,5.0,0.0,4.0,2.0,4.0,3.0,3.0,3.0,0.831370618238244
12916,51.0,43.0,5.0,1.0,4.0,3.0,3.0,4.0,2.0,1.0,1.46135095556513
11043,23.0,25.0,1.0,1.0,1.0,3.0,1.0,2.0,1.0,7.0,2.21130473684655
11703,87.0,85.0,6.0,1.0,6.0,3.0,4.0,3.0,1.0,7.0,0.588631156660253
12074,46.0,31.0,5.0,1.0,4.0,3.0,2.0,2.0,2.0,3.0,1.11545204970463
13015,80.0,49.0,5.0,1.0,5.0,3.0,4.0,4.0,2.0,6.0,0.849523959415437
8670,66.0,78.0,5.0,1.0,6.0,3.0,4.0,5.0,1.0,9.0,0.613330849282376
13714,70.0,62.0,6.0,1.0,5.0,3.0,4.0,3.0,1.0,8.0,0.40340673011185
8671,63.0,76.0,5.0,1.0,6.0,3.0,4.0,3.0,3.0,9.0,1.55553010171199
7956,49.0,41.0,5.0,1.0,3.0,2.0,3.0,2.0,3.0,7.0,1.4683904073529
13521,41.0,33.0,3.0,0.0,1.0,2.0,1.0,1.0,4.0,8.0,1.31007696092163
10302,49.0,44.0,4.0,1.0,5.0,1.0,1.0,2.0,3.0,1.0,0.746220546756788
12701,49.0,33.0,1.0,0.0,5.0,2.0,,5.0,2.0,3.0,0.595705826954785
11199,81.0,42.0,5.0,0.0,6.0,3.0,4.0,5.0,1.0,4.0,0.806766286834418
11200,68.0,51.0,5.0,0.0,5.0,3.0,4.0,3.0,2.0,9.0,0.335733414356637
12893,56.0,48.0,4.0,1.0,6.0,2.0,3.0,3.0,3.0,7.0,0.859886135042871
8259,40.0,50.0,3.0,0.0,5.0,2.0,4.0,5.0,1.0,8.0,1.51405597295409
8672,61.0,41.0,5.0,0.0,5.0,3.0,3.0,4.0,2.0,6.0,1.28059198951955
9374,58.0,49.0,4.0,0.0,5.0,3.0,4.0,4.0,2.0,4.0,1.30275914738311
9874,63.0,50.0,5.0,1.0,5.0,3.0,4.0,4.0,2.0,7.0,0.720619392106815
11468,54.0,50.0,5.0,1.0,4.0,3.0,4.0,3.0,2.0,1.0,0.93076392353572
10702,62.0,40.0,3.0,0.0,5.0,1.0,4.0,4.0,2.0,4.0,0.64647964995007
9133,78.0,64.0,6.0,1.0,6.0,3.0,4.0,4.0,1.0,9.0,1.77400689273698
13823,46.0,49.0,5.0,0.0,3.0,3.0,3.0,1.0,1.0,5.0,1.50933362956194
10303,58.0,55.0,4.0,1.0,3.0,2.0,3.0,1.0,1.0,2.0,0.978745339251396
8673,69.0,51.0,4.0,0.0,6.0,3.0,4.0,1.0,2.0,6.0,0.572030427265671
8474,55.0,42.0,4.0,0.0,4.0,2.0,3.0,3.0,1.0,3.0,1.23146278036851
12403,32.0,24.0,1.0,1.0,1.0,2.0,1.0,1.0,4.0,1.0,1.6940001573367
9636,59.0,49.0,3.0,0.0,5.0,3.0,4.0,,2.0,2.0,0.77646702997106
9375,77.0,55.0,5.0,1.0,6.0,3.0,4.0,4.0,1.0,8.0,1.43157930643065
9875,48.0,45.0,4.0,1.0,4.0,3.0,4.0,3.0,2.0,7.0,0.794645494865317
10870,47.0,37.0,5.0,1.0,2.0,3.0,1.0,4.0,2.0,6.0,2.047416606751
13289,68.0,55.0,5.0,1.0,6.0,3.0,4.0,4.0,2.0,9.0,3.29975078586931
11469,58.0,50.0,5.0,0.0,2.0,2.0,1.0,1.0,1.0,4.0,1.12235058734901
7261,29.0,69.0,7.0,1.0,6.0,1.0,3.0,2.0,4.0,1.0,0.980670106160736
8260,44.0,40.0,4.0,1.0,2.0,2.0,,1.0,3.0,2.0,0.810065039460786
9376,40.0,42.0,4.0,1.0,3.0,1.0,1.0,1.0,2.0,3.0,1.51814404718086
11992,58.0,39.0,4.0,1.0,5.0,1.0,2.0,3.0,3.0,3.0,0.836039171693985
11044,29.0,26.0,1.0,0.0,1.0,3.0,1.0,1.0,3.0,5.0,0.888364604566829
7829,50.0,44.0,1.0,0.0,1.0,3.0,1.0,1.0,2.0,9.0,2.05878806658069
11045,48.0,48.0,6.0,1.0,1.0,3.0,3.0,3.0,1.0,4.0,1.01103924078967
13561,48.0,71.0,4.0,0.0,4.0,3.0,1.0,2.0,1.0,1.0,3.67153656220671
13198,51.0,49.0,5.0,1.0,2.0,2.0,1.0,4.0,1.0,1.0,0.722957424683545
8897,14.0,39.0,5.0,1.0,2.0,3.0,1.0,1.0,2.0,7.0,1.10617833158964
13339,52.0,67.0,5.0,1.0,6.0,3.0,1.0,1.0,3.0,2.0,0.743905659037649
7957,54.0,56.0,6.0,1.0,5.0,3.0,4.0,5.0,1.0,7.0,0.617322785008849
8475,43.0,43.0,5.0,0.0,4.0,2.0,2.0,3.0,1.0,7.0,0.86537526298837
10703,83.0,57.0,5.0,0.0,6.0,3.0,4.0,1.0,1.0,6.0,0.56291294132629
8261,57.0,45.0,4.0,0.0,6.0,3.0,4.0,3.0,2.0,6.0,0.729562937122872
9134,63.0,39.0,4.0,0.0,3.0,1.0,3.0,3.0,2.0,1.0,1.33860970672399
12404,26.0,41.0,5.0,1.0,2.0,3.0,1.0,1.0,2.0,4.0,0.692791032753904
12283,47.0,49.0,5.0,1.0,1.0,3.0,1.0,2.0,3.0,7.0,1.67181205795145
12841,45.0,44.0,4.0,1.0,2.0,3.0,1.0,3.0,2.0,5.0,0.734577568537436
9377,76.0,66.0,6.0,1.0,6.0,3.0,4.0,3.0,1.0,7.0,0.398072953530557
13864,56.0,48.0,4.0,0.0,5.0,2.0,4.0,4.0,3.0,4.0,1.08836690155008
12702,76.0,58.0,6.0,1.0,5.0,2.0,4.0,3.0,1.0,8.0,0.522496468137621
9378,70.0,58.0,5.0,1.0,5.0,3.0,4.0,5.0,1.0,9.0,0.630826566815191
10305,51.0,37.0,3.0,1.0,4.0,1.0,,4.0,3.0,6.0,1.70358142358734
7357,36.0,32.0,4.0,1.0,4.0,2.0,,3.0,2.0,8.0,1.53219300430304
9638,68.0,78.0,6.0,1.0,6.0,3.0,4.0,3.0,1.0,3.0,0.557602495370006
11803,37.0,43.0,4.0,1.0,3.0,1.0,4.0,3.0,2.0,9.0,1.22920384419514
7307,50.0,52.0,4.0,1.0,5.0,2.0,2.0,3.0,3.0,4.0,1.55394118041654
13265,63.0,44.0,4.0,0.0,6.0,2.0,4.0,3.0,2.0,7.0,0.386645788643253
9876,59.0,52.0,5.0,1.0,5.0,3.0,4.0,4.0,2.0,7.0,0.652738900286057
9877,51.0,40.0,5.0,0.0,6.0,1.0,4.0,5.0,2.0,3.0,0.605872820614108
10871,51.0,34.0,3.0,0.0,3.0,3.0,3.0,3.0,2.0,3.0,0.798485590287559
12144,50.0,46.0,5.0,0.0,2.0,2.0,,1.0,3.0,6.0,1.24463811034722
7187,55.0,42.0,4.0,1.0,5.0,1.0,4.0,2.0,1.0,7.0,1.18761455431409
7958,51.0,48.0,4.0,1.0,4.0,3.0,2.0,3.0,2.0,7.0,0.493441391818479
12917,53.0,52.0,4.0,1.0,5.0,2.0,4.0,2.0,3.0,7.0,0.757206935156666
8262,41.0,42.0,3.0,0.0,4.0,2.0,2.0,2.0,3.0,3.0,1.29057346206427
8899,61.0,73.0,6.0,1.0,6.0,2.0,1.0,3.0,1.0,1.0,1.69646305802042
9379,51.0,18.0,4.0,1.0,2.0,3.0,3.0,3.0,2.0,7.0,1.21703859119498
11470,81.0,82.0,6.0,1.0,6.0,3.0,4.0,1.0,3.0,7.0,0.528451299601341
13396,68.0,63.0,6.0,0.0,4.0,2.0,,2.0,1.0,3.0,0.493938364199412
12703,66.0,56.0,5.0,1.0,6.0,3.0,4.0,4.0,2.0,9.0,0.307781199232946
12284,68.0,70.0,6.0,1.0,5.0,3.0,4.0,5.0,2.0,9.0,0.845508501355146
8674,65.0,60.0,6.0,1.0,5.0,2.0,4.0,4.0,1.0,9.0,0.88786060698818
12503,74.0,57.0,6.0,1.0,6.0,3.0,4.0,4.0,1.0,6.0,0.556347815696876
12864,50.0,40.0,4.0,1.0,5.0,3.0,,2.0,2.0,2.0,0.721391060121441
10083,75.0,44.0,4.0,0.0,5.0,3.0,4.0,3.0,2.0,5.0,0.845212713147787
8263,49.0,43.0,,0.0,4.0,3.0,,2.0,2.0,3.0,3.10946554406881
8476,74.0,68.0,5.0,1.0,6.0,3.0,4.0,4.0,1.0,9.0,0.67583588656469
13162,46.0,40.0,2.0,0.0,2.0,3.0,3.0,1.0,2.0,4.0,0.692207248723215
9135,40.0,29.0,5.0,0.0,3.0,3.0,1.0,3.0,4.0,1.0,1.45052370193842
12983,40.0,32.0,5.0,0.0,1.0,1.0,2.0,4.0,1.0,4.0,0.610830538510117
8477,48.0,39.0,1.0,0.0,2.0,1.0,1.0,2.0,3.0,5.0,1.15992180214702
8264,56.0,40.0,5.0,0.0,3.0,3.0,3.0,3.0,2.0,7.0,0.870619318168348
12405,34.0,54.0,5.0,1.0,6.0,2.0,1.0,3.0,2.0,2.0,1.97635564442302
8900,71.0,71.0,6.0,1.0,6.0,3.0,4.0,5.0,1.0,6.0,1.64774114273763
9879,95.0,77.0,6.0,1.0,5.0,3.0,4.0,5.0,3.0,7.0,0.367291877597199
9136,65.0,52.0,4.0,1.0,6.0,3.0,4.0,4.0,2.0,9.0,1.88801290841242
12285,64.0,38.0,4.0,1.0,4.0,2.0,4.0,1.0,3.0,6.0,0.933138509947688
9137,50.0,34.0,4.0,1.0,6.0,3.0,4.0,4.0,1.0,5.0,0.614241701235786
12918,52.0,27.0,1.0,0.0,4.0,1.0,1.0,2.0,3.0,2.0,1.31229400268211
12894,66.0,60.0,4.0,0.0,4.0,1.0,4.0,2.0,2.0,3.0,0.953057764149384
12286,58.0,56.0,5.0,1.0,6.0,1.0,4.0,3.0,1.0,8.0,1.23096309231429
8265,74.0,70.0,6.0,1.0,6.0,0.0,4.0,,1.0,4.0,1.21481868369286
9880,61.0,57.0,6.0,1.0,5.0,3.0,3.0,4.0,1.0,7.0,1.22838138701652
10306,71.0,56.0,4.0,0.0,6.0,3.0,4.0,4.0,1.0,1.0,1.11986844315095
11321,95.0,85.0,7.0,1.0,6.0,3.0,4.0,3.0,2.0,5.0,0.76226322074866
12967,54.0,54.0,6.0,1.0,6.0,1.0,4.0,4.0,2.0,4.0,0.813526489788127
12075,51.0,45.0,5.0,0.0,1.0,3.0,3.0,3.0,1.0,1.0,1.45251244281941
9881,58.0,68.0,6.0,0.0,5.0,3.0,4.0,4.0,2.0,6.0,0.492435035640645
11046,56.0,47.0,4.0,1.0,5.0,3.0,4.0,5.0,1.0,8.0,0.790106185384546
9138,49.0,43.0,5.0,0.0,5.0,2.0,3.0,2.0,1.0,7.0,0.208434914599238
12952,42.0,57.0,3.0,1.0,5.0,1.0,3.0,3.0,3.0,1.0,1.26360966987496
12741,56.0,48.0,3.0,1.0,3.0,3.0,1.0,2.0,3.0,6.0,0.935249882760383
9380,63.0,55.0,6.0,1.0,5.0,3.0,4.0,4.0,2.0,9.0,1.67150611214261
7358,49.0,42.0,4.0,0.0,2.0,1.0,,4.0,3.0,2.0,3.20486164326097
9640,56.0,56.0,5.0,1.0,6.0,3.0,4.0,5.0,2.0,8.0,1.0383072108175
11599,50.0,45.0,5.0,0.0,4.0,3.0,,2.0,2.0,7.0,1.94716446303782
8478,55.0,46.0,7.0,1.0,1.0,3.0,4.0,1.0,3.0,2.0,0.901129661017109
8479,36.0,37.0,4.0,0.0,2.0,2.0,1.0,3.0,2.0,3.0,2.16360712611786
10704,62.0,44.0,4.0,0.0,5.0,3.0,4.0,3.0,2.0,6.0,0.47073591486884
8901,35.0,62.0,5.0,1.0,2.0,1.0,1.0,5.0,4.0,4.0,1.32887395417777
10509,43.0,53.0,4.0,1.0,2.0,3.0,4.0,3.0,3.0,8.0,1.20376504586239
12627,24.0,36.0,4.0,1.0,3.0,2.0,1.0,5.0,4.0,1.0,0.852221782826003
9381,48.0,34.0,4.0,1.0,2.0,3.0,1.0,3.0,2.0,8.0,1.42658424350689
10084,74.0,75.0,7.0,1.0,5.0,1.0,4.0,3.0,1.0,7.0,0.767220040736382
8902,69.0,51.0,4.0,1.0,5.0,1.0,4.0,1.0,2.0,8.0,1.84067978884924
9383,42.0,41.0,,1.0,2.0,1.0,1.0,1.0,1.0,1.0,0.488995828339497
9384,64.0,57.0,6.0,0.0,5.0,3.0,4.0,4.0,2.0,8.0,0.389485713688035
13990,63.0,57.0,5.0,1.0,6.0,3.0,4.0,2.0,1.0,9.0,0.6315765164949
13689,49.0,61.0,6.0,0.0,6.0,2.0,4.0,5.0,1.0,1.0,1.01364039938763
9385,61.0,42.0,5.0,1.0,5.0,3.0,4.0,5.0,2.0,8.0,1.13788634934236
11322,65.0,61.0,1.0,1.0,5.0,1.0,4.0,1.0,1.0,1.0,1.84876819307659
10307,62.0,81.0,5.0,1.0,5.0,1.0,,1.0,2.0,1.0,1.12927800192016
11704,51.0,43.0,5.0,0.0,1.0,2.0,3.0,2.0,2.0,3.0,1.10872472220799
8266,77.0,77.0,5.0,1.0,6.0,2.0,4.0,5.0,1.0,8.0,1.84062405802501
11323,66.0,54.0,4.0,1.0,6.0,3.0,4.0,4.0,2.0,8.0,1.47780106182218
7554,64.0,35.0,3.0,0.0,6.0,3.0,4.0,3.0,3.0,9.0,1.13723396500634
11600,53.0,34.0,4.0,1.0,2.0,3.0,3.0,1.0,3.0,5.0,1.72797392732183
13327,70.0,47.0,5.0,0.0,6.0,1.0,4.0,5.0,1.0,5.0,0.770404934820417
11601,59.0,46.0,4.0,0.0,1.0,3.0,4.0,4.0,,3.0,0.557602495370006
11993,84.0,54.0,5.0,0.0,5.0,2.0,4.0,5.0,3.0,7.0,1.34642713223461
10085,71.0,60.0,6.0,1.0,5.0,3.0,4.0,3.0,2.0,9.0,0.335733414356637
13681,62.0,54.0,6.0,1.0,6.0,3.0,4.0,3.0,1.0,8.0,1.13805749142956
9641,53.0,53.0,5.0,1.0,5.0,3.0,4.0,3.0,1.0,7.0,1.1793283708525
13892,58.0,46.0,4.0,0.0,4.0,3.0,4.0,3.0,3.0,2.0,0.352410594234575
11047,59.0,47.0,5.0,1.0,6.0,2.0,3.0,5.0,1.0,8.0,0.547461741855101
9140,84.0,85.0,7.0,0.0,6.0,1.0,4.0,5.0,1.0,9.0,0.45512953705197
11324,59.0,56.0,6.0,1.0,6.0,3.0,4.0,4.0,2.0,5.0,0.520562001918287
9386,65.0,53.0,5.0,1.0,5.0,3.0,4.0,2.0,2.0,9.0,0.651943387792858
7555,62.0,58.0,5.0,,6.0,2.0,4.0,4.0,1.0,1.0,2.18102410942508
9642,57.0,47.0,5.0,1.0,3.0,3.0,2.0,2.0,2.0,4.0,1.32858809741464
9643,52.0,42.0,5.0,0.0,4.0,3.0,4.0,1.0,1.0,2.0,0.622209131324826
8480,48.0,44.0,3.0,0.0,2.0,3.0,3.0,4.0,2.0,3.0,0.520612328902003
10086,48.0,71.0,6.0,0.0,5.0,3.0,4.0,4.0,1.0,3.0,1.01103924078967
11804,40.0,16.0,1.0,0.0,1.0,3.0,1.0,1.0,1.0,1.0,3.0379663234819
12287,55.0,61.0,5.0,1.0,5.0,3.0,4.0,4.0,1.0,8.0,0.660163839451111
8676,53.0,42.0,4.0,1.0,3.0,3.0,4.0,3.0,3.0,6.0,0.467155267860155
11994,60.0,53.0,4.0,0.0,6.0,1.0,4.0,2.0,1.0,3.0,1.00973451460337
11805,66.0,58.0,6.0,1.0,2.0,3.0,4.0,4.0,1.0,7.0,0.214625862348427
10510,62.0,59.0,4.0,0.0,4.0,2.0,1.0,4.0,1.0,7.0,1.13343673382074
11705,67.0,50.0,5.0,1.0,5.0,2.0,4.0,4.0,2.0,5.0,1.32756071178087
11706,39.0,41.0,3.0,0.0,1.0,3.0,1.0,1.0,1.0,1.0,0.91417119305818
10705,75.0,57.0,6.0,1.0,6.0,3.0,4.0,1.0,2.0,7.0,0.345001951408897
8903,66.0,56.0,5.0,0.0,4.0,3.0,4.0,4.0,2.0,7.0,0.425747786830496
12895,30.0,54.0,6.0,0.0,2.0,3.0,1.0,1.0,1.0,2.0,1.93795435156202
11325,58.0,53.0,5.0,1.0,4.0,3.0,4.0,4.0,1.0,8.0,0.787896320316313
9882,43.0,57.0,5.0,0.0,4.0,3.0,1.0,1.0,1.0,1.0,1.29784619428007
10706,51.0,50.0,5.0,1.0,3.0,3.0,2.0,2.0,2.0,1.0,1.57366946499295
11602,69.0,85.0,7.0,1.0,6.0,3.0,4.0,5.0,1.0,4.0,0.419652405928077
12462,63.0,76.0,5.0,1.0,3.0,3.0,4.0,3.0,2.0,7.0,1.29889386838628
8268,49.0,65.0,6.0,1.0,5.0,3.0,4.0,3.0,4.0,6.0,0.750262682493839
13039,80.0,51.0,6.0,1.0,6.0,3.0,4.0,4.0,1.0,6.0,0.579867046325649
13304,58.0,58.0,5.0,1.0,4.0,3.0,4.0,4.0,1.0,6.0,1.3379697685741
8677,59.0,57.0,5.0,1.0,5.0,3.0,4.0,3.0,1.0,7.0,0.63022092619849
12628,79.0,71.0,5.0,1.0,6.0,3.0,4.0,4.0,2.0,9.0,0.640924888797202
13422,62.0,64.0,6.0,1.0,6.0,3.0,3.0,1.0,4.0,1.0,1.72598505438249
7559,64.0,60.0,6.0,1.0,6.0,3.0,4.0,5.0,1.0,8.0,1.35082796201911
11048,67.0,50.0,4.0,1.0,5.0,3.0,4.0,5.0,2.0,9.0,0.944791046346529
9644,60.0,45.0,5.0,0.0,3.0,3.0,4.0,5.0,2.0,7.0,1.21703859119498
13625,49.0,63.0,5.0,1.0,4.0,2.0,4.0,2.0,3.0,6.0,1.70488242051161
11603,56.0,47.0,5.0,1.0,4.0,3.0,4.0,4.0,2.0,9.0,0.774972652500234
10511,52.0,44.0,4.0,1.0,5.0,2.0,4.0,2.0,2.0,5.0,0.392571143705642
12842,95.0,85.0,5.0,1.0,6.0,2.0,4.0,5.0,1.0,3.0,0.653910941819102
9387,44.0,39.0,4.0,1.0,1.0,2.0,2.0,1.0,1.0,1.0,0.499966638743583
7833,46.0,42.0,4.0,1.0,6.0,1.0,,1.0,3.0,2.0,0.815987201866982
11806,61.0,38.0,5.0,0.0,4.0,3.0,4.0,1.0,2.0,3.0,0.599184229362663
12825,54.0,49.0,5.0,1.0,6.0,3.0,4.0,5.0,1.0,3.0,0.64647964995007
13692,76.0,62.0,5.0,0.0,6.0,3.0,4.0,4.0,2.0,9.0,0.59069185930336
12223,80.0,72.0,5.0,0.0,5.0,3.0,4.0,1.0,2.0,2.0,0.745464253150577
11326,47.0,48.0,4.0,0.0,5.0,3.0,3.0,3.0,1.0,6.0,0.404224225123736
11201,63.0,58.0,5.0,1.0,4.0,3.0,4.0,4.0,2.0,9.0,1.04343304149
9388,51.0,44.0,4.0,0.0,4.0,2.0,4.0,2.0,2.0,3.0,0.677184723317399
10087,78.0,46.0,5.0,1.0,6.0,3.0,4.0,3.0,1.0,9.0,1.0496237709113
12742,68.0,53.0,5.0,1.0,2.0,2.0,4.0,2.0,2.0,2.0,1.39337674644623
12076,70.0,51.0,6.0,0.0,6.0,3.0,4.0,5.0,1.0,5.0,0.267544759996933
12224,69.0,56.0,6.0,0.0,5.0,2.0,4.0,4.0,3.0,3.0,0.683481385708241
10512,77.0,45.0,4.0,1.0,5.0,2.0,4.0,5.0,1.0,8.0,0.773123771609444
12145,57.0,49.0,5.0,1.0,2.0,3.0,4.0,3.0,2.0,1.0,1.46129280684836
10513,65.0,54.0,4.0,0.0,4.0,2.0,4.0,5.0,1.0,7.0,0.416230442384957
10089,66.0,53.0,6.0,0.0,3.0,3.0,4.0,4.0,2.0,2.0,0.77998517858989
8904,59.0,58.0,5.0,1.0,4.0,3.0,4.0,3.0,1.0,8.0,1.13805749142956
7961,72.0,54.0,5.0,1.0,6.0,2.0,4.0,3.0,2.0,8.0,1.84062405802501
11202,56.0,56.0,6.0,1.0,4.0,3.0,4.0,2.0,2.0,6.0,0.366178980683048
12773,45.0,47.0,6.0,1.0,6.0,2.0,3.0,4.0,1.0,6.0,1.55983104589324
11604,49.0,50.0,5.0,0.0,5.0,3.0,4.0,4.0,1.0,1.0,1.75105224811925
12919,53.0,38.0,3.0,0.0,6.0,2.0,4.0,4.0,3.0,8.0,1.17974460869725
12504,46.0,49.0,4.0,1.0,3.0,3.0,1.0,4.0,4.0,2.0,1.71273995845401
12146,54.0,60.0,5.0,1.0,5.0,3.0,4.0,2.0,3.0,4.0,0.546363162765751
9141,68.0,49.0,3.0,0.0,6.0,3.0,4.0,4.0,1.0,8.0,1.20311480401574
12743,63.0,50.0,5.0,1.0,4.0,3.0,4.0,4.0,2.0,7.0,0.336816984632226
10872,53.0,43.0,5.0,0.0,5.0,3.0,3.0,2.0,2.0,2.0,0.745464253150577
13343,86.0,77.0,7.0,0.0,6.0,3.0,4.0,2.0,2.0,9.0,0.60617632189461
10873,48.0,27.0,3.0,1.0,2.0,3.0,3.0,1.0,2.0,3.0,2.48449676401075
10874,68.0,56.0,5.0,1.0,6.0,3.0,4.0,1.0,1.0,9.0,0.886938624535268
9646,80.0,52.0,5.0,1.0,6.0,3.0,4.0,4.0,1.0,7.0,0.434197570457766
11902,60.0,56.0,3.0,1.0,6.0,1.0,3.0,2.0,2.0,6.0,0.775656304949172
10090,63.0,41.0,3.0,0.0,2.0,1.0,3.0,3.0,2.0,9.0,1.33345257387537
11707,72.0,56.0,5.0,1.0,5.0,3.0,4.0,3.0,2.0,9.0,0.700309459150432
8678,50.0,49.0,5.0,0.0,5.0,2.0,4.0,4.0,2.0,4.0,1.90483552687635
10309,40.0,47.0,5.0,1.0,4.0,3.0,2.0,1.0,3.0,7.0,0.540856481636107
8679,43.0,35.0,4.0,0.0,2.0,1.0,1.0,4.0,3.0,2.0,2.05122205544013
8680,55.0,45.0,5.0,1.0,6.0,3.0,4.0,2.0,4.0,6.0,1.74007705982158
10091,81.0,80.0,6.0,1.0,6.0,3.0,4.0,1.0,2.0,6.0,0.500172094237707
12225,53.0,61.0,6.0,1.0,6.0,3.0,3.0,3.0,2.0,6.0,0.660503625024
7962,50.0,43.0,4.0,0.0,4.0,1.0,4.0,4.0,2.0,2.0,1.06029984649497
13516,36.0,42.0,3.0,0.0,4.0,1.0,1.0,2.0,2.0,1.0,1.25753747986383
8481,59.0,50.0,5.0,0.0,4.0,3.0,4.0,4.0,1.0,7.0,0.63022092619849
8681,61.0,61.0,5.0,0.0,5.0,1.0,4.0,3.0,3.0,5.0,0.9379121198635552
12288,57.0,42.0,5.0,0.0,4.0,2.0,4.0,5.0,2.0,7.0,0.528451299601341
9389,49.0,53.0,6.0,0.0,4.0,1.0,2.0,2.0,3.0,7.0,1.71791373269672
13003,76.0,65.0,5.0,1.0,5.0,3.0,4.0,4.0,1.0,8.0,0.222343394447957
9648,33.0,40.0,4.0,1.0,4.0,3.0,3.0,4.0,2.0,8.0,0.757977430312413
11605,47.0,65.0,5.0,1.0,6.0,2.0,1.0,4.0,2.0,2.0,0.775451454730947
13135,53.0,53.0,5.0,1.0,,3.0,,,,7.0,0.567317395506931
7308,45.0,42.0,4.0,1.0,4.0,0.0,4.0,1.0,3.0,7.0,0.920992931916678
13773,59.0,45.0,5.0,,4.0,3.0,4.0,3.0,3.0,1.0,1.77311969701495
13799,55.0,40.0,4.0,0.0,4.0,3.0,4.0,3.0,1.0,3.0,1.59748748284585
11203,73.0,52.0,5.0,0.0,5.0,3.0,4.0,5.0,2.0,9.0,0.542354119379381
12920,79.0,55.0,5.0,0.0,6.0,3.0,4.0,2.0,2.0,6.0,0.885921052153774
10707,45.0,50.0,4.0,0.0,3.0,2.0,1.0,1.0,3.0,4.0,1.09918042190587
10708,50.0,42.0,4.0,1.0,4.0,1.0,2.0,4.0,3.0,1.0,1.43677557188186
13016,51.0,55.0,5.0,1.0,6.0,1.0,3.0,2.0,1.0,3.0,1.36097694705383
9390,61.0,58.0,6.0,1.0,5.0,3.0,4.0,4.0,1.0,9.0,0.899822332961181
8097,83.0,85.0,6.0,1.0,6.0,2.0,4.0,3.0,2.0,8.0,1.96694483818691
11049,63.0,34.0,1.0,0.0,5.0,1.0,4.0,1.0,3.0,1.0,1.02671439424826
13377,60.0,42.0,5.0,1.0,5.0,1.0,4.0,1.0,1.0,2.0,1.0693448736215
12147,50.0,46.0,5.0,1.0,3.0,3.0,3.0,1.0,2.0,4.0,0.850475016300459
11050,49.0,41.0,6.0,1.0,2.0,3.0,3.0,3.0,2.0,3.0,0.92640661363468
12340,57.0,51.0,5.0,1.0,5.0,3.0,4.0,4.0,2.0,9.0,0.986328867452414
8905,73.0,54.0,5.0,0.0,6.0,3.0,4.0,5.0,1.0,9.0,1.38851111848718
11327,50.0,47.0,4.0,1.0,4.0,1.0,3.0,3.0,1.0,2.0,0.774439936768662
8269,49.0,42.0,1.0,0.0,2.0,2.0,4.0,5.0,2.0,8.0,1.47780106182218
7359,60.0,66.0,7.0,1.0,6.0,0.0,4.0,1.0,4.0,1.0,0.57489574250926
8906,71.0,85.0,6.0,1.0,5.0,3.0,4.0,2.0,3.0,9.0,0.350251580234444
13136,62.0,51.0,4.0,1.0,3.0,3.0,4.0,3.0,2.0,6.0,0.693519366044758
14041,68.0,60.0,4.0,1.0,6.0,2.0,4.0,4.0,1.0,4.0,0.64647964995007
10514,37.0,33.0,3.0,1.0,1.0,3.0,2.0,4.0,3.0,2.0,1.01497145233571
9649,57.0,43.0,6.0,0.0,5.0,3.0,4.0,4.0,2.0,9.0,0.502578320337427
12077,44.0,34.0,5.0,0.0,2.0,3.0,4.0,4.0,1.0,7.0,0.681181906858153
12341,54.0,41.0,4.0,1.0,5.0,3.0,4.0,3.0,2.0,7.0,0.468499405775644
10310,59.0,58.0,5.0,0.0,5.0,0.0,,,,4.0,1.61326867917422
11471,62.0,56.0,5.0,1.0,4.0,3.0,4.0,3.0,2.0,8.0,0.615005147632315
10092,70.0,54.0,7.0,1.0,5.0,3.0,4.0,2.0,3.0,3.0,1.19081536531256
9883,51.0,36.0,5.0,0.0,3.0,3.0,3.0,3.0,3.0,6.0,0.47622180170058
10311,57.0,64.0,6.0,1.0,4.0,2.0,4.0,1.0,1.0,7.0,0.966040269575224
8270,63.0,46.0,5.0,1.0,6.0,3.0,4.0,5.0,2.0,8.0,0.744866816076369
12148,55.0,59.0,5.0,1.0,6.0,3.0,4.0,3.0,1.0,7.0,1.37431634533319
8482,95.0,85.0,6.0,0.0,6.0,3.0,4.0,4.0,1.0,9.0,1.14276673103705
13191,65.0,64.0,5.0,1.0,6.0,2.0,4.0,3.0,1.0,3.0,0.491009308549587
9650,67.0,69.0,6.0,1.0,6.0,3.0,4.0,3.0,2.0,9.0,1.11076328758252
8907,62.0,56.0,6.0,1.0,4.0,3.0,4.0,3.0,2.0,5.0,0.474631665580547
13759,63.0,58.0,5.0,,6.0,3.0,4.0,5.0,1.0,7.0,0.403762178589115
11807,59.0,42.0,4.0,1.0,5.0,3.0,4.0,4.0,2.0,8.0,1.73430101251456
12149,59.0,63.0,4.0,1.0,5.0,3.0,3.0,3.0,1.0,8.0,2.44069717532944
12804,81.0,57.0,4.0,1.0,6.0,3.0,4.0,3.0,1.0,7.0,0.487992914064358
9884,58.0,58.0,5.0,1.0,4.0,3.0,4.0,4.0,1.0,9.0,1.88801290841242
12629,58.0,45.0,4.0,1.0,5.0,3.0,4.0,3.0,2.0,7.0,0.774340223053175
11808,47.0,32.0,1.0,0.0,1.0,2.0,1.0,1.0,1.0,2.0,0.658213625678349
13620,68.0,56.0,7.0,1.0,6.0,2.0,1.0,5.0,3.0,5.0,1.23840722775984
13972,53.0,63.0,5.0,1.0,5.0,2.0,4.0,1.0,1.0,8.0,0.822848867051868
11204,67.0,57.0,5.0,1.0,5.0,3.0,4.0,3.0,2.0,6.0,0.96479677625119
8908,51.0,41.0,4.0,1.0,4.0,3.0,4.0,2.0,1.0,7.0,0.540856481636107
11051,49.0,42.0,5.0,1.0,5.0,1.0,,4.0,3.0,4.0,1.47759543344753
11995,64.0,51.0,5.0,1.0,4.0,3.0,4.0,4.0,2.0,3.0,0.721076441764695
7963,49.0,35.0,5.0,1.0,4.0,2.0,,2.0,3.0,6.0,1.37568954521149
11205,46.0,33.0,3.0,1.0,4.0,2.0,1.0,2.0,4.0,5.0,1.98670869031714
12150,61.0,43.0,4.0,1.0,5.0,3.0,4.0,5.0,3.0,7.0,0.539430335985968
14067,45.0,60.0,4.0,1.0,6.0,3.0,4.0,5.0,2.0,5.0,1.91647929129725
8682,67.0,41.0,5.0,0.0,2.0,3.0,4.0,3.0,2.0,7.0,1.17115476326373
10875,58.0,66.0,4.0,1.0,5.0,3.0,4.0,4.0,2.0,8.0,1.30150653538086
8098,80.0,53.0,5.0,0.0,5.0,3.0,4.0,4.0,3.0,9.0,2.00757211222352
11052,53.0,45.0,,0.0,5.0,3.0,2.0,1.0,3.0,1.0,0.582540898756436
10876,54.0,48.0,4.0,1.0,3.0,3.0,4.0,3.0,2.0,3.0,0.862258705845904
9652,70.0,38.0,4.0,0.0,5.0,3.0,4.0,5.0,2.0,8.0,0.526242967949549
9142,60.0,58.0,5.0,1.0,5.0,3.0,4.0,2.0,1.0,6.0,0.541605881308155
9391,53.0,44.0,3.0,0.0,4.0,1.0,4.0,4.0,3.0,8.0,0.519330486706835
9653,69.0,72.0,5.0,1.0,5.0,3.0,4.0,5.0,2.0,8.0,1.31318630888382
14026,52.0,75.0,5.0,1.0,6.0,1.0,,1.0,3.0,2.0,1.70560378098428
13743,76.0,53.0,5.0,1.0,5.0,3.0,4.0,5.0,1.0,7.0,0.214625862348427
9654,59.0,44.0,3.0,1.0,6.0,3.0,4.0,3.0,2.0,8.0,1.96856672399133
7360,60.0,58.0,6.0,1.0,5.0,2.0,4.0,4.0,3.0,8.0,0.467894250142085
10709,42.0,47.0,5.0,1.0,2.0,3.0,2.0,1.0,2.0,4.0,0.780917121000456
8099,35.0,39.0,1.0,0.0,3.0,3.0,2.0,2.0,2.0,6.0,1.64395394432315
10093,69.0,45.0,5.0,0.0,4.0,3.0,4.0,4.0,3.0,8.0,0.522489214548096
11708,53.0,40.0,4.0,1.0,3.0,3.0,4.0,2.0,2.0,6.0,0.457701083320999
9143,60.0,43.0,5.0,1.0,4.0,3.0,4.0,5.0,2.0,8.0,0.658359391717678
12553,68.0,78.0,6.0,1.0,6.0,3.0,4.0,1.0,1.0,6.0,0.313219051685533
7262,39.0,51.0,5.0,0.0,5.0,1.0,3.0,2.0,3.0,5.0,1.53301217590579
8683,53.0,44.0,4.0,0.0,4.0,2.0,1.0,1.0,2.0,2.0,1.84377575714368
10312,31.0,28.0,5.0,1.0,1.0,3.0,3.0,3.0,2.0,7.0,0.357272471479038
11206,47.0,45.0,5.0,0.0,4.0,3.0,,4.0,1.0,9.0,1.46555632210575
8483,51.0,46.0,4.0,1.0,4.0,3.0,4.0,3.0,2.0,7.0,0.648429072412901
9655,52.0,46.0,4.0,1.0,6.0,3.0,2.0,4.0,2.0,8.0,0.896562379807363
9392,69.0,54.0,6.0,1.0,4.0,3.0,4.0,3.0,1.0,8.0,0.400689567546821
13199,58.0,48.0,4.0,1.0,5.0,3.0,3.0,4.0,1.0,8.0,2.10272874849156
12668,76.0,60.0,6.0,1.0,6.0,2.0,4.0,5.0,1.0,8.0,0.528783552910245
11472,59.0,53.0,5.0,1.0,5.0,3.0,4.0,5.0,1.0,5.0,0.436351467611519
7964,53.0,51.0,5.0,1.0,5.0,3.0,4.0,1.0,3.0,7.0,1.29889386838628
11809,49.0,47.0,5.0,0.0,5.0,2.0,,2.0,2.0,1.0,1.95164981647426
10877,57.0,32.0,3.0,0.0,3.0,1.0,4.0,3.0,2.0,4.0,1.31255765390759
13463,27.0,42.0,1.0,0.0,6.0,3.0,,1.0,4.0,5.0,0.541605881308155
13894,55.0,41.0,4.0,1.0,5.0,3.0,4.0,5.0,3.0,7.0,0.447400569769706
10515,55.0,45.0,4.0,0.0,3.0,3.0,4.0,3.0,3.0,3.0,0.607227492232735
8271,60.0,42.0,5.0,0.0,6.0,3.0,4.0,3.0,2.0,8.0,1.38134957692235
10878,64.0,61.0,6.0,1.0,6.0,3.0,4.0,5.0,1.0,9.0,1.10668537891875
10879,70.0,55.0,5.0,0.0,6.0,3.0,4.0,3.0,1.0,6.0,0.996566933991211
8484,49.0,42.0,3.0,1.0,4.0,0.0,4.0,2.0,2.0,8.0,1.41414015621018
10516,52.0,43.0,4.0,0.0,5.0,3.0,4.0,3.0,2.0,7.0,0.529142545503811
10880,26.0,26.0,4.0,1.0,2.0,2.0,1.0,1.0,2.0,2.0,1.18759184497838
10313,56.0,36.0,1.0,1.0,3.0,2.0,4.0,2.0,3.0,2.0,0.91528343622324
11606,47.0,40.0,4.0,1.0,5.0,3.0,1.0,3.0,1.0,1.0,1.34222705759047
12843,52.0,44.0,5.0,1.0,6.0,2.0,,3.0,,2.0,2.16817525317446
9393,51.0,54.0,4.0,0.0,5.0,2.0,,3.0,1.0,1.0,1.19622835520067
10881,39.0,56.0,6.0,1.0,6.0,1.0,2.0,1.0,3.0,2.0,1.96254290524218
9656,77.0,66.0,6.0,1.0,6.0,3.0,4.0,2.0,3.0,8.0,0.792701232969205
13219,41.0,40.0,4.0,1.0,4.0,2.0,1.0,3.0,2.0,5.0,1.56883973333034
9145,50.0,39.0,2.0,1.0,4.0,3.0,4.0,3.0,2.0,8.0,2.68759248617531
11607,44.0,38.0,4.0,1.0,2.0,3.0,3.0,1.0,2.0,4.0,1.26385205019008
12953,56.0,56.0,5.0,0.0,5.0,2.0,4.0,5.0,2.0,3.0,0.704771206546301
10095,53.0,82.0,6.0,1.0,6.0,3.0,3.0,2.0,1.0,1.0,1.05361647377005
11608,17.0,49.0,4.0,0.0,3.0,3.0,1.0,2.0,1.0,1.0,1.18299129833953
9885,57.0,58.0,4.0,0.0,6.0,3.0,4.0,5.0,2.0,7.0,0.724991236537067
12554,40.0,32.0,1.0,1.0,4.0,2.0,1.0,2.0,2.0,3.0,0.808711448276435
10710,61.0,58.0,5.0,1.0,6.0,3.0,4.0,3.0,3.0,6.0,2.67623026147619
9886,60.0,48.0,5.0,1.0,4.0,1.0,4.0,3.0,2.0,6.0,0.790353248949996
13652,56.0,51.0,7.0,1.0,3.0,3.0,3.0,1.0,3.0,6.0,0.808321885348669
10517,72.0,85.0,5.0,1.0,6.0,3.0,4.0,4.0,1.0,8.0,0.726507079214918
10711,44.0,43.0,5.0,0.0,2.0,3.0,1.0,1.0,1.0,1.0,0.892541648738221
8273,55.0,40.0,4.0,0.0,4.0,2.0,3.0,4.0,2.0,6.0,0.734577568537436
8101,42.0,54.0,6.0,1.0,6.0,0.0,,,,2.0,1.27173833900628
8684,52.0,39.0,3.0,0.0,5.0,3.0,2.0,3.0,4.0,3.0,1.05495010247814
11054,55.0,36.0,4.0,0.0,4.0,2.0,3.0,2.0,2.0,4.0,0.623052539958224
10518,68.0,52.0,5.0,0.0,6.0,3.0,4.0,4.0,2.0,3.0,0.788576318983331
12844,81.0,69.0,5.0,0.0,6.0,2.0,4.0,5.0,1.0,6.0,1.44424893012839
12151,58.0,54.0,5.0,0.0,5.0,3.0,4.0,1.0,1.0,4.0,1.31255765390759
7190,48.0,48.0,5.0,1.0,3.0,0.0,2.0,3.0,3.0,5.0,3.38231093188158
11055,85.0,85.0,7.0,0.0,6.0,3.0,,1.0,1.0,2.0,0.665782632513339
8274,41.0,49.0,4.0,0.0,4.0,3.0,4.0,3.0,2.0,4.0,1.42269823006086
8909,56.0,45.0,5.0,0.0,4.0,3.0,4.0,4.0,1.0,1.0,0.811957221818743
12826,62.0,50.0,4.0,0.0,4.0,2.0,3.0,1.0,1.0,1.0,2.65509850870806
12589,55.0,45.0,4.0,1.0,3.0,3.0,3.0,2.0,1.0,2.0,0.725718616984538
11997,95.0,76.0,5.0,0.0,5.0,3.0,4.0,4.0,1.0,8.0,0.702691129236583
8910,76.0,72.0,6.0,0.0,5.0,3.0,4.0,4.0,1.0,7.0,1.18761455431409
13716,41.0,23.0,1.0,1.0,1.0,1.0,2.0,2.0,3.0,3.0,1.77556301796287
12463,55.0,35.0,4.0,1.0,6.0,3.0,3.0,1.0,1.0,3.0,1.13466902999769
11207,59.0,54.0,6.0,1.0,5.0,3.0,4.0,3.0,2.0,8.0,0.847496026590327
9394,67.0,78.0,7.0,1.0,6.0,3.0,4.0,5.0,2.0,9.0,0.651943387792858
9657,65.0,51.0,5.0,0.0,4.0,3.0,4.0,3.0,1.0,3.0,0.668980860503847
12464,55.0,60.0,5.0,0.0,6.0,3.0,3.0,3.0,2.0,2.0,0.911447049562775
8102,49.0,42.0,5.0,0.0,4.0,2.0,2.0,4.0,1.0,5.0,1.42145059373531
11998,63.0,52.0,5.0,1.0,4.0,3.0,4.0,3.0,2.0,5.0,0.581735431939286
12289,57.0,69.0,6.0,1.0,6.0,3.0,4.0,4.0,1.0,8.0,0.884584775274973
9658,49.0,33.0,3.0,0.0,1.0,2.0,1.0,1.0,2.0,3.0,1.03494007511357
10712,55.0,77.0,6.0,1.0,6.0,2.0,4.0,4.0,2.0,8.0,1.50917729903706
12505,61.0,61.0,6.0,1.0,5.0,3.0,4.0,4.0,1.0,2.0,2.02843072739971
11903,68.0,54.0,5.0,1.0,6.0,3.0,4.0,3.0,2.0,5.0,0.816106912879049
8276,74.0,56.0,6.0,1.0,6.0,3.0,4.0,5.0,2.0,9.0,0.986328867452414
13170,75.0,72.0,7.0,0.0,6.0,3.0,4.0,4.0,2.0,7.0,0.539430335985968
10882,81.0,51.0,5.0,1.0,6.0,3.0,4.0,3.0,2.0,7.0,0.40443837079384
11208,75.0,46.0,5.0,0.0,4.0,3.0,4.0,4.0,2.0,3.0,1.00973451460337
11209,75.0,54.0,5.0,0.0,5.0,3.0,4.0,4.0,2.0,7.0,0.495238483924799
9146,36.0,42.0,5.0,1.0,4.0,3.0,2.0,2.0,3.0,4.0,1.12518220811423
10519,35.0,32.0,4.0,0.0,2.0,2.0,1.0,1.0,2.0,2.0,1.30131399573476
11056,83.0,56.0,5.0,0.0,6.0,2.0,4.0,5.0,1.0,9.0,1.08730430836449
11810,54.0,45.0,5.0,0.0,5.0,3.0,3.0,4.0,1.0,8.0,1.42658424350689
11904,42.0,27.0,1.0,1.0,1.0,3.0,,4.0,2.0,8.0,1.53219300430304
10096,59.0,47.0,5.0,0.0,5.0,1.0,4.0,5.0,1.0,7.0,0.553495764836526
11905,64.0,53.0,5.0,1.0,5.0,1.0,4.0,3.0,2.0,6.0,0.581735431939286
9395,44.0,80.0,6.0,0.0,3.0,3.0,1.0,5.0,4.0,1.0,0.853342835138011
13849,41.0,44.0,5.0,0.0,4.0,2.0,3.0,2.0,3.0,3.0,0.668980860503847
12407,45.0,37.0,4.0,1.0,3.0,2.0,2.0,2.0,2.0,5.0,1.24463811034722
9147,66.0,54.0,4.0,0.0,5.0,2.0,4.0,4.0,2.0,9.0,0.889121073898623
12506,55.0,48.0,5.0,1.0,4.0,3.0,4.0,4.0,2.0,8.0,0.574464262664477
12342,63.0,50.0,4.0,1.0,5.0,3.0,4.0,2.0,1.0,4.0,1.28515142952123
8911,50.0,59.0,5.0,1.0,6.0,3.0,4.0,4.0,2.0,5.0,0.768399502725805
11811,52.0,46.0,4.0,0.0,4.0,3.0,3.0,4.0,2.0,7.0,1.21703859119498
9888,66.0,70.0,6.0,1.0,6.0,3.0,4.0,3.0,1.0,8.0,0.428443646566966
12152,79.0,54.0,5.0,0.0,5.0,3.0,4.0,,1.0,4.0,0.616893145190339
9659,37.0,42.0,5.0,0.0,3.0,2.0,1.0,1.0,3.0,3.0,0.55836542263357
8277,60.0,57.0,6.0,1.0,6.0,3.0,4.0,5.0,2.0,9.0,1.03596862923066
12806,62.0,55.0,5.0,1.0,6.0,2.0,4.0,4.0,2.0,7.0,1.33770529143015
9889,60.0,52.0,4.0,0.0,5.0,2.0,4.0,3.0,1.0,7.0,1.30234812304287
8912,46.0,30.0,3.0,0.0,6.0,2.0,4.0,4.0,3.0,3.0,0.858768794992229
9890,70.0,60.0,6.0,1.0,5.0,1.0,4.0,5.0,3.0,4.0,0.953089005398309
8913,52.0,42.0,3.0,,4.0,1.0,2.0,3.0,3.0,1.0,0.912535770143672
10520,64.0,49.0,6.0,0.0,5.0,3.0,4.0,3.0,1.0,8.0,0.627726942989392
8914,47.0,55.0,4.0,1.0,5.0,1.0,3.0,3.0,3.0,3.0,1.10877756977185
9148,54.0,42.0,4.0,1.0,4.0,3.0,4.0,4.0,2.0,8.0,0.768394659393932
12507,39.0,52.0,6.0,1.0,4.0,3.0,3.0,2.0,1.0,3.0,0.835518847772166
12590,62.0,68.0,5.0,1.0,4.0,2.0,3.0,3.0,1.0,3.0,1.46502401363087
11473,52.0,44.0,4.0,1.0,4.0,3.0,4.0,2.0,2.0,5.0,0.860553807739203
9660,52.0,77.0,5.0,1.0,4.0,1.0,4.0,1.0,3.0,3.0,0.999690297426544
9149,52.0,42.0,5.0,0.0,3.0,3.0,3.0,4.0,1.0,4.0,0.675816242706003
12807,50.0,39.0,5.0,1.0,3.0,3.0,1.0,2.0,2.0,8.0,1.63552660547092
7968,65.0,64.0,6.0,1.0,5.0,3.0,4.0,4.0,1.0,9.0,0.815617648809735
13455,61.0,48.0,4.0,1.0,6.0,3.0,4.0,3.0,1.0,5.0,0.507510048355514
9150,61.0,58.0,5.0,1.0,5.0,2.0,4.0,2.0,2.0,6.0,0.726388218212751
9661,82.0,57.0,5.0,1.0,6.0,3.0,4.0,5.0,1.0,5.0,0.541605881308155
13838,65.0,46.0,5.0,0.0,4.0,3.0,4.0,3.0,3.0,3.0,0.616893145190339
11328,50.0,58.0,5.0,1.0,3.0,2.0,1.0,1.0,3.0,2.0,1.0228727340472
10713,75.0,57.0,3.0,0.0,6.0,3.0,4.0,5.0,1.0,9.0,1.21582742709199
11057,37.0,43.0,4.0,0.0,2.0,2.0,2.0,1.0,1.0,1.0,1.38133617791436
10883,44.0,38.0,3.0,0.0,2.0,2.0,1.0,1.0,2.0,2.0,2.58990873757113
11812,50.0,50.0,4.0,1.0,5.0,2.0,2.0,1.0,2.0,4.0,1.29257634075048
13680,50.0,47.0,5.0,1.0,5.0,3.0,3.0,2.0,2.0,8.0,0.451873015529052
13095,54.0,61.0,6.0,0.0,6.0,1.0,2.0,2.0,2.0,1.0,1.14600292839492
13723,50.0,55.0,5.0,0.0,3.0,3.0,3.0,1.0,1.0,6.0,1.65137357777647
10315,67.0,45.0,5.0,1.0,4.0,3.0,4.0,4.0,2.0,8.0,0.727695340999046
10714,35.0,42.0,2.0,1.0,4.0,3.0,3.0,1.0,1.0,5.0,2.32022751670258
9662,53.0,37.0,3.0,1.0,5.0,0.0,4.0,4.0,2.0,9.0,0.784031581495481
11906,64.0,56.0,6.0,1.0,4.0,3.0,4.0,2.0,2.0,1.0,1.22016673414829
8486,66.0,71.0,7.0,1.0,6.0,3.0,4.0,4.0,1.0,6.0,1.04006809608078
10316,47.0,56.0,5.0,0.0,5.0,2.0,2.0,1.0,4.0,4.0,0.813526489788127
11609,68.0,49.0,5.0,1.0,4.0,3.0,4.0,4.0,1.0,8.0,0.203895147806627
12226,44.0,62.0,5.0,1.0,4.0,3.0,1.0,4.0,3.0,4.0,0.557602495370006
8915,60.0,50.0,5.0,1.0,5.0,3.0,4.0,3.0,3.0,7.0,2.40225116442186
11709,66.0,54.0,5.0,1.0,5.0,3.0,4.0,5.0,2.0,2.0,1.37929419961747
9396,60.0,48.0,5.0,0.0,5.0,3.0,4.0,4.0,2.0,5.0,0.500172094237707
11710,47.0,34.0,4.0,0.0,2.0,2.0,,2.0,3.0,2.0,1.10886132264254
10715,68.0,45.0,6.0,1.0,5.0,2.0,4.0,2.0,2.0,7.0,2.00421828478571
12630,56.0,56.0,6.0,,6.0,3.0,4.0,2.0,1.0,7.0,1.01494530462394
9151,23.0,62.0,5.0,1.0,6.0,2.0,1.0,5.0,1.0,4.0,1.08988656917545
12227,72.0,50.0,5.0,0.0,6.0,3.0,4.0,3.0,2.0,7.0,0.539430335985968
8916,54.0,52.0,4.0,1.0,6.0,3.0,4.0,4.0,2.0,7.0,0.96776399758893
11711,68.0,71.0,5.0,1.0,6.0,3.0,4.0,2.0,3.0,7.0,0.191140680503647
8686,64.0,57.0,6.0,1.0,6.0,3.0,4.0,2.0,1.0,7.0,1.27618712546436
8487,50.0,33.0,4.0,1.0,3.0,1.0,2.0,,3.0,8.0,1.62022884508237
11813,38.0,42.0,4.0,1.0,6.0,3.0,4.0,3.0,2.0,6.0,0.507510048355514
13153,66.0,49.0,5.0,0.0,5.0,2.0,4.0,3.0,3.0,6.0,0.510018381799692
11712,19.0,38.0,5.0,,4.0,2.0,1.0,1.0,2.0,1.0,1.0228727340472
8278,64.0,46.0,5.0,0.0,4.0,2.0,4.0,5.0,2.0,9.0,0.862838381876242
9397,59.0,53.0,7.0,1.0,5.0,3.0,4.0,2.0,2.0,8.0,0.615144260574414
10097,60.0,48.0,3.0,1.0,5.0,0.0,1.0,3.0,2.0,1.0,1.31568878483462
8279,61.0,76.0,7.0,1.0,5.0,3.0,4.0,4.0,2.0,9.0,1.18862593741413
10521,63.0,58.0,5.0,0.0,5.0,3.0,4.0,5.0,1.0,7.0,0.504227345910683
14000,52.0,40.0,4.0,0.0,3.0,3.0,2.0,3.0,2.0,3.0,0.555944414460813
8488,50.0,40.0,5.0,1.0,4.0,3.0,4.0,1.0,1.0,6.0,0.552877891104032
11474,29.0,50.0,4.0,0.0,1.0,3.0,1.0,4.0,2.0,1.0,2.762955209164
10716,72.0,51.0,6.0,0.0,5.0,3.0,4.0,2.0,1.0,4.0,0.64647964995007
8489,41.0,44.0,4.0,0.0,2.0,2.0,,4.0,3.0,1.0,1.85565566050759
8687,69.0,31.0,1.0,1.0,6.0,3.0,4.0,4.0,2.0,9.0,1.33011826739428
12933,60.0,50.0,5.0,1.0,2.0,3.0,4.0,3.0,2.0,5.0,0.500172094237707
13568,35.0,35.0,5.0,0.0,3.0,2.0,,3.0,3.0,1.0,1.30576261510875
13004,62.0,46.0,5.0,0.0,4.0,3.0,3.0,1.0,2.0,5.0,0.610192283385884
12000,28.0,66.0,4.0,0.0,1.0,1.0,1.0,1.0,3.0,1.0,0.850763776806758
9398,37.0,25.0,3.0,0.0,1.0,2.0,1.0,3.0,2.0,1.0,1.20082490104698
9664,68.0,45.0,4.0,0.0,4.0,3.0,4.0,1.0,2.0,7.0,0.711882002886986
13096,86.0,85.0,7.0,1.0,6.0,3.0,4.0,1.0,4.0,3.0,0.807181810919111
8490,60.0,55.0,5.0,0.0,5.0,3.0,4.0,2.0,2.0,8.0,1.53219300430304
11475,56.0,48.0,,0.0,3.0,3.0,4.0,1.0,2.0,3.0,0.645241953485507
9399,40.0,76.0,7.0,0.0,2.0,3.0,4.0,1.0,1.0,1.0,0.866028356784179
9152,59.0,49.0,2.0,1.0,4.0,2.0,4.0,5.0,2.0,5.0,1.1524128376248
13137,68.0,75.0,5.0,1.0,5.0,3.0,4.0,2.0,1.0,5.0,0.479482970881872
13623,67.0,35.0,5.0,0.0,3.0,3.0,4.0,5.0,3.0,2.0,0.70456887551565
13372,53.0,73.0,5.0,1.0,6.0,1.0,4.0,3.0,1.0,7.0,0.89492272243056
12896,51.0,44.0,5.0,1.0,2.0,3.0,1.0,1.0,3.0,1.0,0.465719032308469
9665,25.0,38.0,1.0,1.0,1.0,3.0,,1.0,1.0,6.0,0.96542807721105
7970,66.0,53.0,4.0,1.0,5.0,3.0,4.0,2.0,2.0,7.0,0.505434552314697
12555,48.0,38.0,5.0,1.0,4.0,2.0,,3.0,,8.0,1.18750354950659
7309,51.0,41.0,4.0,1.0,4.0,2.0,3.0,3.0,2.0,8.0,1.96856672399133
11476,53.0,42.0,3.0,0.0,4.0,1.0,1.0,3.0,1.0,1.0,0.900687087410692
7361,70.0,10.0,,,3.0,0.0,,,,1.0,0.930874198045952
10098,75.0,75.0,6.0,1.0,6.0,3.0,4.0,4.0,1.0,8.0,1.13805749142956
8491,54.0,43.0,4.0,0.0,3.0,2.0,2.0,4.0,1.0,1.0,2.18102410942508
8917,72.0,49.0,5.0,1.0,6.0,2.0,4.0,2.0,1.0,5.0,0.542251533909329
11713,95.0,85.0,6.0,1.0,6.0,2.0,4.0,1.0,1.0,8.0,0.606069033711064
11210,63.0,48.0,4.0,1.0,5.0,2.0,4.0,4.0,3.0,7.0,0.520629186777905
9154,74.0,51.0,4.0,0.0,1.0,3.0,4.0,1.0,2.0,8.0,1.22290085629918
11329,82.0,52.0,4.0,0.0,4.0,2.0,,1.0,3.0,7.0,1.54455309772675
12985,69.0,58.0,7.0,0.0,3.0,3.0,4.0,4.0,2.0,8.0,0.596706927257992
10099,57.0,30.0,4.0,0.0,5.0,3.0,4.0,2.0,3.0,4.0,1.21458806404216
8918,53.0,47.0,5.0,1.0,4.0,3.0,4.0,4.0,2.0,9.0,0.938288533523475
7836,56.0,56.0,7.0,1.0,6.0,3.0,4.0,5.0,1.0,6.0,0.330219680654687
11211,34.0,24.0,1.0,0.0,1.0,3.0,1.0,4.0,3.0,6.0,2.14726273919808
12408,72.0,56.0,6.0,1.0,6.0,3.0,4.0,5.0,1.0,8.0,0.678891051147971
7971,40.0,73.0,6.0,0.0,5.0,1.0,1.0,1.0,4.0,1.0,1.50346796644582
11714,61.0,48.0,5.0,0.0,5.0,3.0,4.0,4.0,2.0,6.0,0.646088092592623
13138,60.0,49.0,5.0,0.0,2.0,3.0,4.0,2.0,2.0,1.0,1.27534295888065
10717,47.0,47.0,4.0,1.0,4.0,3.0,,1.0,2.0,3.0,1.93785203528371
10718,45.0,35.0,3.0,0.0,4.0,2.0,2.0,4.0,2.0,3.0,1.69361159443075
9666,50.0,42.0,4.0,1.0,4.0,2.0,4.0,1.0,1.0,7.0,1.02081330734859
12508,73.0,50.0,6.0,1.0,6.0,3.0,4.0,5.0,1.0,4.0,0.679425764389034
11715,49.0,15.0,2.0,1.0,3.0,3.0,3.0,4.0,3.0,2.0,0.723047991371658
12744,66.0,51.0,7.0,1.0,3.0,3.0,4.0,5.0,3.0,4.0,0.375828305349394
9891,71.0,81.0,6.0,1.0,3.0,2.0,4.0,2.0,2.0,7.0,0.772729191715478
11907,58.0,40.0,3.0,1.0,3.0,3.0,4.0,1.0,1.0,1.0,0.8566479072326
13572,31.0,34.0,3.0,0.0,2.0,3.0,1.0,3.0,3.0,9.0,2.91986910059698
8492,69.0,69.0,5.0,1.0,6.0,3.0,4.0,5.0,1.0,7.0,0.559520962881406
13583,76.0,64.0,6.0,0.0,6.0,2.0,4.0,4.0,2.0,8.0,0.726507079214918
10884,44.0,38.0,1.0,0.0,2.0,2.0,2.0,2.0,4.0,5.0,1.77442461372704
9667,65.0,59.0,5.0,1.0,6.0,3.0,4.0,4.0,2.0,8.0,0.700774415325726
8280,70.0,53.0,4.0,1.0,5.0,2.0,4.0,5.0,1.0,7.0,0.862405978888466
13666,86.0,75.0,7.0,1.0,6.0,3.0,4.0,2.0,1.0,9.0,0.873270710591611
8493,48.0,43.0,4.0,1.0,6.0,2.0,3.0,3.0,2.0,8.0,1.63552660547092
9668,58.0,41.0,5.0,0.0,2.0,2.0,1.0,5.0,3.0,1.0,1.20872835323555
10319,75.0,66.0,6.0,0.0,5.0,2.0,4.0,2.0,2.0,4.0,0.672896591685929
8688,49.0,42.0,4.0,0.0,5.0,2.0,4.0,1.0,3.0,7.0,1.42171156367812
11908,52.0,52.0,5.0,0.0,5.0,2.0,2.0,4.0,1.0,5.0,1.22575015910775
12078,53.0,56.0,5.0,1.0,4.0,3.0,3.0,3.0,3.0,9.0,0.938288533523475
11330,95.0,85.0,7.0,0.0,6.0,2.0,4.0,4.0,1.0,1.0,1.37753752877848
13344,65.0,58.0,5.0,1.0,5.0,3.0,4.0,5.0,1.0,6.0,0.781727563713445
12845,43.0,29.0,3.0,0.0,1.0,1.0,1.0,3.0,3.0,4.0,1.23630056692747
11058,61.0,50.0,5.0,1.0,4.0,3.0,4.0,4.0,2.0,4.0,1.05114801456832
12509,48.0,44.0,3.0,0.0,2.0,3.0,1.0,1.0,2.0,5.0,1.5300729088436
11814,86.0,85.0,5.0,1.0,6.0,3.0,4.0,4.0,1.0,9.0,2.9147028261652
10101,47.0,42.0,6.0,1.0,4.0,3.0,4.0,2.0,1.0,8.0,0.726507079214918
8919,75.0,54.0,6.0,0.0,5.0,3.0,4.0,3.0,3.0,4.0,0.618436892267338
13467,38.0,59.0,5.0,1.0,6.0,2.0,2.0,4.0,4.0,2.0,0.820076194026753
13453,63.0,53.0,4.0,0.0,6.0,3.0,4.0,3.0,2.0,2.0,1.05180133465963
12465,57.0,58.0,5.0,1.0,6.0,3.0,4.0,5.0,2.0,9.0,1.57265315141734
8494,50.0,40.0,4.0,1.0,4.0,0.0,4.0,4.0,3.0,3.0,0.781243980172129
13333,51.0,49.0,6.0,0.0,4.0,3.0,1.0,1.0,1.0,1.0,0.980137277556311
13260,56.0,44.0,4.0,0.0,5.0,3.0,2.0,4.0,2.0,8.0,1.08605493351384
8495,61.0,78.0,5.0,1.0,5.0,3.0,4.0,4.0,1.0,7.0,1.27568439757596
11815,80.0,72.0,6.0,1.0,6.0,3.0,4.0,2.0,1.0,9.0,0.721776282697989
8103,40.0,50.0,4.0,1.0,4.0,3.0,4.0,2.0,4.0,7.0,0.559520962881406
7620,51.0,29.0,3.0,0.0,2.0,2.0,1.0,2.0,1.0,7.0,0.830870220215902
11331,74.0,69.0,5.0,0.0,6.0,3.0,4.0,5.0,1.0,7.0,0.927241902608451
8689,64.0,47.0,6.0,0.0,2.0,3.0,4.0,4.0,2.0,6.0,0.525618742181113
11610,55.0,41.0,3.0,0.0,5.0,1.0,,4.0,2.0,3.0,1.19032538982208
9400,59.0,58.0,4.0,1.0,4.0,2.0,3.0,4.0,1.0,3.0,1.29338384636501
9892,50.0,55.0,5.0,1.0,1.0,2.0,,4.0,2.0,8.0,1.31318630888382
8104,67.0,54.0,6.0,0.0,6.0,3.0,4.0,5.0,1.0,7.0,0.322242695449367
11332,58.0,55.0,6.0,1.0,5.0,3.0,4.0,3.0,2.0,9.0,1.0007995909653
12001,61.0,57.0,5.0,0.0,5.0,2.0,4.0,2.0,3.0,2.0,0.925991678544766
11333,69.0,42.0,2.0,0.0,6.0,3.0,4.0,4.0,2.0,8.0,1.04248457150744
9893,66.0,38.0,5.0,0.0,4.0,3.0,4.0,3.0,2.0,8.0,0.299638880314051
13325,59.0,53.0,3.0,0.0,6.0,2.0,3.0,1.0,1.0,1.0,1.13214783333041
11716,54.0,53.0,5.0,0.0,5.0,3.0,4.0,2.0,2.0,7.0,0.466745757008201
10523,57.0,56.0,4.0,1.0,6.0,3.0,4.0,3.0,4.0,5.0,0.600582319965818
12079,32.0,35.0,5.0,0.0,2.0,2.0,4.0,3.0,3.0,1.0,1.61877770268178
10320,50.0,54.0,5.0,1.0,4.0,3.0,4.0,3.0,2.0,3.0,0.672896591685929
10524,80.0,57.0,6.0,1.0,5.0,3.0,4.0,5.0,2.0,6.0,0.499253671708482
13140,42.0,45.0,3.0,0.0,4.0,3.0,4.0,3.0,2.0,7.0,1.94553733171176
11059,50.0,36.0,3.0,0.0,3.0,3.0,4.0,3.0,3.0,5.0,1.28965418901404
8690,84.0,54.0,5.0,0.0,4.0,2.0,4.0,5.0,3.0,6.0,0.561755834512983
12669,47.0,58.0,5.0,1.0,3.0,3.0,3.0,4.0,1.0,3.0,1.17297099389495
12343,81.0,47.0,5.0,0.0,5.0,3.0,4.0,3.0,1.0,7.0,0.60002130625716
11477,48.0,41.0,4.0,1.0,3.0,3.0,2.0,2.0,3.0,1.0,0.745579282714998
12706,75.0,60.0,6.0,1.0,6.0,3.0,4.0,4.0,1.0,6.0,0.516721646260755
13326,49.0,57.0,6.0,1.0,5.0,1.0,4.0,3.0,2.0,7.0,0.455862315055375
11611,66.0,58.0,6.0,1.0,5.0,3.0,4.0,4.0,3.0,7.0,0.456403041109179
12808,69.0,57.0,6.0,1.0,6.0,3.0,4.0,5.0,1.0,9.0,0.721776282697989
12466,58.0,76.0,6.0,1.0,4.0,3.0,4.0,1.0,3.0,7.0,0.705281823720731
7362,69.0,55.0,5.0,1.0,5.0,1.0,4.0,3.0,2.0,4.0,1.52196246552565
13290,58.0,47.0,4.0,1.0,4.0,2.0,4.0,2.0,3.0,6.0,0.443080058096066
9401,57.0,58.0,5.0,1.0,5.0,3.0,4.0,5.0,2.0,7.0,1.67181205795145
9155,57.0,53.0,5.0,1.0,2.0,2.0,4.0,3.0,1.0,7.0,1.20634497094242
10102,70.0,46.0,4.0,1.0,5.0,3.0,4.0,5.0,2.0,6.0,0.6415810323588
10719,30.0,56.0,5.0,1.0,2.0,2.0,1.0,1.0,2.0,3.0,1.07382997539097
8106,61.0,57.0,6.0,1.0,6.0,3.0,3.0,2.0,3.0,8.0,0.967696667737628
9894,54.0,40.0,3.0,1.0,6.0,2.0,4.0,5.0,2.0,8.0,0.604983941676389
13812,52.0,57.0,5.0,1.0,5.0,2.0,3.0,2.0,2.0,1.0,1.08684267040155
11060,35.0,37.0,5.0,0.0,2.0,3.0,1.0,1.0,3.0,1.0,0.985210463628364
13005,57.0,58.0,5.0,1.0,5.0,2.0,4.0,3.0,1.0,5.0,0.541605881308155
10885,73.0,59.0,6.0,1.0,6.0,3.0,4.0,4.0,3.0,7.0,0.40984551653628
8496,49.0,47.0,4.0,0.0,4.0,1.0,4.0,4.0,1.0,6.0,1.19286724191104
11334,63.0,57.0,6.0,1.0,5.0,2.0,4.0,2.0,1.0,9.0,0.682620100673073
12591,61.0,37.0,4.0,1.0,6.0,3.0,3.0,1.0,2.0,4.0,1.30666210093718
13040,52.0,58.0,5.0,1.0,6.0,2.0,4.0,1.0,1.0,4.0,0.572645366241943
8282,46.0,29.0,2.0,0.0,3.0,1.0,1.0,3.0,2.0,1.0,1.02228696983781
12409,52.0,39.0,4.0,0.0,2.0,3.0,4.0,2.0,1.0,3.0,1.60689069613982
12467,59.0,51.0,6.0,0.0,6.0,3.0,4.0,1.0,3.0,2.0,0.885211899781203
13220,44.0,46.0,4.0,0.0,5.0,1.0,2.0,2.0,3.0,4.0,1.11981121434932
10720,61.0,56.0,6.0,1.0,5.0,3.0,4.0,2.0,2.0,6.0,1.13235382015233
13266,52.0,42.0,4.0,0.0,4.0,2.0,3.0,2.0,3.0,2.0,1.38667553940105
12002,55.0,46.0,4.0,1.0,5.0,3.0,4.0,4.0,2.0,3.0,0.566556007018854
9156,71.0,49.0,6.0,0.0,4.0,2.0,4.0,4.0,2.0,8.0,0.437182733704674
11612,95.0,55.0,6.0,0.0,6.0,3.0,4.0,3.0,2.0,5.0,0.299912109276619
9669,44.0,44.0,5.0,0.0,1.0,3.0,2.0,4.0,2.0,6.0,1.53598159555176
11212,56.0,46.0,4.0,1.0,4.0,3.0,4.0,4.0,2.0,9.0,0.86712740375415
12153,60.0,58.0,6.0,1.0,4.0,3.0,4.0,3.0,1.0,9.0,1.7639254427254
10525,33.0,41.0,5.0,0.0,3.0,2.0,1.0,,1.0,3.0,0.712781229630272
13240,86.0,79.0,7.0,1.0,6.0,1.0,4.0,5.0,3.0,7.0,0.565768034600773
11335,54.0,41.0,2.0,1.0,4.0,2.0,1.0,4.0,2.0,1.0,0.599127557669169
10721,67.0,82.0,7.0,1.0,6.0,3.0,4.0,2.0,2.0,1.0,0.536027336843294
12344,38.0,42.0,3.0,0.0,2.0,2.0,4.0,2.0,3.0,8.0,2.06256298566255
10722,78.0,73.0,7.0,1.0,6.0,3.0,4.0,3.0,2.0,5.0,0.415075891660351
9895,65.0,58.0,3.0,1.0,6.0,2.0,4.0,4.0,2.0,9.0,0.873270710591611
12003,64.0,57.0,5.0,1.0,5.0,2.0,4.0,4.0,1.0,7.0,0.504227345910683
9402,54.0,58.0,6.0,1.0,5.0,2.0,3.0,2.0,3.0,1.0,1.1283626696146
13006,59.0,65.0,7.0,1.0,5.0,3.0,3.0,1.0,2.0,6.0,3.08030892236485
12631,50.0,31.0,2.0,0.0,2.0,2.0,,1.0,1.0,2.0,0.93076392353572
8920,59.0,56.0,6.0,1.0,5.0,3.0,4.0,5.0,2.0,5.0,0.734577568537436
12897,39.0,30.0,3.0,0.0,2.0,2.0,1.0,1.0,3.0,3.0,1.71273995845401
10103,47.0,43.0,4.0,1.0,5.0,3.0,4.0,3.0,1.0,2.0,0.607926984332265
13700,54.0,30.0,4.0,1.0,4.0,2.0,4.0,4.0,1.0,4.0,0.55836542263357
12510,27.0,39.0,4.0,1.0,2.0,3.0,1.0,4.0,3.0,2.0,1.26358473198807
9157,34.0,30.0,3.0,1.0,1.0,1.0,3.0,4.0,3.0,9.0,1.71142242819492
9158,43.0,31.0,3.0,0.0,3.0,3.0,3.0,3.0,4.0,8.0,1.53090448427113
12468,57.0,47.0,4.0,1.0,5.0,3.0,4.0,3.0,2.0,5.0,0.909188568757773
12865,38.0,35.0,2.0,1.0,6.0,3.0,1.0,5.0,3.0,1.0,0.221175146662481
13041,54.0,55.0,5.0,1.0,5.0,3.0,4.0,4.0,2.0,7.0,0.456310133914848
10321,61.0,51.0,6.0,1.0,4.0,2.0,,3.0,2.0,2.0,1.2048141595837
12707,55.0,49.0,4.0,1.0,3.0,2.0,1.0,3.0,1.0,1.0,0.9855921141915072
10322,61.0,50.0,6.0,1.0,5.0,2.0,3.0,2.0,1.0,3.0,0.876540459997036
12592,68.0,54.0,5.0,1.0,6.0,3.0,4.0,5.0,2.0,7.0,0.789853901623572
10104,61.0,45.0,5.0,1.0,6.0,3.0,4.0,3.0,2.0,4.0,0.812978560849801
11909,49.0,40.0,4.0,1.0,1.0,2.0,3.0,1.0,3.0,1.0,0.864116504300079
8691,49.0,55.0,5.0,1.0,3.0,1.0,4.0,2.0,2.0,7.0,1.10617833158964
13391,59.0,40.0,5.0,0.0,4.0,3.0,2.0,3.0,2.0,2.0,0.792477187659532
7974,34.0,79.0,5.0,0.0,6.0,1.0,3.0,1.0,4.0,1.0,1.48850547555717
12866,51.0,43.0,3.0,1.0,6.0,3.0,3.0,3.0,2.0,2.0,0.549468794936008
10323,41.0,40.0,4.0,0.0,4.0,2.0,1.0,1.0,1.0,2.0,1.20697850533286
11213,50.0,47.0,4.0,1.0,6.0,3.0,4.0,2.0,2.0,6.0,0.483796130421764
9403,47.0,44.0,4.0,0.0,3.0,3.0,4.0,5.0,2.0,5.0,0.542251533909329
11613,62.0,58.0,5.0,1.0,4.0,3.0,4.0,3.0,1.0,5.0,0.467155267860155
12774,84.0,56.0,6.0,0.0,5.0,3.0,4.0,5.0,1.0,8.0,0.528783552910245
10324,63.0,59.0,6.0,1.0,6.0,2.0,4.0,4.0,1.0,7.0,0.505434552314697
8921,62.0,54.0,5.0,1.0,4.0,3.0,4.0,2.0,2.0,7.0,0.695828653083251
12154,56.0,58.0,6.0,1.0,5.0,3.0,4.0,2.0,2.0,5.0,1.13791656212467
7363,67.0,74.0,5.0,1.0,6.0,3.0,4.0,5.0,2.0,8.0,0.995635521177333
9404,61.0,42.0,5.0,1.0,2.0,3.0,4.0,4.0,3.0,6.0,0.76226322074866
10325,63.0,56.0,5.0,1.0,5.0,3.0,4.0,4.0,2.0,8.0,0.574464262664477
11336,55.0,43.0,4.0,1.0,3.0,3.0,3.0,4.0,2.0,7.0,0.720619392106815
10326,63.0,45.0,5.0,0.0,4.0,3.0,4.0,4.0,2.0,8.0,1.17656829535996
10526,52.0,35.0,4.0,0.0,4.0,2.0,1.0,3.0,2.0,5.0,0.467155267860155
11061,85.0,58.0,6.0,1.0,6.0,3.0,4.0,4.0,2.0,1.0,0.951302429206658
10886,73.0,61.0,5.0,1.0,3.0,3.0,4.0,3.0,3.0,8.0,0.40340673011185
12080,56.0,44.0,4.0,0.0,5.0,2.0,1.0,2.0,3.0,1.0,0.962664368189881
9405,52.0,45.0,5.0,0.0,2.0,3.0,3.0,1.0,2.0,8.0,0.93990448549444
11910,69.0,71.0,6.0,1.0,6.0,3.0,4.0,1.0,1.0,7.0,0.73387185878827
8922,55.0,38.0,5.0,0.0,4.0,3.0,4.0,4.0,2.0,2.0,1.01948625134953
9671,67.0,53.0,5.0,1.0,5.0,3.0,4.0,5.0,1.0,7.0,0.208434914599238
12557,41.0,39.0,3.0,1.0,2.0,3.0,2.0,3.0,1.0,1.0,0.917188922572685
12081,66.0,82.0,6.0,1.0,6.0,3.0,4.0,4.0,1.0,8.0,0.526242967949549
10105,63.0,54.0,6.0,1.0,5.0,3.0,1.0,4.0,1.0,7.0,0.789853901623572
8497,43.0,35.0,4.0,1.0,4.0,3.0,2.0,1.0,1.0,5.0,2.39124060305604
10327,51.0,58.0,4.0,1.0,6.0,1.0,2.0,3.0,1.0,5.0,2.8749115001388
13460,30.0,55.0,4.0,1.0,2.0,1.0,1.0,1.0,1.0,1.0,0.811957221818743
11911,69.0,61.0,6.0,1.0,5.0,2.0,4.0,4.0,2.0,6.0,0.474631665580547
12290,62.0,44.0,5.0,0.0,2.0,3.0,4.0,3.0,2.0,6.0,0.513327670258078
12968,77.0,65.0,6.0,1.0,5.0,2.0,4.0,3.0,1.0,3.0,0.642271028610867
13491,66.0,38.0,3.0,0.0,4.0,2.0,4.0,4.0,3.0,6.0,1.28965418901404
11337,58.0,49.0,5.0,,4.0,2.0,3.0,4.0,2.0,1.0,0.9855921141915072
10328,53.0,44.0,4.0,1.0,3.0,3.0,4.0,5.0,3.0,5.0,1.31541918393624
9672,66.0,62.0,7.0,1.0,6.0,2.0,4.0,4.0,3.0,8.0,0.574464262664477
12954,40.0,36.0,4.0,0.0,2.0,2.0,2.0,1.0,2.0,2.0,0.952164766582127
11912,48.0,54.0,5.0,1.0,6.0,3.0,4.0,3.0,1.0,4.0,0.672896591685929
12745,65.0,46.0,4.0,1.0,4.0,3.0,4.0,3.0,1.0,9.0,0.76593127870652
8923,67.0,43.0,4.0,0.0,5.0,2.0,4.0,4.0,2.0,8.0,1.18933354318161
13765,42.0,34.0,3.0,0.0,3.0,1.0,1.0,1.0,4.0,1.0,0.994369755326658
12921,62.0,63.0,5.0,1.0,6.0,3.0,4.0,3.0,2.0,3.0,0.973995435495995
8692,66.0,79.0,5.0,0.0,4.0,3.0,4.0,3.0,2.0,6.0,1.63823138780551
8693,61.0,48.0,5.0,0.0,4.0,2.0,4.0,1.0,1.0,8.0,0.428443646566966
12775,50.0,50.0,5.0,1.0,5.0,3.0,4.0,4.0,2.0,7.0,0.794645494865317
9406,41.0,42.0,4.0,1.0,3.0,3.0,,3.0,1.0,3.0,1.33309815833708
8924,53.0,36.0,5.0,0.0,4.0,3.0,4.0,1.0,3.0,8.0,0.596706927257992
11816,63.0,47.0,5.0,1.0,6.0,1.0,3.0,3.0,1.0,7.0,0.519000680313772
10723,60.0,49.0,5.0,1.0,5.0,3.0,4.0,3.0,3.0,6.0,0.616246170526686
10329,95.0,55.0,6.0,1.0,6.0,3.0,4.0,4.0,2.0,9.0,0.307781199232946
9159,47.0,48.0,5.0,0.0,3.0,3.0,3.0,4.0,2.0,6.0,1.09435206302439
12632,69.0,55.0,5.0,1.0,3.0,3.0,4.0,4.0,3.0,4.0,0.645241953485507
13348,63.0,49.0,5.0,1.0,5.0,2.0,4.0,5.0,2.0,6.0,0.645928225189882
9161,59.0,55.0,5.0,1.0,5.0,3.0,4.0,5.0,2.0,4.0,1.18739932876964
10724,67.0,55.0,5.0,0.0,6.0,1.0,4.0,5.0,1.0,3.0,0.704771206546301
10725,74.0,56.0,5.0,1.0,5.0,3.0,4.0,3.0,2.0,3.0,0.475006805608467
10726,85.0,77.0,5.0,1.0,6.0,3.0,4.0,5.0,1.0,9.0,0.447015941810779
12004,29.0,33.0,3.0,0.0,4.0,2.0,2.0,1.0,2.0,1.0,1.05286344151288
11214,55.0,50.0,4.0,1.0,6.0,3.0,4.0,4.0,1.0,6.0,0.876291467311012
9408,63.0,58.0,5.0,1.0,5.0,3.0,4.0,5.0,2.0,7.0,0.464102579837201
11338,56.0,36.0,4.0,1.0,4.0,1.0,3.0,1.0,2.0,6.0,0.500081570837036
12410,66.0,54.0,6.0,1.0,4.0,3.0,4.0,5.0,2.0,8.0,1.50917729903706
11339,58.0,57.0,6.0,1.0,5.0,3.0,4.0,3.0,1.0,4.0,0.827955708414179
13349,71.0,52.0,5.0,0.0,2.0,3.0,4.0,4.0,1.0,5.0,0.475634403398036
10330,31.0,16.0,2.0,1.0,1.0,2.0,1.0,4.0,2.0,5.0,1.71595937253459
10887,49.0,39.0,5.0,0.0,5.0,1.0,3.0,2.0,2.0,8.0,1.61372330815099
9897,78.0,50.0,6.0,0.0,3.0,3.0,4.0,5.0,2.0,7.0,0.82473098342692
11340,57.0,46.0,5.0,0.0,3.0,3.0,4.0,2.0,2.0,8.0,0.782747066404378
7976,25.0,10.0,3.0,1.0,3.0,2.0,1.0,5.0,3.0,5.0,1.40479528977462
7649,44.0,47.0,6.0,0.0,3.0,0.0,4.0,2.0,3.0,1.0,1.74197685328675
7977,60.0,81.0,5.0,1.0,6.0,1.0,3.0,1.0,4.0,3.0,1.02248989488802
10331,47.0,33.0,4.0,1.0,5.0,2.0,4.0,4.0,3.0,2.0,0.725718616984538
13476,43.0,41.0,3.0,1.0,4.0,1.0,2.0,,4.0,1.0,1.35491118684286
8283,44.0,52.0,5.0,1.0,5.0,3.0,4.0,2.0,2.0,8.0,0.790106185384546
10106,46.0,48.0,5.0,0.0,4.0,2.0,,,1.0,9.0,0.73221123417724
13042,52.0,43.0,5.0,1.0,4.0,2.0,4.0,2.0,3.0,7.0,0.433475352883694
13178,63.0,57.0,5.0,0.0,4.0,1.0,3.0,2.0,3.0,9.0,0.850727034535041
8107,50.0,30.0,1.0,0.0,2.0,3.0,4.0,4.0,4.0,8.0,1.63552660547092
10727,53.0,51.0,5.0,1.0,4.0,2.0,3.0,3.0,2.0,7.0,1.5142775349164
12082,53.0,41.0,5.0,0.0,5.0,2.0,1.0,1.0,2.0,1.0,2.37166106019443
11817,55.0,55.0,6.0,0.0,4.0,2.0,4.0,3.0,1.0,6.0,0.559817766260719
13435,42.0,36.0,2.0,0.0,6.0,3.0,,2.0,2.0,1.0,0.850070701559827
9674,47.0,46.0,5.0,1.0,5.0,3.0,4.0,3.0,3.0,3.0,1.33309815833708
7654,60.0,53.0,5.0,0.0,4.0,3.0,4.0,3.0,3.0,8.0,1.42658424350689
9409,55.0,38.0,4.0,0.0,5.0,3.0,3.0,3.0,1.0,5.0,1.26990970808127
10888,70.0,43.0,4.0,1.0,4.0,3.0,4.0,4.0,3.0,9.0,1.14866919001225
13084,59.0,51.0,4.0,1.0,2.0,3.0,4.0,3.0,2.0,8.0,0.967884666790796
9162,57.0,38.0,5.0,0.0,3.0,3.0,3.0,3.0,2.0,7.0,0.472115923580581
10527,47.0,49.0,3.0,0.0,3.0,2.0,1.0,4.0,1.0,4.0,0.581113103115018
9410,61.0,58.0,5.0,1.0,5.0,3.0,4.0,4.0,2.0,7.0,0.477438204504612
11478,46.0,52.0,5.0,1.0,5.0,3.0,3.0,1.0,2.0,8.0,0.69830112663319
11717,58.0,53.0,5.0,1.0,5.0,3.0,4.0,1.0,1.0,5.0,0.474631665580547
12776,50.0,55.0,6.0,1.0,6.0,1.0,3.0,1.0,1.0,7.0,0.662529973397482
8108,65.0,51.0,5.0,1.0,5.0,3.0,4.0,2.0,2.0,3.0,0.704771206546301
10107,63.0,54.0,5.0,0.0,5.0,1.0,4.0,3.0,1.0,3.0,0.863518376708626
12005,57.0,53.0,6.0,0.0,4.0,2.0,4.0,3.0,1.0,2.0,1.33976972815211
12291,69.0,59.0,6.0,,5.0,1.0,4.0,1.0,1.0,9.0,0.56011875171778
11718,54.0,51.0,3.0,1.0,5.0,3.0,3.0,1.0,1.0,5.0,1.15254529630955
7162,40.0,49.0,2.0,1.0,5.0,0.0,2.0,2.0,3.0,9.0,2.25153735158753
13685,95.0,66.0,6.0,1.0,6.0,3.0,4.0,5.0,1.0,8.0,0.782747066404378
9163,60.0,45.0,4.0,1.0,5.0,3.0,4.0,5.0,3.0,7.0,0.529142545503811
10108,70.0,55.0,5.0,0.0,5.0,3.0,4.0,3.0,1.0,5.0,0.366178980683048
12633,49.0,55.0,4.0,0.0,6.0,1.0,4.0,2.0,3.0,1.0,2.75021908393697
8925,46.0,46.0,5.0,1.0,4.0,3.0,2.0,4.0,2.0,2.0,0.868671820639688
10528,66.0,49.0,4.0,0.0,5.0,3.0,4.0,5.0,3.0,6.0,0.467189867906821
13974,72.0,71.0,,0.0,1.0,3.0,4.0,5.0,1.0,1.0,0.711079233600234
11479,47.0,40.0,4.0,0.0,2.0,3.0,3.0,2.0,1.0,6.0,0.552877891104032
12228,54.0,39.0,2.0,0.0,4.0,3.0,4.0,3.0,2.0,9.0,0.86712740375415
11818,46.0,28.0,3.0,0.0,1.0,3.0,1.0,1.0,2.0,1.0,3.32389812509297
8109,60.0,50.0,4.0,0.0,5.0,2.0,3.0,5.0,2.0,8.0,1.27293220885162
8110,48.0,31.0,3.0,1.0,2.0,3.0,3.0,1.0,2.0,7.0,1.41480850273533
9164,66.0,58.0,5.0,0.0,5.0,3.0,4.0,3.0,2.0,1.0,1.12557313171233
8694,58.0,42.0,5.0,1.0,5.0,3.0,3.0,5.0,1.0,6.0,0.551436338099879
13597,65.0,40.0,4.0,0.0,4.0,2.0,3.0,3.0,3.0,9.0,1.10327553597485
11913,38.0,64.0,4.0,1.0,6.0,2.0,1.0,3.0,3.0,1.0,1.48574687720918
11062,82.0,57.0,5.0,1.0,5.0,3.0,4.0,1.0,1.0,7.0,0.357272471479038
10332,55.0,49.0,6.0,0.0,2.0,3.0,4.0,3.0,2.0,9.0,0.761026764420672
10728,43.0,32.0,2.0,1.0,5.0,3.0,1.0,5.0,2.0,1.0,0.837233845884165
12006,42.0,21.0,1.0,0.0,1.0,2.0,4.0,4.0,2.0,2.0,0.677866968425265
11819,32.0,49.0,3.0,1.0,2.0,3.0,1.0,2.0,4.0,1.0,0.481230663383119
12007,48.0,47.0,5.0,1.0,4.0,3.0,4.0,3.0,3.0,8.0,1.29370152495364
8926,70.0,55.0,6.0,1.0,5.0,3.0,4.0,5.0,2.0,7.0,0.520903605569945
11480,54.0,41.0,5.0,0.0,4.0,2.0,1.0,3.0,1.0,5.0,0.748651048522387
10110,40.0,40.0,3.0,1.0,4.0,3.0,3.0,2.0,2.0,7.0,1.22033856487947
8111,49.0,42.0,,1.0,4.0,1.0,1.0,3.0,3.0,2.0,1.33309815833708
12083,69.0,57.0,6.0,1.0,5.0,2.0,4.0,2.0,1.0,7.0,1.67181205795145
10889,77.0,61.0,5.0,0.0,3.0,3.0,4.0,4.0,3.0,9.0,0.570877600362169
11481,49.0,56.0,5.0,1.0,5.0,3.0,,3.0,2.0,9.0,0.68616119564917
11063,75.0,71.0,5.0,1.0,6.0,3.0,4.0,2.0,1.0,8.0,0.586267861028443
11719,86.0,55.0,4.0,1.0,6.0,3.0,4.0,2.0,3.0,4.0,0.683481385708241
9898,44.0,32.0,4.0,1.0,5.0,3.0,3.0,3.0,2.0,4.0,0.605872820614108
8498,29.0,79.0,7.0,1.0,6.0,1.0,1.0,1.0,4.0,1.0,1.00773235972176
12511,84.0,56.0,6.0,1.0,5.0,3.0,4.0,4.0,2.0,8.0,0.428443646566966
10729,53.0,45.0,6.0,0.0,5.0,1.0,4.0,1.0,1.0,4.0,0.683611691986969
12593,41.0,35.0,3.0,0.0,2.0,2.0,1.0,2.0,2.0,2.0,2.65509850870806
8285,50.0,30.0,3.0,0.0,2.0,3.0,1.0,2.0,2.0,3.0,1.2706696750691
11215,50.0,45.0,4.0,1.0,4.0,3.0,3.0,3.0,2.0,5.0,0.849523959415437
10529,64.0,51.0,3.0,1.0,4.0,3.0,4.0,5.0,3.0,3.0,1.02298761545076
10111,55.0,46.0,5.0,1.0,4.0,3.0,4.0,3.0,2.0,9.0,0.305977967105136
10112,49.0,47.0,5.0,1.0,2.0,2.0,2.0,1.0,2.0,2.0,0.465330311457455
11341,42.0,25.0,3.0,0.0,6.0,2.0,1.0,1.0,4.0,1.0,1.0968683862592
11482,68.0,62.0,6.0,0.0,5.0,3.0,4.0,5.0,1.0,9.0,0.68616119564917
10730,50.0,39.0,4.0,1.0,4.0,3.0,4.0,3.0,1.0,8.0,0.566761134604328
11342,58.0,55.0,5.0,1.0,1.0,0.0,4.0,5.0,2.0,8.0,1.34676020371007
9411,76.0,58.0,5.0,1.0,6.0,3.0,4.0,1.0,2.0,5.0,0.604002794759079
8927,61.0,74.0,6.0,1.0,6.0,3.0,4.0,2.0,1.0,5.0,0.604002794759079
10731,21.0,30.0,4.0,0.0,4.0,3.0,2.0,1.0,2.0,1.0,0.963125978446145
9165,50.0,41.0,4.0,1.0,5.0,3.0,3.0,2.0,1.0,7.0,1.60807474643697
10890,26.0,10.0,1.0,1.0,1.0,3.0,1.0,2.0,3.0,4.0,0.658213625678349
12867,35.0,24.0,3.0,1.0,2.0,1.0,1.0,3.0,2.0,1.0,1.5851186810041
8695,75.0,52.0,5.0,1.0,5.0,3.0,4.0,3.0,1.0,9.0,0.663026738476576
10333,55.0,54.0,5.0,0.0,4.0,3.0,4.0,2.0,1.0,7.0,0.398072953530557
11343,62.0,59.0,5.0,1.0,6.0,2.0,4.0,3.0,1.0,7.0,0.565768034600773
9166,49.0,39.0,4.0,0.0,3.0,0.0,,2.0,3.0,8.0,1.9368392137044
13125,95.0,85.0,6.0,0.0,6.0,3.0,4.0,3.0,3.0,8.0,0.17347156055203
9412,65.0,67.0,5.0,0.0,6.0,3.0,4.0,4.0,2.0,9.0,0.838544918601215
8696,95.0,57.0,6.0,0.0,6.0,2.0,4.0,4.0,1.0,6.0,0.679078041019004
10732,79.0,85.0,7.0,1.0,1.0,2.0,4.0,4.0,2.0,8.0,0.566098111241492
10530,64.0,63.0,5.0,1.0,4.0,3.0,4.0,2.0,2.0,4.0,0.638852046109925
11344,54.0,57.0,6.0,1.0,5.0,3.0,4.0,4.0,3.0,7.0,0.495238483924799
9413,51.0,35.0,3.0,0.0,3.0,3.0,2.0,4.0,3.0,8.0,0.951350961610696
13473,51.0,38.0,3.0,1.0,3.0,3.0,4.0,1.0,2.0,8.0,1.14963782580672
13543,37.0,58.0,5.0,1.0,6.0,3.0,3.0,1.0,1.0,1.0,0.789474795201382
13426,95.0,57.0,6.0,1.0,6.0,3.0,4.0,5.0,3.0,6.0,0.507510048355514
8697,67.0,57.0,4.0,0.0,5.0,3.0,4.0,3.0,1.0,4.0,0.647300589645439
14103,53.0,46.0,5.0,1.0,5.0,2.0,,5.0,1.0,9.0,0.792561401383392
13316,60.0,58.0,6.0,1.0,5.0,2.0,1.0,2.0,1.0,5.0,0.533467756818726
8286,50.0,42.0,4.0,1.0,4.0,2.0,,3.0,2.0,4.0,0.501833318964553
11064,48.0,35.0,4.0,0.0,6.0,1.0,4.0,1.0,3.0,7.0,2.66044858348705
10113,44.0,45.0,4.0,1.0,5.0,3.0,4.0,3.0,1.0,6.0,0.561309001046216
11720,65.0,78.0,5.0,1.0,4.0,1.0,4.0,3.0,1.0,1.0,1.00773235972176
13049,82.0,65.0,5.0,0.0,5.0,2.0,4.0,5.0,1.0,8.0,0.479041478485887
11820,63.0,44.0,5.0,0.0,6.0,3.0,4.0,4.0,2.0,7.0,0.402659524138344
8499,59.0,41.0,3.0,1.0,4.0,2.0,4.0,1.0,2.0,7.0,0.464136477035121
12345,51.0,36.0,4.0,1.0,5.0,1.0,,1.0,2.0,2.0,0.758528289502734
10531,61.0,42.0,,0.0,6.0,2.0,4.0,3.0,3.0,5.0,0.510018381799692
9414,86.0,68.0,6.0,1.0,6.0,3.0,4.0,4.0,1.0,6.0,0.603291613099629
8928,74.0,51.0,4.0,0.0,4.0,3.0,4.0,3.0,2.0,9.0,0.899822332961181
12594,47.0,34.0,2.0,0.0,4.0,3.0,1.0,3.0,2.0,3.0,0.677184723317399
8698,67.0,65.0,7.0,1.0,4.0,3.0,4.0,5.0,1.0,9.0,1.3312002072243
10334,64.0,43.0,5.0,0.0,5.0,3.0,4.0,4.0,2.0,9.0,0.486719565870663
10733,56.0,63.0,6.0,1.0,5.0,3.0,4.0,5.0,3.0,9.0,1.89011668022466
12346,41.0,36.0,5.0,0.0,3.0,2.0,1.0,3.0,3.0,4.0,0.605872820614108
9675,53.0,35.0,4.0,0.0,4.0,2.0,4.0,3.0,2.0,1.0,0.54667589366344
13018,33.0,36.0,5.0,1.0,1.0,3.0,1.0,1.0,2.0,1.0,2.54469551425777
10734,60.0,52.0,,0.0,4.0,3.0,4.0,4.0,2.0,7.0,0.207202529402069
11614,72.0,57.0,6.0,0.0,6.0,3.0,4.0,4.0,1.0,9.0,1.29684059216641
11483,65.0,48.0,5.0,0.0,4.0,3.0,4.0,3.0,2.0,7.0,0.462550679578911
11345,73.0,51.0,5.0,0.0,5.0,3.0,4.0,4.0,2.0,5.0,0.507510048355514
8500,55.0,37.0,3.0,0.0,2.0,3.0,2.0,1.0,2.0,2.0,0.884687194483423
10891,56.0,56.0,5.0,1.0,4.0,1.0,2.0,1.0,3.0,7.0,1.59613504321202
11484,52.0,42.0,5.0,1.0,4.0,2.0,4.0,4.0,3.0,7.0,0.487992914064358
12084,43.0,40.0,5.0,0.0,4.0,1.0,4.0,3.0,3.0,7.0,1.54724225368128
12347,62.0,58.0,5.0,1.0,5.0,3.0,4.0,3.0,1.0,8.0,0.810563295511147
8929,57.0,45.0,5.0,1.0,4.0,3.0,4.0,3.0,2.0,8.0,0.566761134604328
9899,25.0,47.0,5.0,1.0,1.0,2.0,1.0,1.0,3.0,1.0,0.482664698350186
8501,26.0,79.0,6.0,1.0,6.0,0.0,4.0,1.0,4.0,1.0,1.49297094437786
9415,14.0,40.0,3.0,1.0,2.0,3.0,1.0,3.0,2.0,3.0,1.05655893820715
10532,45.0,48.0,4.0,0.0,1.0,3.0,4.0,2.0,3.0,2.0,0.659948954960737
8112,38.0,56.0,5.0,0.0,6.0,2.0,1.0,2.0,2.0,9.0,4.14575790364737
9167,57.0,47.0,4.0,1.0,5.0,3.0,4.0,3.0,1.0,9.0,0.654091583106235
9416,49.0,65.0,6.0,1.0,6.0,3.0,2.0,3.0,2.0,8.0,0.562736634460862
10735,65.0,42.0,4.0,1.0,5.0,3.0,4.0,3.0,2.0,3.0,0.662206802046615
12008,64.0,49.0,5.0,0.0,1.0,3.0,4.0,3.0,1.0,2.0,0.567723299864323
11914,72.0,54.0,5.0,0.0,6.0,3.0,4.0,4.0,3.0,4.0,0.472062421012038
10114,53.0,55.0,4.0,1.0,5.0,1.0,4.0,4.0,2.0,6.0,0.579867046325649
9676,88.0,85.0,7.0,0.0,6.0,3.0,4.0,4.0,1.0,7.0,0.39575042801281
7263,61.0,54.0,5.0,1.0,4.0,3.0,,,,9.0,2.91238491800199
10736,72.0,57.0,6.0,1.0,4.0,3.0,4.0,3.0,2.0,8.0,0.228929776203313
10335,51.0,42.0,4.0,1.0,3.0,2.0,,4.0,2.0,5.0,0.582495252644721
10336,62.0,56.0,5.0,1.0,5.0,3.0,1.0,5.0,2.0,6.0,0.54352247974711
8502,66.0,66.0,5.0,1.0,6.0,3.0,4.0,2.0,1.0,8.0,1.27293220885162
9900,62.0,54.0,3.0,1.0,6.0,2.0,4.0,4.0,1.0,9.0,1.61249326308834
10533,41.0,30.0,1.0,0.0,6.0,1.0,2.0,5.0,2.0,1.0,1.70560378098428
12411,45.0,52.0,5.0,1.0,3.0,3.0,,3.0,1.0,6.0,1.09435206302439
8503,72.0,73.0,7.0,1.0,6.0,3.0,4.0,3.0,2.0,7.0,1.66880336467333
10892,75.0,56.0,6.0,0.0,6.0,2.0,4.0,,1.0,8.0,0.566098111241492
13117,75.0,48.0,4.0,1.0,5.0,3.0,4.0,4.0,1.0,4.0,0.703622855774183
10893,47.0,43.0,4.0,0.0,2.0,3.0,3.0,2.0,4.0,2.0,0.760633994341251
10737,78.0,54.0,5.0,1.0,6.0,2.0,1.0,3.0,1.0,7.0,3.21670344841587
11915,35.0,69.0,5.0,1.0,5.0,1.0,2.0,1.0,1.0,1.0,0.995461834763822
12292,60.0,63.0,6.0,1.0,6.0,3.0,4.0,2.0,2.0,9.0,0.70206011248178
13141,37.0,40.0,2.0,0.0,2.0,3.0,1.0,2.0,1.0,1.0,1.31936127493177
8504,65.0,37.0,4.0,1.0,6.0,3.0,3.0,4.0,2.0,9.0,3.86844202193869
9168,57.0,47.0,5.0,1.0,4.0,3.0,4.0,3.0,1.0,9.0,0.316835049611977
9901,51.0,46.0,4.0,1.0,4.0,1.0,3.0,2.0,1.0,7.0,1.02081330734859
10337,60.0,47.0,4.0,0.0,5.0,2.0,4.0,5.0,4.0,3.0,0.914159192212371
10894,69.0,53.0,5.0,0.0,6.0,3.0,4.0,4.0,2.0,9.0,0.316835049611977
8288,86.0,54.0,4.0,1.0,6.0,2.0,4.0,4.0,1.0,9.0,1.136270396264
11065,86.0,85.0,7.0,0.0,6.0,3.0,4.0,4.0,1.0,9.0,1.29124059283439
12009,28.0,42.0,5.0,0.0,1.0,3.0,1.0,1.0,2.0,3.0,2.28795040487687
12898,54.0,34.0,3.0,0.0,2.0,3.0,4.0,3.0,1.0,3.0,1.75270080340692
12229,32.0,45.0,4.0,0.0,3.0,3.0,3.0,2.0,1.0,7.0,0.418126618773389
12512,62.0,58.0,6.0,0.0,4.0,3.0,4.0,5.0,1.0,3.0,0.517984987288817
10534,78.0,53.0,5.0,0.0,5.0,1.0,4.0,3.0,2.0,2.0,1.34004661384644
12155,36.0,54.0,3.0,0.0,6.0,3.0,2.0,4.0,2.0,4.0,0.93836466328711
12085,60.0,55.0,5.0,0.0,4.0,3.0,4.0,4.0,3.0,3.0,0.595705826954785
12513,52.0,41.0,4.0,1.0,4.0,3.0,2.0,2.0,3.0,2.0,0.913997991315198
8930,60.0,53.0,5.0,1.0,4.0,3.0,4.0,4.0,2.0,7.0,0.328091584841802
11485,50.0,51.0,5.0,1.0,3.0,2.0,4.0,2.0,3.0,4.0,0.565870216181797
13200,55.0,54.0,4.0,0.0,6.0,3.0,4.0,3.0,3.0,8.0,2.4932946473226
10338,49.0,43.0,4.0,1.0,5.0,3.0,3.0,2.0,1.0,4.0,0.854347714338186
11066,56.0,41.0,5.0,1.0,6.0,2.0,4.0,3.0,2.0,6.0,1.19286724191104
10535,57.0,50.0,5.0,0.0,2.0,3.0,4.0,5.0,1.0,1.0,1.24735563406357
10115,69.0,81.0,6.0,1.0,5.0,3.0,4.0,3.0,1.0,6.0,0.572111108516244
13400,67.0,48.0,6.0,1.0,5.0,3.0,4.0,4.0,3.0,7.0,0.520903605569945
13066,61.0,55.0,4.0,1.0,4.0,2.0,4.0,3.0,1.0,6.0,0.668887742101866
13839,65.0,64.0,5.0,0.0,5.0,3.0,4.0,3.0,1.0,9.0,0.694742310796871
9169,31.0,73.0,5.0,1.0,5.0,2.0,1.0,4.0,3.0,1.0,0.711299310232988
9677,55.0,42.0,,0.0,3.0,3.0,3.0,2.0,1.0,8.0,0.657132330949578
9170,62.0,35.0,5.0,0.0,4.0,0.0,4.0,,,2.0,1.0913099281707
12955,56.0,43.0,5.0,0.0,1.0,3.0,3.0,1.0,1.0,6.0,0.482302349280515
8505,76.0,81.0,6.0,1.0,6.0,3.0,4.0,3.0,2.0,8.0,1.08605493351384
12348,49.0,40.0,4.0,1.0,5.0,3.0,4.0,4.0,3.0,5.0,1.32837540721174
12670,66.0,57.0,6.0,1.0,5.0,2.0,4.0,5.0,1.0,8.0,0.493182109086083
11067,57.0,45.0,5.0,1.0,3.0,3.0,3.0,3.0,1.0,7.0,0.354565065537302
12156,44.0,47.0,4.0,1.0,4.0,2.0,3.0,1.0,2.0,4.0,0.785978434344613
12956,53.0,42.0,5.0,1.0,6.0,3.0,4.0,1.0,2.0,2.0,0.488926027207662
9678,49.0,73.0,4.0,1.0,5.0,3.0,3.0,2.0,2.0,8.0,1.62573511583043
8113,24.0,42.0,4.0,1.0,4.0,1.0,4.0,1.0,1.0,1.0,0.601127943590114
12412,48.0,40.0,3.0,1.0,2.0,3.0,4.0,3.0,3.0,1.0,1.37929419961747
10536,45.0,41.0,5.0,1.0,5.0,3.0,4.0,3.0,1.0,6.0,0.600186524272417
10895,78.0,56.0,4.0,1.0,6.0,3.0,4.0,5.0,2.0,7.0,0.433475352883694
11486,53.0,38.0,4.0,1.0,4.0,3.0,,3.0,3.0,8.0,0.924816321430049
11916,61.0,41.0,3.0,1.0,5.0,3.0,4.0,3.0,2.0,8.0,0.658359391717678
8931,55.0,42.0,,0.0,5.0,3.0,4.0,5.0,2.0,8.0,0.924840981129284
11346,51.0,67.0,6.0,1.0,6.0,3.0,4.0,,1.0,1.0,0.874321288716022
12827,79.0,56.0,7.0,1.0,2.0,3.0,4.0,1.0,3.0,5.0,0.467701204253611
8506,53.0,64.0,5.0,1.0,4.0,0.0,2.0,1.0,1.0,1.0,1.00773235972176
13950,58.0,46.0,5.0,1.0,5.0,3.0,3.0,3.0,2.0,1.0,1.10656948703984
7979,68.0,57.0,6.0,0.0,6.0,3.0,4.0,4.0,2.0,9.0,2.06053393960051
12595,22.0,30.0,1.0,1.0,6.0,2.0,1.0,1.0,1.0,7.0,0.470946239203559
10117,67.0,85.0,6.0,1.0,6.0,2.0,4.0,1.0,3.0,7.0,0.459072921109433
13050,88.0,77.0,6.0,1.0,6.0,3.0,4.0,4.0,3.0,9.0,0.597818503557923
9417,52.0,50.0,7.0,1.0,6.0,3.0,4.0,3.0,1.0,4.0,0.635308867048563
9902,65.0,69.0,5.0,1.0,5.0,1.0,4.0,3.0,2.0,8.0,0.493182109086083
14059,62.0,42.0,5.0,1.0,5.0,3.0,4.0,2.0,2.0,8.0,1.27293220885162
8932,83.0,54.0,5.0,1.0,5.0,3.0,4.0,2.0,3.0,6.0,0.404224225123736
9903,44.0,49.0,5.0,1.0,3.0,1.0,1.0,3.0,3.0,5.0,1.40479528977462
14189,55.0,41.0,4.0,0.0,5.0,1.0,3.0,2.0,2.0,3.0,1.25921730628409
12671,56.0,37.0,1.0,0.0,2.0,3.0,4.0,3.0,1.0,7.0,0.461002280037267
13298,49.0,42.0,4.0,1.0,4.0,2.0,2.0,4.0,1.0,6.0,1.32460529751815
9904,67.0,60.0,5.0,1.0,6.0,3.0,4.0,3.0,3.0,7.0,0.643773079338598
10537,57.0,43.0,5.0,1.0,5.0,3.0,4.0,3.0,2.0,6.0,0.467189867906821
11068,62.0,51.0,3.0,1.0,6.0,3.0,4.0,4.0,2.0,8.0,0.228929776203313
10339,49.0,45.0,5.0,1.0,2.0,3.0,4.0,3.0,1.0,6.0,0.336213356895078
7220,49.0,35.0,4.0,0.0,2.0,1.0,3.0,3.0,2.0,7.0,1.54724225368128
12828,53.0,54.0,5.0,1.0,4.0,3.0,4.0,3.0,2.0,7.0,1.66880336467333
9418,86.0,79.0,6.0,1.0,6.0,2.0,4.0,1.0,1.0,1.0,0.481230663383119
7980,42.0,40.0,4.0,0.0,3.0,0.0,2.0,3.0,4.0,2.0,1.77640477914081
8507,66.0,58.0,6.0,1.0,5.0,1.0,4.0,3.0,3.0,9.0,1.14093362145229
12349,54.0,59.0,6.0,1.0,6.0,1.0,3.0,5.0,1.0,4.0,1.40399417904742
7364,39.0,42.0,3.0,0.0,3.0,3.0,,2.0,3.0,2.0,0.467820874558452
13210,59.0,45.0,4.0,0.0,5.0,3.0,4.0,4.0,3.0,2.0,3.24295964832679
11069,68.0,59.0,6.0,0.0,4.0,2.0,4.0,3.0,1.0,4.0,0.565870216181797
12470,75.0,62.0,5.0,1.0,6.0,3.0,4.0,4.0,1.0,6.0,0.623787217567275
11917,50.0,55.0,3.0,1.0,4.0,3.0,3.0,3.0,2.0,3.0,1.08991628284157
10118,62.0,44.0,5.0,1.0,6.0,2.0,,4.0,1.0,3.0,1.96254290524218
13397,48.0,39.0,4.0,1.0,2.0,1.0,1.0,2.0,1.0,1.0,3.36921147408326
8699,58.0,40.0,4.0,1.0,4.0,3.0,4.0,5.0,2.0,8.0,1.63552660547092
7981,49.0,42.0,5.0,0.0,4.0,1.0,4.0,2.0,3.0,6.0,2.8123591399557
9171,50.0,47.0,5.0,0.0,6.0,3.0,4.0,3.0,3.0,6.0,0.344742699821944
11615,59.0,38.0,5.0,0.0,5.0,3.0,4.0,4.0,2.0,5.0,0.749583929952584
14199,43.0,53.0,5.0,1.0,4.0,2.0,1.0,3.0,1.0,2.0,1.50408566258709
11487,57.0,59.0,5.0,1.0,4.0,3.0,4.0,5.0,1.0,5.0,0.844348838398642
7194,41.0,49.0,6.0,1.0,4.0,0.0,3.0,2.0,4.0,8.0,0.649568136147109
13757,57.0,61.0,5.0,1.0,6.0,3.0,3.0,4.0,1.0,1.0,0.785892620419774
13893,79.0,69.0,7.0,1.0,6.0,3.0,4.0,4.0,1.0,4.0,0.590080583880177
8934,59.0,38.0,4.0,1.0,6.0,2.0,3.0,2.0,2.0,4.0,0.34690372352755
7195,28.0,42.0,5.0,1.0,5.0,2.0,2.0,1.0,3.0,1.0,0.629480839556505
12986,49.0,42.0,7.0,1.0,5.0,2.0,,2.0,1.0,1.0,0.837233845884165
11721,68.0,58.0,6.0,1.0,5.0,2.0,,5.0,1.0,2.0,0.892682745809019
8289,35.0,48.0,4.0,0.0,1.0,2.0,4.0,5.0,3.0,7.0,0.855743491270233
13074,49.0,36.0,3.0,0.0,3.0,1.0,3.0,1.0,3.0,1.0,1.22219672707412
7365,49.0,36.0,4.0,1.0,2.0,1.0,3.0,2.0,3.0,1.0,1.05275045641431
9419,56.0,35.0,3.0,1.0,4.0,2.0,3.0,1.0,1.0,5.0,0.821747621231998
9420,42.0,42.0,4.0,1.0,5.0,2.0,1.0,2.0,2.0,7.0,0.364739991861132
9172,64.0,51.0,5.0,1.0,3.0,2.0,,1.0,2.0,1.0,1.03661836902694
8935,57.0,53.0,7.0,1.0,5.0,3.0,3.0,2.0,2.0,7.0,0.628575624408971
12350,71.0,58.0,5.0,0.0,6.0,3.0,4.0,3.0,1.0,6.0,0.886952845737927
14052,39.0,53.0,4.0,1.0,5.0,2.0,4.0,1.0,2.0,1.0,1.44680590001491
12809,30.0,66.0,7.0,1.0,6.0,1.0,1.0,1.0,3.0,1.0,1.22219672707412
13311,85.0,60.0,5.0,0.0,3.0,1.0,4.0,3.0,1.0,4.0,0.805906758740592
13043,76.0,85.0,5.0,1.0,5.0,1.0,4.0,2.0,4.0,1.0,1.35125192014972
7196,49.0,41.0,2.0,1.0,4.0,1.0,,3.0,1.0,3.0,0.866617895599027
10738,59.0,67.0,5.0,0.0,5.0,3.0,4.0,4.0,1.0,5.0,0.293994339999557
8936,64.0,75.0,6.0,1.0,6.0,3.0,4.0,3.0,3.0,9.0,0.379703164695557
10896,50.0,69.0,5.0,1.0,3.0,2.0,3.0,2.0,1.0,4.0,0.703015870337016
7366,59.0,29.0,6.0,,3.0,0.0,,3.0,2.0,1.0,0.962664368189881
12846,55.0,40.0,3.0,0.0,5.0,3.0,4.0,3.0,2.0,7.0,1.27728155652366
14086,51.0,51.0,5.0,1.0,2.0,3.0,4.0,4.0,2.0,8.0,0.455155210156144
12829,49.0,44.0,3.0,0.0,4.0,3.0,,1.0,2.0,1.0,1.34763233146383
10340,69.0,63.0,5.0,1.0,5.0,2.0,4.0,2.0,1.0,9.0,1.06216217954136
10897,53.0,53.0,5.0,1.0,4.0,1.0,,1.0,1.0,1.0,1.05275045641431
9421,57.0,50.0,4.0,1.0,6.0,2.0,4.0,1.0,2.0,4.0,0.841672455689242
7982,,,4.0,0.0,,1.0,,3.0,2.0,1.0,0.681337266198548
13395,81.0,80.0,7.0,1.0,6.0,3.0,,3.0,1.0,5.0,1.95822990146588
10898,62.0,51.0,5.0,1.0,5.0,3.0,3.0,3.0,2.0,8.0,4.08248010784543
8700,45.0,42.0,3.0,1.0,4.0,1.0,,,,1.0,1.00773235972176
11488,71.0,81.0,7.0,1.0,6.0,3.0,4.0,5.0,1.0,7.0,0.567317395506931
10739,36.0,46.0,5.0,1.0,6.0,1.0,2.0,1.0,2.0,1.0,0.572331111203283
11070,51.0,39.0,5.0,0.0,4.0,2.0,1.0,4.0,2.0,2.0,1.76760000869886
10538,60.0,85.0,6.0,1.0,6.0,2.0,4.0,4.0,1.0,5.0,0.535202088779277
7983,56.0,53.0,5.0,1.0,5.0,3.0,3.0,3.0,2.0,2.0,0.599127557669169
14117,61.0,48.0,5.0,1.0,4.0,2.0,4.0,2.0,3.0,6.0,1.23693790958225
9422,56.0,69.0,5.0,0.0,5.0,2.0,4.0,4.0,1.0,7.0,0.46790419331502
13075,47.0,51.0,5.0,1.0,3.0,3.0,3.0,2.0,2.0,5.0,0.468241455004268
13282,22.0,40.0,4.0,0.0,2.0,2.0,1.0,1.0,3.0,1.0,0.907903091691429
12293,62.0,65.0,5.0,1.0,5.0,2.0,4.0,2.0,2.0,8.0,1.58229163059575
14025,54.0,41.0,5.0,0.0,4.0,0.0,2.0,4.0,3.0,1.0,1.00773235972176
13019,57.0,46.0,5.0,1.0,5.0,3.0,4.0,3.0,3.0,9.0,1.54170343799089
7164,55.0,42.0,5.0,1.0,5.0,1.0,4.0,2.0,4.0,7.0,0.504370143598592
14020,56.0,59.0,6.0,1.0,5.0,3.0,3.0,4.0,1.0,8.0,0.465572874264923
9173,51.0,57.0,5.0,1.0,5.0,3.0,4.0,2.0,1.0,8.0,0.701231511246516
10899,49.0,50.0,5.0,1.0,4.0,3.0,2.0,2.0,3.0,4.0,0.54619826114903
9679,63.0,55.0,5.0,1.0,5.0,2.0,4.0,1.0,1.0,8.0,0.60329712386554
11071,55.0,66.0,5.0,1.0,3.0,2.0,2.0,4.0,1.0,3.0,0.39620498174663
7367,46.0,43.0,4.0,1.0,3.0,2.0,3.0,3.0,3.0,2.0,0.430449259659937
12351,55.0,45.0,5.0,0.0,4.0,0.0,2.0,2.0,3.0,4.0,0.859818021736532
10119,52.0,39.0,4.0,0.0,3.0,3.0,2.0,2.0,3.0,6.0,1.16189349190144
7984,30.0,71.0,7.0,1.0,5.0,2.0,,1.0,1.0,1.0,0.820076194026753
9905,84.0,57.0,6.0,0.0,5.0,3.0,4.0,5.0,1.0,5.0,0.763245203570024
14089,20.0,30.0,1.0,0.0,3.0,2.0,1.0,3.0,3.0,7.0,2.5801933619178
14133,64.0,71.0,5.0,1.0,6.0,2.0,4.0,3.0,1.0,9.0,1.25166225641748
7985,57.0,25.0,4.0,1.0,2.0,2.0,,1.0,3.0,1.0,1.15146760390183
13851,36.0,63.0,7.0,1.0,2.0,3.0,1.0,4.0,1.0,3.0,0.419934053183907
11216,29.0,24.0,1.0,0.0,1.0,3.0,1.0,1.0,3.0,7.0,0.507776648975993
12230,52.0,46.0,,1.0,5.0,3.0,3.0,3.0,1.0,8.0,0.544781107389302
7311,26.0,79.0,6.0,1.0,5.0,1.0,3.0,2.0,2.0,2.0,0.87634805695994
7696,49.0,42.0,5.0,0.0,3.0,1.0,3.0,1.0,3.0,1.0,0.90019727505533
12413,61.0,48.0,5.0,1.0,3.0,3.0,4.0,2.0,1.0,4.0,0.523533235193484
13630,65.0,46.0,5.0,1.0,5.0,3.0,4.0,3.0,3.0,7.0,1.03889423162165
10539,46.0,37.0,4.0,0.0,2.0,1.0,1.0,2.0,3.0,1.0,1.04615075441984
12294,42.0,64.0,4.0,1.0,6.0,2.0,2.0,3.0,3.0,1.0,1.05971666040529
8115,58.0,52.0,5.0,1.0,5.0,2.0,3.0,2.0,3.0,8.0,1.08605493351384
13261,72.0,71.0,7.0,1.0,3.0,2.0,4.0,3.0,1.0,7.0,0.798855964710829
8290,41.0,38.0,3.0,1.0,2.0,3.0,1.0,1.0,2.0,3.0,0.782127248563227
12514,86.0,85.0,7.0,1.0,5.0,1.0,4.0,,4.0,2.0,1.59572139648425
9174,56.0,48.0,5.0,0.0,5.0,2.0,4.0,3.0,2.0,4.0,0.594104917705243
13496,62.0,38.0,5.0,1.0,5.0,2.0,,1.0,1.0,1.0,0.621240937697041
12847,61.0,47.0,5.0,1.0,5.0,3.0,3.0,2.0,2.0,7.0,5.8697873155162
12295,51.0,52.0,5.0,1.0,6.0,1.0,3.0,4.0,3.0,8.0,1.16997368589556
14060,45.0,50.0,5.0,0.0,5.0,2.0,3.0,3.0,4.0,5.0,0.821050432685234
12157,70.0,66.0,7.0,1.0,2.0,3.0,4.0,1.0,3.0,8.0,0.378477834633362
14043,61.0,54.0,4.0,1.0,6.0,3.0,4.0,4.0,2.0,9.0,0.451574711521211
12158,63.0,67.0,4.0,1.0,6.0,3.0,4.0,1.0,1.0,7.0,2.06200078257594
12558,59.0,55.0,6.0,1.0,5.0,3.0,4.0,3.0,2.0,9.0,2.33062907833604
8937,59.0,65.0,7.0,1.0,4.0,3.0,4.0,2.0,4.0,5.0,0.922741524965401
11821,62.0,38.0,4.0,1.0,4.0,1.0,3.0,2.0,2.0,1.0,0.821685629533687
10740,44.0,44.0,5.0,0.0,2.0,3.0,,2.0,1.0,3.0,0.833961547879995
14121,52.0,70.0,7.0,1.0,3.0,3.0,,1.0,1.0,1.0,1.57366946499295
14200,18.0,27.0,1.0,1.0,3.0,3.0,3.0,3.0,2.0,2.0,1.07824529856919
13987,53.0,41.0,5.0,1.0,4.0,2.0,4.0,3.0,4.0,1.0,0.858638271029219
12672,65.0,57.0,6.0,1.0,6.0,3.0,4.0,3.0,1.0,5.0,0.279866573378557
10741,77.0,69.0,5.0,1.0,6.0,2.0,4.0,3.0,2.0,9.0,0.599007186554961
14038,63.0,60.0,4.0,1.0,6.0,3.0,3.0,2.0,1.0,2.0,0.601911602581756
8116,39.0,52.0,6.0,1.0,4.0,2.0,1.0,5.0,1.0,1.0,0.629480839556505
9906,25.0,22.0,1.0,0.0,6.0,3.0,3.0,5.0,4.0,2.0,0.769322237482493
8938,55.0,48.0,4.0,1.0,2.0,2.0,3.0,1.0,2.0,3.0,1.24762332631394
12414,23.0,58.0,6.0,0.0,2.0,2.0,2.0,2.0,1.0,1.0,1.23019363483158
14106,27.0,32.0,5.0,0.0,2.0,3.0,1.0,4.0,1.0,6.0,1.57290394066403
8939,52.0,51.0,6.0,0.0,6.0,3.0,3.0,1.0,2.0,1.0,1.56916062606996
10341,67.0,37.0,5.0,0.0,5.0,3.0,4.0,4.0,2.0,9.0,0.52250358439155
11072,57.0,52.0,5.0,1.0,6.0,3.0,4.0,5.0,2.0,7.0,0.924106017513812
11918,86.0,85.0,7.0,1.0,6.0,3.0,4.0,1.0,1.0,5.0,1.11848276363094
8701,58.0,40.0,4.0,0.0,5.0,3.0,4.0,4.0,2.0,9.0,2.00843182533174
8117,42.0,77.0,5.0,0.0,5.0,0.0,,2.0,4.0,1.0,1.00773235972176
12848,51.0,44.0,4.0,1.0,4.0,1.0,3.0,2.0,3.0,8.0,1.18403117717842
11348,55.0,43.0,4.0,0.0,4.0,2.0,1.0,3.0,3.0,1.0,1.22016673414829
14039,71.0,57.0,5.0,1.0,6.0,3.0,4.0,4.0,2.0,9.0,0.940826252860564
13993,57.0,53.0,4.0,0.0,5.0,2.0,,2.0,1.0,6.0,1.09004387038925
9907,65.0,51.0,6.0,1.0,5.0,3.0,4.0,,,3.0,0.436818263987348
7986,51.0,40.0,4.0,1.0,3.0,2.0,1.0,1.0,3.0,3.0,0.853838630387688
9680,59.0,63.0,6.0,1.0,4.0,3.0,4.0,4.0,1.0,9.0,0.630935831216582
12746,47.0,42.0,4.0,1.0,4.0,1.0,3.0,3.0,2.0,6.0,0.420394640303392
12969,36.0,42.0,3.0,0.0,4.0,2.0,,2.0,3.0,6.0,0.749583929952584
8291,53.0,35.0,3.0,1.0,3.0,3.0,,1.0,2.0,5.0,0.547747212763095
9423,51.0,76.0,6.0,1.0,5.0,3.0,4.0,2.0,1.0,1.0,0.94074160852083
10900,45.0,46.0,3.0,0.0,2.0,2.0,2.0,4.0,3.0,8.0,0.718044697726845
13221,64.0,37.0,4.0,1.0,6.0,3.0,3.0,1.0,1.0,5.0,3.91337714115978
8118,49.0,49.0,4.0,0.0,3.0,3.0,1.0,4.0,1.0,6.0,0.886952845737927
10342,60.0,63.0,5.0,1.0,6.0,3.0,4.0,5.0,1.0,4.0,0.817886771710684
14137,34.0,40.0,6.0,1.0,3.0,1.0,1.0,1.0,2.0,2.0,1.80663587171379
14205,25.0,59.0,5.0,1.0,6.0,1.0,,4.0,1.0,3.0,1.33201136800283
12515,40.0,42.0,6.0,1.0,4.0,1.0,2.0,1.0,4.0,1.0,1.05361647377005
12010,48.0,41.0,3.0,1.0,4.0,2.0,1.0,2.0,3.0,3.0,1.12235058734901
13639,40.0,24.0,1.0,0.0,1.0,1.0,4.0,3.0,3.0,5.0,0.479737500344553
7368,44.0,51.0,5.0,1.0,6.0,2.0,1.0,1.0,1.0,1.0,0.588251322908211
10120,48.0,51.0,3.0,1.0,4.0,3.0,4.0,2.0,2.0,8.0,0.17347156055203
11822,66.0,56.0,4.0,1.0,6.0,2.0,4.0,1.0,1.0,1.0,1.2023293641406
11489,38.0,28.0,1.0,0.0,4.0,2.0,1.0,5.0,1.0,1.0,3.15858229596366
12231,53.0,50.0,5.0,1.0,5.0,2.0,3.0,1.0,1.0,1.0,1.31229400268211
14077,35.0,65.0,6.0,1.0,6.0,1.0,3.0,1.0,1.0,6.0,2.10610450595721
7369,55.0,62.0,7.0,,6.0,2.0,4.0,5.0,2.0,3.0,0.73676362976526
9681,63.0,36.0,5.0,1.0,5.0,2.0,,4.0,2.0,4.0,1.48633358312316
7699,78.0,70.0,7.0,1.0,6.0,1.0,,5.0,1.0,1.0,0.837233845884165
12970,58.0,29.0,,0.0,4.0,2.0,1.0,2.0,2.0,1.0,0.761779167020258
9682,79.0,85.0,7.0,1.0,6.0,3.0,4.0,5.0,1.0,7.0,0.285743678765369
12777,53.0,44.0,6.0,0.0,5.0,3.0,3.0,3.0,2.0,1.0,0.830386416415182
12634,32.0,41.0,5.0,1.0,5.0,1.0,1.0,2.0,1.0,3.0,1.16086588769924
7845,49.0,42.0,4.0,1.0,3.0,1.0,2.0,3.0,3.0,1.0,1.0018411291322
11919,55.0,40.0,5.0,0.0,6.0,3.0,4.0,2.0,2.0,7.0,0.446594177943934
12958,62.0,50.0,4.0,0.0,5.0,2.0,2.0,4.0,2.0,1.0,1.0042934413844
13528,49.0,42.0,4.0,0.0,4.0,1.0,,3.0,2.0,3.0,0.576638231774457
13126,56.0,50.0,5.0,1.0,5.0,3.0,4.0,3.0,1.0,9.0,0.722403964866589
14184,39.0,42.0,5.0,0.0,3.0,1.0,1.0,4.0,2.0,1.0,0.755370985488193
11217,50.0,56.0,5.0,1.0,3.0,2.0,3.0,4.0,1.0,5.0,2.14726273919808
13547,50.0,46.0,6.0,1.0,6.0,1.0,3.0,1.0,1.0,6.0,1.6243796686336
11823,53.0,39.0,5.0,1.0,3.0,3.0,2.0,2.0,2.0,5.0,0.845302495901271
12296,50.0,41.0,5.0,0.0,6.0,0.0,3.0,1.0,1.0,3.0,1.46125719486768
8508,55.0,49.0,5.0,1.0,5.0,3.0,4.0,2.0,1.0,9.0,0.546695289782682
7312,26.0,79.0,7.0,1.0,6.0,0.0,4.0,3.0,3.0,1.0,1.50074977333486
13097,53.0,41.0,5.0,0.0,4.0,1.0,3.0,5.0,3.0,5.0,0.519817464838549
9424,45.0,47.0,5.0,1.0,3.0,2.0,1.0,1.0,1.0,6.0,2.047416606751
8292,55.0,49.0,4.0,1.0,3.0,2.0,3.0,3.0,1.0,4.0,1.40399417904742
10901,42.0,37.0,5.0,0.0,3.0,1.0,2.0,1.0,4.0,4.0,2.42709041569959
13305,26.0,85.0,7.0,1.0,6.0,1.0,1.0,3.0,1.0,3.0,0.820919130989177
12011,62.0,76.0,5.0,1.0,2.0,3.0,4.0,2.0,1.0,9.0,1.2504454210606
11490,44.0,33.0,3.0,0.0,3.0,1.0,1.0,2.0,3.0,1.0,0.901803009056987
12232,45.0,33.0,4.0,1.0,4.0,3.0,2.0,1.0,3.0,1.0,0.644715272182289
12747,53.0,50.0,4.0,0.0,4.0,2.0,3.0,1.0,1.0,3.0,0.676691671363887
10121,50.0,42.0,4.0,0.0,2.0,3.0,4.0,5.0,2.0,9.0,2.12626527113207
12086,37.0,45.0,5.0,1.0,4.0,3.0,1.0,3.0,2.0,1.0,0.82836237351813
7197,,,4.0,,,0.0,,,,1.0,0.785892620419774
9425,68.0,61.0,6.0,1.0,6.0,3.0,4.0,3.0,1.0,9.0,0.940826252860564
12849,53.0,46.0,4.0,0.0,5.0,3.0,1.0,4.0,2.0,1.0,2.05684721214662
11824,48.0,42.0,3.0,1.0,4.0,3.0,4.0,2.0,3.0,1.0,1.69989643453723
10742,45.0,60.0,6.0,1.0,5.0,3.0,4.0,2.0,1.0,2.0,1.72638581121103
11491,52.0,35.0,4.0,0.0,3.0,3.0,4.0,2.0,1.0,5.0,0.475634403398036
10540,58.0,47.0,5.0,1.0,4.0,3.0,3.0,4.0,1.0,3.0,0.453950784868333
7313,46.0,29.0,4.0,1.0,5.0,1.0,2.0,2.0,4.0,2.0,1.05361647377005
12596,57.0,39.0,5.0,0.0,4.0,2.0,3.0,3.0,4.0,2.0,0.613108792790043
10743,51.0,41.0,5.0,1.0,2.0,1.0,1.0,2.0,3.0,5.0,0.775656304949172
12087,61.0,61.0,6.0,1.0,6.0,2.0,4.0,2.0,1.0,9.0,0.940826252860564
13738,60.0,44.0,4.0,1.0,6.0,3.0,4.0,3.0,3.0,2.0,0.233067808654727
14179,60.0,41.0,4.0,1.0,3.0,3.0,4.0,2.0,2.0,6.0,0.638095818815433
12415,53.0,46.0,5.0,0.0,3.0,3.0,3.0,5.0,3.0,8.0,0.564216797049067
11825,46.0,61.0,3.0,0.0,5.0,3.0,4.0,4.0,1.0,4.0,0.501833318964553
7846,51.0,41.0,5.0,1.0,4.0,1.0,,2.0,3.0,4.0,0.477193201014906
11349,47.0,44.0,5.0,1.0,4.0,3.0,1.0,1.0,1.0,4.0,0.631339476699961
12516,20.0,29.0,3.0,1.0,2.0,2.0,3.0,2.0,3.0,2.0,1.12468757010639
11218,43.0,26.0,2.0,0.0,1.0,2.0,1.0,3.0,2.0,7.0,0.444344325163632
7370,50.0,41.0,4.0,0.0,4.0,1.0,,1.0,2.0,2.0,0.950031780640351
13988,36.0,42.0,3.0,0.0,5.0,1.0,1.0,5.0,3.0,6.0,1.02437716283628
13423,32.0,38.0,3.0,0.0,2.0,1.0,1.0,4.0,,1.0,1.04635233143925
13421,63.0,58.0,6.0,0.0,6.0,3.0,3.0,4.0,1.0,8.0,1.22448994175076
13564,56.0,59.0,7.0,1.0,4.0,2.0,4.0,5.0,3.0,9.0,1.55606143664668
13450,43.0,38.0,4.0,0.0,4.0,3.0,4.0,2.0,3.0,5.0,1.35375531228783
13740,48.0,52.0,6.0,0.0,3.0,2.0,3.0,3.0,3.0,2.0,0.799318311256295
11826,60.0,51.0,4.0,1.0,5.0,3.0,4.0,3.0,2.0,8.0,0.525396979263494
10744,72.0,57.0,6.0,1.0,5.0,3.0,4.0,3.0,2.0,6.0,0.816106912879049
11219,52.0,35.0,4.0,0.0,2.0,1.0,2.0,4.0,2.0,3.0,1.48633358312316
13192,52.0,33.0,3.0,1.0,2.0,2.0,1.0,3.0,2.0,1.0,1.04772692529221
10745,52.0,56.0,6.0,1.0,6.0,2.0,2.0,1.0,2.0,4.0,0.610830538510117
9683,55.0,40.0,5.0,1.0,4.0,2.0,4.0,2.0,1.0,8.0,0.507179687472491
13952,60.0,59.0,5.0,0.0,6.0,1.0,4.0,2.0,3.0,4.0,0.727043658753675
12233,61.0,69.0,5.0,1.0,6.0,0.0,4.0,5.0,1.0,8.0,0.61009597887711
10343,44.0,59.0,5.0,1.0,2.0,3.0,1.0,1.0,1.0,2.0,0.849444025186348
12850,55.0,51.0,5.0,1.0,3.0,3.0,4.0,4.0,2.0,6.0,0.758724571000504
12471,38.0,46.0,4.0,0.0,4.0,1.0,,3.0,2.0,1.0,0.91619723475429
13938,20.0,26.0,5.0,1.0,3.0,2.0,1.0,1.0,1.0,1.0,1.38136062109385
13254,46.0,57.0,6.0,1.0,6.0,1.0,3.0,1.0,4.0,1.0,1.89678586805101
10541,55.0,51.0,,1.0,3.0,3.0,2.0,1.0,1.0,1.0,1.05361647377005
12088,34.0,65.0,5.0,0.0,2.0,1.0,1.0,5.0,1.0,1.0,1.1287682437664
11616,63.0,46.0,5.0,1.0,5.0,2.0,4.0,3.0,2.0,8.0,1.18403117717842
7264,50.0,41.0,3.0,0.0,3.0,1.0,,5.0,2.0,1.0,0.78694711061957
10746,55.0,50.0,4.0,0.0,5.0,0.0,,2.0,1.0,4.0,0.810065039460786
13861,68.0,61.0,6.0,1.0,4.0,2.0,4.0,2.0,2.0,8.0,1.4964915368866
12708,31.0,79.0,4.0,0.0,6.0,2.0,1.0,1.0,1.0,3.0,1.08275119059478
7847,48.0,39.0,5.0,0.0,2.0,1.0,1.0,5.0,2.0,1.0,0.907903091691429
8703,66.0,46.0,5.0,0.0,4.0,3.0,4.0,3.0,2.0,9.0,0.912070838014532
8509,58.0,44.0,4.0,1.0,6.0,1.0,4.0,5.0,2.0,9.0,2.83348283675147
12810,47.0,57.0,5.0,1.0,6.0,1.0,3.0,4.0,1.0,1.0,0.785892620419774
13211,50.0,45.0,5.0,0.0,2.0,2.0,,,2.0,1.0,0.754875914638548
11920,38.0,43.0,4.0,1.0,5.0,3.0,3.0,3.0,3.0,6.0,1.30167556469946
11617,55.0,46.0,5.0,0.0,3.0,2.0,4.0,2.0,1.0,8.0,1.03026163705584
13380,50.0,47.0,5.0,1.0,6.0,2.0,1.0,4.0,4.0,2.0,0.699312357668426
11073,49.0,38.0,5.0,0.0,5.0,2.0,4.0,3.0,3.0,3.0,0.727043658753675
12352,34.0,57.0,,1.0,5.0,1.0,1.0,2.0,2.0,1.0,1.04615075441984
13306,51.0,28.0,3.0,0.0,1.0,3.0,4.0,2.0,4.0,4.0,1.79179734117576
13807,46.0,49.0,5.0,,6.0,1.0,1.0,1.0,1.0,3.0,0.501238093815981
13859,69.0,55.0,5.0,0.0,4.0,1.0,3.0,1.0,2.0,3.0,1.14765427981845
12089,48.0,43.0,4.0,1.0,4.0,2.0,1.0,2.0,3.0,1.0,0.857919107505841
8704,60.0,52.0,6.0,1.0,6.0,3.0,4.0,4.0,1.0,9.0,0.350251580234444
12987,48.0,57.0,4.0,0.0,4.0,2.0,1.0,1.0,2.0,1.0,0.9894059715528312
12012,70.0,47.0,4.0,0.0,4.0,3.0,4.0,5.0,1.0,7.0,0.447015811053842
12416,43.0,44.0,5.0,1.0,4.0,2.0,1.0,3.0,1.0,2.0,0.934075404988798
13776,63.0,85.0,7.0,1.0,6.0,2.0,4.0,4.0,1.0,1.0,1.03661836902694
7265,42.0,25.0,4.0,0.0,4.0,3.0,2.0,5.0,4.0,9.0,1.83227545287778
9426,73.0,56.0,6.0,0.0,5.0,3.0,4.0,4.0,1.0,9.0,0.559483402770543
14138,52.0,34.0,,1.0,5.0,1.0,2.0,1.0,2.0,2.0,1.14031269638018
13193,49.0,46.0,4.0,1.0,3.0,1.0,3.0,4.0,2.0,3.0,0.791761603196638
12090,45.0,36.0,3.0,1.0,3.0,3.0,3.0,3.0,1.0,7.0,1.15419971789236
12517,66.0,58.0,5.0,1.0,4.0,3.0,3.0,1.0,1.0,5.0,0.420394640303392
10543,40.0,36.0,3.0,1.0,3.0,3.0,4.0,4.0,2.0,3.0,1.48719896276809
9175,73.0,54.0,5.0,1.0,6.0,3.0,4.0,4.0,2.0,7.0,0.761393741182775
13642,50.0,38.0,2.0,1.0,5.0,3.0,3.0,1.0,2.0,7.0,1.07406200041593
7165,41.0,42.0,4.0,0.0,4.0,0.0,,,,2.0,0.651464001800686
8119,17.0,76.0,3.0,1.0,3.0,3.0,1.0,4.0,3.0,1.0,0.91619723475429
10122,44.0,45.0,4.0,1.0,2.0,3.0,1.0,1.0,4.0,1.0,0.746220546756788
9909,63.0,50.0,6.0,0.0,5.0,3.0,4.0,4.0,2.0,6.0,0.474009408222484
13442,26.0,79.0,7.0,1.0,6.0,1.0,1.0,2.0,2.0,1.0,0.746220546756788
14062,54.0,53.0,6.0,0.0,4.0,1.0,2.0,2.0,1.0,4.0,1.74193463282114
10747,50.0,69.0,7.0,0.0,3.0,3.0,4.0,1.0,2.0,3.0,1.10776571313801
9910,57.0,44.0,5.0,0.0,4.0,1.0,,4.0,2.0,1.0,1.6940001573367
11921,25.0,58.0,4.0,1.0,3.0,1.0,3.0,1.0,1.0,2.0,0.767258977897187
12988,55.0,48.0,5.0,1.0,6.0,0.0,4.0,1.0,1.0,2.0,3.03713526660467
7222,49.0,42.0,5.0,1.0,4.0,2.0,4.0,3.0,2.0,5.0,2.04574589121999
13794,86.0,54.0,5.0,0.0,6.0,2.0,4.0,4.0,3.0,5.0,0.275429564712921
10902,55.0,56.0,4.0,1.0,6.0,3.0,3.0,1.0,3.0,7.0,0.311957311300171
12851,70.0,56.0,7.0,0.0,6.0,2.0,4.0,1.0,1.0,5.0,1.72797392732183
13044,52.0,42.0,4.0,1.0,5.0,3.0,4.0,1.0,2.0,4.0,1.6932807722327
10344,43.0,36.0,2.0,,1.0,3.0,1.0,3.0,3.0,2.0,1.35677725754482
12778,49.0,41.0,4.0,1.0,2.0,3.0,4.0,4.0,3.0,9.0,0.788397093004573
10748,46.0,37.0,2.0,1.0,3.0,2.0,,2.0,2.0,1.0,1.15146760390183
12091,47.0,46.0,4.0,1.0,3.0,2.0,4.0,4.0,3.0,5.0,0.861416462637923
13241,55.0,50.0,4.0,1.0,6.0,1.0,3.0,,1.0,2.0,1.52221857752155
12159,62.0,38.0,4.0,0.0,6.0,1.0,1.0,1.0,2.0,1.0,0.706641999904904
8294,57.0,42.0,4.0,1.0,4.0,2.0,3.0,3.0,3.0,3.0,0.719502949358097
8705,44.0,40.0,5.0,1.0,2.0,3.0,4.0,2.0,2.0,8.0,0.476962626107654
9176,62.0,44.0,6.0,0.0,4.0,3.0,4.0,3.0,1.0,9.0,1.25166225641748
13848,18.0,41.0,3.0,0.0,4.0,2.0,2.0,2.0,1.0,1.0,1.44486882725094
12472,53.0,53.0,5.0,1.0,5.0,3.0,3.0,3.0,2.0,8.0,0.649568136147109
7198,73.0,45.0,1.0,,,0.0,,,,4.0,1.18694151433828
14170,26.0,79.0,4.0,1.0,6.0,2.0,1.0,1.0,4.0,1.0,1.03661836902694
13789,50.0,43.0,5.0,1.0,1.0,1.0,1.0,2.0,2.0,1.0,1.35491118684286
9911,60.0,45.0,4.0,1.0,6.0,2.0,3.0,4.0,2.0,3.0,0.52969443125259
9177,29.0,33.0,4.0,1.0,4.0,2.0,1.0,1.0,2.0,4.0,1.88230056686826
7710,66.0,58.0,5.0,0.0,5.0,2.0,2.0,4.0,1.0,9.0,0.81423082828669
8510,58.0,70.0,5.0,1.0,6.0,3.0,4.0,4.0,2.0,1.0,0.536027336843294
8940,58.0,42.0,5.0,1.0,4.0,3.0,4.0,5.0,2.0,7.0,0.455329921278513
8511,45.0,35.0,4.0,1.0,5.0,2.0,2.0,5.0,2.0,7.0,1.39408258111177
12160,30.0,19.0,2.0,1.0,1.0,2.0,1.0,4.0,2.0,1.0,0.886236194528032
11722,46.0,58.0,5.0,0.0,4.0,3.0,1.0,5.0,1.0,2.0,1.24592730884034
13533,66.0,85.0,7.0,1.0,6.0,3.0,4.0,4.0,1.0,7.0,0.653187056673513
11350,29.0,49.0,6.0,0.0,1.0,2.0,,1.0,2.0,2.0,1.59572139648425
11074,50.0,49.0,5.0,,5.0,3.0,3.0,5.0,2.0,6.0,0.449989188448819
11351,52.0,50.0,5.0,1.0,5.0,1.0,4.0,4.0,1.0,8.0,1.38356801891259
12673,55.0,48.0,5.0,1.0,5.0,3.0,3.0,3.0,1.0,5.0,4.18642888185787
13098,46.0,41.0,5.0,1.0,5.0,3.0,4.0,2.0,3.0,4.0,1.19744957504286
11492,14.0,54.0,6.0,1.0,5.0,1.0,1.0,4.0,1.0,3.0,1.25995454009133
10544,43.0,42.0,3.0,0.0,2.0,2.0,,3.0,2.0,6.0,2.04574589121999
14017,47.0,28.0,2.0,0.0,4.0,3.0,1.0,2.0,2.0,5.0,0.549441687449981
12013,55.0,47.0,5.0,1.0,4.0,2.0,3.0,3.0,1.0,6.0,1.86538848362402
10903,19.0,27.0,1.0,1.0,1.0,3.0,1.0,2.0,3.0,3.0,0.92261813810591
11723,46.0,55.0,5.0,1.0,5.0,3.0,2.0,3.0,3.0,2.0,3.02986358553952
9427,58.0,57.0,5.0,1.0,6.0,3.0,,4.0,2.0,4.0,1.52074676076322
7988,68.0,82.0,,0.0,5.0,2.0,,3.0,1.0,1.0,1.35578538487171
13941,51.0,58.0,5.0,0.0,6.0,2.0,,3.0,4.0,1.0,2.3977374462641
9178,20.0,18.0,2.0,0.0,1.0,1.0,1.0,2.0,4.0,1.0,0.875270037099789
7989,66.0,82.0,6.0,1.0,6.0,1.0,3.0,2.0,1.0,4.0,1.88070694486384
12934,39.0,42.0,,0.0,3.0,1.0,,2.0,1.0,1.0,0.962664368189881
11827,32.0,22.0,3.0,0.0,1.0,2.0,1.0,3.0,1.0,3.0,0.485968589732175
8512,51.0,82.0,5.0,1.0,6.0,2.0,3.0,2.0,1.0,7.0,1.62618301046212
13337,49.0,40.0,2.0,0.0,5.0,2.0,2.0,2.0,2.0,1.0,0.867788161750329
14081,64.0,64.0,6.0,1.0,6.0,3.0,2.0,5.0,2.0,2.0,1.49609408533491
14053,67.0,51.0,4.0,1.0,6.0,2.0,4.0,2.0,1.0,3.0,0.613108792790043
11352,64.0,48.0,5.0,1.0,6.0,3.0,3.0,4.0,2.0,3.0,1.08238685671546
13424,81.0,57.0,5.0,0.0,6.0,2.0,4.0,3.0,1.0,9.0,0.569638346810918
10904,55.0,45.0,4.0,0.0,5.0,3.0,4.0,4.0,2.0,9.0,1.82781543602311
12748,57.0,54.0,4.0,1.0,5.0,1.0,2.0,3.0,2.0,4.0,0.613108792790043
13179,47.0,47.0,5.0,1.0,5.0,1.0,3.0,5.0,2.0,1.0,0.837233845884165
10545,55.0,42.0,4.0,1.0,4.0,2.0,3.0,5.0,3.0,7.0,0.509584107005468
10345,56.0,54.0,5.0,1.0,6.0,3.0,4.0,5.0,1.0,8.0,0.593477084713784
13994,50.0,67.0,6.0,1.0,6.0,3.0,,3.0,1.0,9.0,0.599007186554961
13328,54.0,44.0,4.0,0.0,3.0,1.0,4.0,4.0,3.0,2.0,0.479068573157367
10546,44.0,42.0,4.0,1.0,4.0,3.0,3.0,4.0,3.0,6.0,1.37568954521149
13912,60.0,54.0,6.0,1.0,5.0,3.0,4.0,2.0,1.0,6.0,3.38231093188158
12473,56.0,41.0,5.0,1.0,5.0,3.0,,3.0,1.0,6.0,0.709420711929261
12092,49.0,36.0,3.0,1.0,3.0,2.0,3.0,1.0,3.0,2.0,1.56383189548929
14122,21.0,43.0,4.0,0.0,3.0,3.0,1.0,1.0,2.0,2.0,1.00773235972176
7371,33.0,56.0,5.0,1.0,6.0,1.0,1.0,2.0,1.0,2.0,1.3175570943674
13291,50.0,26.0,2.0,1.0,3.0,1.0,2.0,3.0,2.0,1.0,1.60975819147801
10749,70.0,52.0,7.0,0.0,4.0,2.0,4.0,1.0,3.0,1.0,1.06661053440219
10905,58.0,52.0,5.0,0.0,5.0,2.0,1.0,1.0,1.0,2.0,1.07391978574731
12749,56.0,47.0,6.0,1.0,2.0,1.0,1.0,1.0,1.0,4.0,0.726026820269564
13242,52.0,41.0,5.0,1.0,4.0,2.0,,3.0,3.0,4.0,0.536623145481679
10346,63.0,63.0,6.0,1.0,6.0,3.0,4.0,4.0,1.0,9.0,0.761066354721724
12635,59.0,45.0,5.0,0.0,1.0,3.0,,2.0,1.0,1.0,1.13957106181866
8296,26.0,35.0,4.0,1.0,2.0,1.0,1.0,3.0,3.0,7.0,0.667865374082767
13142,50.0,40.0,4.0,0.0,2.0,3.0,,4.0,3.0,7.0,1.72033197102763
12161,56.0,57.0,5.0,1.0,3.0,3.0,4.0,3.0,2.0,7.0,0.645828968255132
11725,22.0,31.0,2.0,0.0,5.0,1.0,1.0,1.0,1.0,1.0,1.35511347421624
13317,68.0,58.0,6.0,1.0,5.0,3.0,4.0,3.0,1.0,6.0,0.993053929835278
13345,61.0,73.0,5.0,0.0,6.0,3.0,,5.0,1.0,5.0,1.04166707117125
10750,54.0,53.0,5.0,1.0,5.0,2.0,3.0,4.0,3.0,5.0,1.50330102451883
13127,33.0,42.0,3.0,0.0,4.0,3.0,1.0,3.0,2.0,2.0,1.97073341933331
13899,58.0,52.0,5.0,1.0,6.0,2.0,2.0,3.0,4.0,6.0,1.39370468972331
13143,62.0,57.0,6.0,1.0,4.0,2.0,4.0,1.0,2.0,8.0,1.03026163705584
11493,56.0,40.0,3.0,1.0,1.0,2.0,3.0,4.0,1.0,7.0,1.60807474643697
8941,29.0,56.0,6.0,0.0,5.0,1.0,1.0,3.0,1.0,3.0,1.52074676076322
13534,51.0,37.0,4.0,0.0,4.0,1.0,2.0,3.0,1.0,2.0,1.0328802780001
7990,44.0,32.0,4.0,1.0,4.0,3.0,4.0,5.0,1.0,8.0,0.6283353269512
13128,61.0,68.0,5.0,1.0,6.0,2.0,3.0,5.0,1.0,1.0,0.966709853040125
12559,57.0,70.0,5.0,0.0,5.0,2.0,3.0,3.0,1.0,1.0,0.785892620419774
11828,55.0,40.0,4.0,1.0,5.0,3.0,3.0,2.0,1.0,3.0,0.621050695483558
11075,33.0,44.0,5.0,1.0,3.0,3.0,1.0,3.0,2.0,1.0,0.395562927869133
11076,68.0,51.0,4.0,1.0,5.0,2.0,4.0,2.0,2.0,7.0,0.553999514288232
10347,40.0,45.0,7.0,1.0,3.0,1.0,1.0,1.0,4.0,1.0,3.37210461394737
11494,59.0,58.0,6.0,1.0,6.0,3.0,4.0,2.0,1.0,4.0,0.637861461914466
12750,65.0,55.0,6.0,1.0,6.0,2.0,4.0,2.0,3.0,7.0,0.292011668963639
10123,68.0,59.0,6.0,1.0,5.0,3.0,4.0,1.0,2.0,4.0,0.469976881797809
13429,41.0,50.0,5.0,1.0,6.0,3.0,2.0,3.0,3.0,4.0,0.628339608700304
13951,70.0,64.0,7.0,1.0,6.0,3.0,4.0,5.0,2.0,8.0,0.379483496644086
13020,37.0,41.0,4.0,1.0,5.0,3.0,1.0,2.0,3.0,2.0,0.699312357668426
10751,39.0,47.0,5.0,1.0,6.0,3.0,3.0,1.0,2.0,7.0,2.06200078257594
13997,40.0,64.0,6.0,0.0,2.0,2.0,1.0,1.0,1.0,8.0,1.16025126753351
13751,60.0,47.0,5.0,1.0,4.0,2.0,4.0,4.0,1.0,9.0,1.25166225641748
12417,53.0,36.0,4.0,1.0,4.0,2.0,,,,1.0,1.87976273796477
12093,64.0,70.0,5.0,1.0,4.0,2.0,4.0,1.0,1.0,1.0,1.02497629473908
13924,46.0,64.0,5.0,1.0,6.0,1.0,4.0,4.0,1.0,3.0,1.19081536531256
12234,52.0,54.0,5.0,1.0,1.0,2.0,2.0,1.0,1.0,1.0,0.584387116780064
13970,49.0,42.0,5.0,1.0,4.0,2.0,3.0,2.0,3.0,7.0,1.29732724204468
8706,55.0,45.0,5.0,1.0,3.0,2.0,4.0,4.0,2.0,7.0,0.558575927423101
10348,56.0,42.0,5.0,1.0,4.0,3.0,4.0,3.0,3.0,7.0,0.328091584841802
11495,59.0,49.0,5.0,1.0,3.0,3.0,3.0,1.0,1.0,2.0,0.620468881628156
12094,29.0,31.0,1.0,0.0,1.0,1.0,,1.0,2.0,3.0,1.69471620119762
13366,46.0,42.0,4.0,1.0,4.0,3.0,4.0,2.0,2.0,6.0,0.549441687449981
7992,37.0,61.0,6.0,1.0,2.0,3.0,1.0,5.0,2.0,7.0,0.946734876143412
10752,80.0,56.0,5.0,1.0,5.0,3.0,4.0,5.0,1.0,9.0,0.316835049611977
10349,65.0,85.0,7.0,1.0,6.0,2.0,4.0,4.0,1.0,8.0,0.496718722472221
11618,83.0,85.0,7.0,1.0,6.0,3.0,4.0,5.0,1.0,9.0,1.56389446220949
12971,52.0,43.0,5.0,0.0,3.0,2.0,4.0,2.0,3.0,8.0,0.545311540978087
13927,62.0,58.0,3.0,1.0,4.0,3.0,4.0,1.0,4.0,3.0,1.71653141942583
10753,23.0,50.0,3.0,1.0,2.0,2.0,1.0,1.0,2.0,3.0,1.46464867414718
7140,26.0,79.0,7.0,1.0,6.0,1.0,4.0,1.0,4.0,1.0,1.05361647377005
8942,67.0,54.0,4.0,0.0,4.0,2.0,4.0,2.0,1.0,9.0,0.766425950672803
10547,48.0,57.0,5.0,1.0,4.0,1.0,1.0,1.0,2.0,3.0,1.46464867414718
9428,56.0,49.0,4.0,1.0,5.0,3.0,4.0,4.0,2.0,7.0,1.24574946051044
9912,61.0,64.0,5.0,1.0,5.0,3.0,4.0,3.0,1.0,6.0,0.798293565365412
10124,36.0,31.0,4.0,1.0,4.0,1.0,1.0,1.0,3.0,1.0,0.582540898756436
13129,49.0,22.0,3.0,0.0,2.0,3.0,2.0,1.0,1.0,1.0,1.84349737387827
13103,14.0,79.0,7.0,1.0,1.0,3.0,1.0,5.0,1.0,9.0,2.15681680583234
8297,40.0,36.0,4.0,1.0,2.0,1.0,1.0,1.0,1.0,2.0,1.05361647377005
13998,51.0,49.0,5.0,1.0,5.0,3.0,2.0,4.0,3.0,2.0,0.843241523504834
9429,50.0,40.0,2.0,0.0,5.0,3.0,1.0,3.0,1.0,1.0,0.916928377111018
13578,47.0,44.0,6.0,1.0,4.0,3.0,2.0,3.0,1.0,3.0,1.10588802898466
12972,45.0,54.0,5.0,1.0,6.0,2.0,3.0,3.0,1.0,6.0,0.561879821287655
10906,69.0,67.0,6.0,1.0,6.0,3.0,4.0,4.0,1.0,9.0,1.89113703560343
12474,47.0,49.0,5.0,0.0,5.0,3.0,3.0,3.0,3.0,7.0,0.750097345299474
12636,49.0,39.0,3.0,1.0,5.0,1.0,3.0,3.0,2.0,3.0,0.494554698302228
14019,33.0,47.0,5.0,1.0,6.0,2.0,3.0,1.0,1.0,5.0,0.886952845737927
11077,51.0,48.0,5.0,0.0,3.0,3.0,1.0,2.0,3.0,2.0,0.631339476699961
7372,43.0,45.0,6.0,0.0,5.0,1.0,4.0,2.0,3.0,7.0,1.18761455431409
7723,55.0,29.0,4.0,1.0,4.0,2.0,2.0,3.0,2.0,6.0,0.863801178412165
12674,58.0,51.0,5.0,1.0,5.0,3.0,4.0,1.0,1.0,9.0,1.20715502099021
8513,54.0,85.0,6.0,1.0,6.0,0.0,,1.0,3.0,3.0,1.26436426015124
13222,40.0,45.0,4.0,0.0,3.0,1.0,1.0,3.0,2.0,4.0,1.23225092070707
7849,36.0,46.0,4.0,1.0,1.0,3.0,1.0,3.0,1.0,3.0,4.67275614296422
11078,26.0,44.0,4.0,0.0,1.0,1.0,2.0,4.0,2.0,1.0,1.37995888448903
7223,48.0,54.0,,1.0,5.0,1.0,1.0,4.0,2.0,2.0,2.01923127063829
12095,67.0,50.0,4.0,1.0,6.0,1.0,4.0,5.0,1.0,4.0,0.69090182132208
11922,54.0,47.0,5.0,,4.0,3.0,4.0,1.0,2.0,8.0,0.74140427117964
10907,48.0,35.0,4.0,0.0,2.0,1.0,1.0,3.0,2.0,2.0,0.504560998106955
12353,62.0,26.0,4.0,1.0,2.0,1.0,,2.0,1.0,8.0,1.74575919536164
13312,58.0,50.0,5.0,1.0,4.0,3.0,3.0,3.0,4.0,6.0,0.44954164511891
8707,49.0,42.0,5.0,0.0,4.0,3.0,3.0,3.0,3.0,6.0,1.48201304064024
12637,45.0,42.0,3.0,0.0,3.0,1.0,2.0,5.0,3.0,2.0,0.878184639383321
8708,50.0,41.0,1.0,0.0,1.0,2.0,4.0,2.0,1.0,8.0,1.02739909542937
13939,70.0,70.0,7.0,1.0,6.0,0.0,4.0,1.0,1.0,7.0,0.830441856686808
12709,60.0,51.0,4.0,1.0,4.0,2.0,4.0,3.0,1.0,7.0,0.459072921109433
9914,30.0,47.0,4.0,1.0,2.0,3.0,1.0,1.0,4.0,1.0,0.91230040768705
12959,47.0,49.0,5.0,1.0,6.0,3.0,4.0,1.0,2.0,4.0,1.46502401363087
13329,52.0,44.0,4.0,1.0,4.0,1.0,2.0,1.0,2.0,7.0,1.36454029094897
13171,43.0,51.0,4.0,1.0,2.0,3.0,3.0,4.0,1.0,6.0,0.886952845737927
10754,57.0,61.0,5.0,1.0,5.0,3.0,4.0,3.0,2.0,6.0,0.299912109276619
8120,43.0,45.0,4.0,0.0,3.0,3.0,3.0,4.0,3.0,8.0,1.39541367821625
13443,24.0,24.0,7.0,0.0,3.0,1.0,,1.0,1.0,5.0,0.657779360579778
13569,54.0,55.0,5.0,1.0,5.0,3.0,3.0,1.0,3.0,5.0,1.86307541548753
11497,86.0,63.0,5.0,1.0,6.0,3.0,4.0,2.0,2.0,9.0,1.89113703560343
11829,40.0,40.0,3.0,0.0,2.0,3.0,2.0,3.0,3.0,3.0,0.821098458274066
8944,26.0,79.0,3.0,1.0,6.0,3.0,2.0,1.0,4.0,1.0,0.875270037099789
9684,68.0,55.0,6.0,1.0,6.0,3.0,4.0,4.0,2.0,8.0,0.91483017002588
11498,68.0,36.0,2.0,1.0,6.0,2.0,4.0,3.0,1.0,8.0,0.954375326206464
13477,76.0,52.0,5.0,1.0,6.0,3.0,4.0,4.0,2.0,9.0,1.89113703560343
9181,49.0,52.0,5.0,1.0,4.0,3.0,2.0,,1.0,3.0,1.5726100195979
12779,58.0,60.0,5.0,0.0,5.0,3.0,4.0,3.0,1.0,6.0,0.489755738686264
12297,55.0,45.0,5.0,0.0,5.0,2.0,3.0,3.0,2.0,8.0,0.883212999612687
13488,30.0,38.0,5.0,1.0,3.0,3.0,,1.0,2.0,2.0,0.613999444508428
10125,44.0,38.0,3.0,0.0,5.0,2.0,1.0,3.0,3.0,6.0,0.563018371474035
12868,49.0,54.0,5.0,1.0,5.0,3.0,2.0,5.0,2.0,1.0,0.958740643097439
9685,49.0,46.0,4.0,1.0,4.0,3.0,3.0,3.0,2.0,7.0,0.557103400444956
13471,28.0,27.0,3.0,0.0,2.0,1.0,1.0,4.0,3.0,4.0,1.07793469287866
11619,40.0,43.0,5.0,1.0,2.0,2.0,1.0,1.0,2.0,3.0,0.723047991371658
11923,52.0,41.0,5.0,1.0,6.0,3.0,4.0,1.0,2.0,2.0,1.25067322996979
10755,54.0,40.0,3.0,0.0,4.0,3.0,4.0,5.0,2.0,7.0,0.342906326286879
9430,73.0,54.0,6.0,0.0,6.0,3.0,4.0,5.0,3.0,8.0,0.715445375492557
13231,32.0,31.0,1.0,0.0,4.0,2.0,2.0,4.0,2.0,1.0,0.92106494438221
13085,50.0,66.0,6.0,0.0,5.0,1.0,1.0,2.0,1.0,1.0,2.51808426695548
11830,60.0,55.0,6.0,1.0,6.0,2.0,2.0,5.0,3.0,7.0,1.16273326873017
9431,45.0,50.0,5.0,1.0,6.0,3.0,4.0,2.0,1.0,7.0,0.432273227410797
13144,58.0,63.0,6.0,1.0,6.0,3.0,3.0,3.0,1.0,1.0,1.57782250636267
11620,44.0,45.0,5.0,1.0,5.0,2.0,,2.0,1.0,3.0,2.56301814557639
11220,61.0,47.0,5.0,1.0,4.0,3.0,3.0,3.0,2.0,9.0,0.52250358439155
13118,59.0,59.0,6.0,1.0,4.0,1.0,,1.0,2.0,3.0,1.01521862421331
8709,59.0,51.0,4.0,1.0,5.0,2.0,4.0,5.0,1.0,9.0,1.136270396264
8515,46.0,54.0,6.0,0.0,4.0,2.0,1.0,4.0,1.0,4.0,1.22494101746236
8516,49.0,42.0,4.0,1.0,3.0,2.0,1.0,3.0,4.0,4.0,0.626489068428554
